solid CATIA STL
  facet normal  0.000000e+000  0.000000e+000  1.000000e+000
    outer loop
      vertex  1.969894e+001  2.069459e+001  9.000000e+000
      vertex  1.954686e+001  2.137424e+001  9.000000e+000
      vertex  1.975000e+001  2.000000e+001  9.000000e+000
    endloop
  endfacet
  facet normal  -0.000000e+000  0.000000e+000  1.000000e+000
    outer loop
      vertex  2.402500e+002  2.000000e+001  9.000000e+000
      vertex  2.387500e+002  2.000000e+001  9.000000e+000
      vertex  2.387500e+002  1.000000e+001  9.000000e+000
    endloop
  endfacet
  facet normal  0.000000e+000  -0.000000e+000  1.000000e+000
    outer loop
      vertex  2.125000e+001  1.000000e+001  9.000000e+000
      vertex  2.387500e+002  1.000000e+001  9.000000e+000
      vertex  2.387500e+002  2.000000e+001  9.000000e+000
    endloop
  endfacet
  facet normal  0.000000e+000  0.000000e+000  1.000000e+000
    outer loop
      vertex  2.125000e+001  1.000000e+001  9.000000e+000
      vertex  2.387500e+002  2.000000e+001  9.000000e+000
      vertex  2.125000e+001  2.000000e+001  9.000000e+000
    endloop
  endfacet
  facet normal  0.000000e+000  0.000000e+000  1.000000e+000
    outer loop
      vertex  2.125000e+001  1.000000e+001  9.000000e+000
      vertex  2.125000e+001  2.000000e+001  9.000000e+000
      vertex  1.975000e+001  2.000000e+001  9.000000e+000
    endloop
  endfacet
  facet normal  0.000000e+000  0.000000e+000  1.000000e+000
    outer loop
      vertex  2.125000e+001  1.000000e+001  9.000000e+000
      vertex  1.975000e+001  2.000000e+001  9.000000e+000
      vertex  2.125000e+001  0.000000e+000  9.000000e+000
    endloop
  endfacet
  facet normal  0.000000e+000  0.000000e+000  1.000000e+000
    outer loop
      vertex  2.125000e+001  0.000000e+000  9.000000e+000
      vertex  1.975000e+001  2.000000e+001  9.000000e+000
      vertex  1.954686e+001  2.137424e+001  9.000000e+000
    endloop
  endfacet
  facet normal  0.000000e+000  0.000000e+000  1.000000e+000
    outer loop
      vertex  2.125000e+001  0.000000e+000  9.000000e+000
      vertex  1.954686e+001  2.137424e+001  9.000000e+000
      vertex  1.929703e+001  2.202435e+001  9.000000e+000
    endloop
  endfacet
  facet normal  0.000000e+000  0.000000e+000  1.000000e+000
    outer loop
      vertex  2.125000e+001  0.000000e+000  9.000000e+000
      vertex  1.929703e+001  2.202435e+001  9.000000e+000
      vertex  1.895482e+001  2.263094e+001  9.000000e+000
    endloop
  endfacet
  facet normal  0.000000e+000  0.000000e+000  1.000000e+000
    outer loop
      vertex  2.125000e+001  0.000000e+000  9.000000e+000
      vertex  1.895482e+001  2.263094e+001  9.000000e+000
      vertex  1.852759e+001  2.318097e+001  9.000000e+000
    endloop
  endfacet
  facet normal  0.000000e+000  0.000000e+000  1.000000e+000
    outer loop
      vertex  2.125000e+001  0.000000e+000  9.000000e+000
      vertex  1.852759e+001  2.318097e+001  9.000000e+000
      vertex  1.802452e+001  2.366262e+001  9.000000e+000
    endloop
  endfacet
  facet normal  0.000000e+000  0.000000e+000  1.000000e+000
    outer loop
      vertex  2.125000e+001  0.000000e+000  9.000000e+000
      vertex  1.802452e+001  2.366262e+001  9.000000e+000
      vertex  1.745643e+001  2.406552e+001  9.000000e+000
    endloop
  endfacet
  facet normal  0.000000e+000  0.000000e+000  1.000000e+000
    outer loop
      vertex  2.125000e+001  0.000000e+000  9.000000e+000
      vertex  1.745643e+001  2.406552e+001  9.000000e+000
      vertex  1.683553e+001  2.438102e+001  9.000000e+000
    endloop
  endfacet
  facet normal  0.000000e+000  0.000000e+000  1.000000e+000
    outer loop
      vertex  2.125000e+001  0.000000e+000  9.000000e+000
      vertex  1.683553e+001  2.438102e+001  9.000000e+000
      vertex  1.617517e+001  2.460233e+001  9.000000e+000
    endloop
  endfacet
  facet normal  0.000000e+000  0.000000e+000  1.000000e+000
    outer loop
      vertex  2.125000e+001  0.000000e+000  9.000000e+000
      vertex  1.617517e+001  2.460233e+001  9.000000e+000
      vertex  1.548954e+001  2.472471e+001  9.000000e+000
    endloop
  endfacet
  facet normal  0.000000e+000  0.000000e+000  1.000000e+000
    outer loop
      vertex  2.125000e+001  0.000000e+000  9.000000e+000
      vertex  1.548954e+001  2.472471e+001  9.000000e+000
      vertex  1.479339e+001  2.474550e+001  9.000000e+000
    endloop
  endfacet
  facet normal  0.000000e+000  0.000000e+000  1.000000e+000
    outer loop
      vertex  2.125000e+001  0.000000e+000  9.000000e+000
      vertex  1.479339e+001  2.474550e+001  9.000000e+000
      vertex  1.410168e+001  2.466428e+001  9.000000e+000
    endloop
  endfacet
  facet normal  0.000000e+000  0.000000e+000  1.000000e+000
    outer loop
      vertex  2.125000e+001  0.000000e+000  9.000000e+000
      vertex  1.410168e+001  2.466428e+001  9.000000e+000
      vertex  1.342929e+001  2.448278e+001  9.000000e+000
    endloop
  endfacet
  facet normal  0.000000e+000  0.000000e+000  1.000000e+000
    outer loop
      vertex  2.125000e+001  0.000000e+000  9.000000e+000
      vertex  1.342929e+001  2.448278e+001  9.000000e+000
      vertex  1.279066e+001  2.420491e+001  9.000000e+000
    endloop
  endfacet
  facet normal  0.000000e+000  0.000000e+000  1.000000e+000
    outer loop
      vertex  2.125000e+001  0.000000e+000  9.000000e+000
      vertex  1.279066e+001  2.420491e+001  9.000000e+000
      vertex  1.219952e+001  2.383665e+001  9.000000e+000
    endloop
  endfacet
  facet normal  0.000000e+000  0.000000e+000  1.000000e+000
    outer loop
      vertex  2.125000e+001  0.000000e+000  9.000000e+000
      vertex  1.219952e+001  2.383665e+001  9.000000e+000
      vertex  1.166860e+001  2.338589e+001  9.000000e+000
    endloop
  endfacet
  facet normal  0.000000e+000  0.000000e+000  1.000000e+000
    outer loop
      vertex  2.125000e+001  0.000000e+000  9.000000e+000
      vertex  1.166860e+001  2.338589e+001  9.000000e+000
      vertex  1.120929e+001  2.286235e+001  9.000000e+000
    endloop
  endfacet
  facet normal  0.000000e+000  0.000000e+000  1.000000e+000
    outer loop
      vertex  2.125000e+001  0.000000e+000  9.000000e+000
      vertex  1.120929e+001  2.286235e+001  9.000000e+000
      vertex  1.083148e+001  2.227727e+001  9.000000e+000
    endloop
  endfacet
  facet normal  0.000000e+000  0.000000e+000  1.000000e+000
    outer loop
      vertex  2.125000e+001  0.000000e+000  9.000000e+000
      vertex  1.083148e+001  2.227727e+001  9.000000e+000
      vertex  1.058009e+001  2.173979e+001  9.000000e+000
    endloop
  endfacet
  facet normal  0.000000e+000  0.000000e+000  9.999999e-001
    outer loop
      vertex  2.125000e+001  0.000000e+000  9.000000e+000
      vertex  1.058009e+001  2.173979e+001  9.000000e+000
      vertex  1.039767e+001  2.117517e+001  9.000000e+000
    endloop
  endfacet
  facet normal  0.000000e+000  0.000000e+000  1.000000e+000
    outer loop
      vertex  2.125000e+001  0.000000e+000  9.000000e+000
      vertex  1.039767e+001  2.117517e+001  9.000000e+000
      vertex  1.028706e+001  2.059221e+001  9.000000e+000
    endloop
  endfacet
  facet normal  0.000000e+000  0.000000e+000  1.000000e+000
    outer loop
      vertex  2.125000e+001  0.000000e+000  9.000000e+000
      vertex  1.028706e+001  2.059221e+001  9.000000e+000
      vertex  1.025000e+001  2.000000e+001  9.000000e+000
    endloop
  endfacet
  facet normal  0.000000e+000  0.000000e+000  1.000000e+000
    outer loop
      vertex  2.125000e+001  0.000000e+000  9.000000e+000
      vertex  1.025000e+001  2.000000e+001  9.000000e+000
      vertex  8.750000e+000  2.000000e+001  9.000000e+000
    endloop
  endfacet
  facet normal  0.000000e+000  0.000000e+000  1.000000e+000
    outer loop
      vertex  2.125000e+001  0.000000e+000  9.000000e+000
      vertex  8.750000e+000  2.000000e+001  9.000000e+000
      vertex  8.750000e+000  0.000000e+000  9.000000e+000
    endloop
  endfacet
  facet normal  0.000000e+000  0.000000e+000  1.000000e+000
    outer loop
      vertex  2.497500e+002  2.000000e+001  9.000000e+000
      vertex  2.497129e+002  2.059221e+001  9.000000e+000
      vertex  2.496023e+002  2.117517e+001  9.000000e+000
    endloop
  endfacet
  facet normal  0.000000e+000  0.000000e+000  1.000000e+000
    outer loop
      vertex  2.497500e+002  2.000000e+001  9.000000e+000
      vertex  2.496023e+002  2.117517e+001  9.000000e+000
      vertex  2.494199e+002  2.173979e+001  9.000000e+000
    endloop
  endfacet
  facet normal  0.000000e+000  0.000000e+000  1.000000e+000
    outer loop
      vertex  2.497500e+002  2.000000e+001  9.000000e+000
      vertex  2.494199e+002  2.173979e+001  9.000000e+000
      vertex  2.491685e+002  2.227727e+001  9.000000e+000
    endloop
  endfacet
  facet normal  0.000000e+000  0.000000e+000  1.000000e+000
    outer loop
      vertex  2.497500e+002  2.000000e+001  9.000000e+000
      vertex  2.491685e+002  2.227727e+001  9.000000e+000
      vertex  2.487907e+002  2.286235e+001  9.000000e+000
    endloop
  endfacet
  facet normal  0.000000e+000  0.000000e+000  1.000000e+000
    outer loop
      vertex  2.497500e+002  2.000000e+001  9.000000e+000
      vertex  2.487907e+002  2.286235e+001  9.000000e+000
      vertex  2.483314e+002  2.338589e+001  9.000000e+000
    endloop
  endfacet
  facet normal  0.000000e+000  0.000000e+000  1.000000e+000
    outer loop
      vertex  2.497500e+002  2.000000e+001  9.000000e+000
      vertex  2.483314e+002  2.338589e+001  9.000000e+000
      vertex  2.478005e+002  2.383665e+001  9.000000e+000
    endloop
  endfacet
  facet normal  0.000000e+000  0.000000e+000  1.000000e+000
    outer loop
      vertex  2.497500e+002  2.000000e+001  9.000000e+000
      vertex  2.478005e+002  2.383665e+001  9.000000e+000
      vertex  2.472094e+002  2.420491e+001  9.000000e+000
    endloop
  endfacet
  facet normal  0.000000e+000  0.000000e+000  1.000000e+000
    outer loop
      vertex  2.497500e+002  2.000000e+001  9.000000e+000
      vertex  2.472094e+002  2.420491e+001  9.000000e+000
      vertex  2.465707e+002  2.448278e+001  9.000000e+000
    endloop
  endfacet
  facet normal  0.000000e+000  0.000000e+000  1.000000e+000
    outer loop
      vertex  2.497500e+002  2.000000e+001  9.000000e+000
      vertex  2.465707e+002  2.448278e+001  9.000000e+000
      vertex  2.458983e+002  2.466428e+001  9.000000e+000
    endloop
  endfacet
  facet normal  0.000000e+000  0.000000e+000  1.000000e+000
    outer loop
      vertex  2.497500e+002  2.000000e+001  9.000000e+000
      vertex  2.458983e+002  2.466428e+001  9.000000e+000
      vertex  2.452066e+002  2.474550e+001  9.000000e+000
    endloop
  endfacet
  facet normal  0.000000e+000  0.000000e+000  1.000000e+000
    outer loop
      vertex  2.497500e+002  2.000000e+001  9.000000e+000
      vertex  2.452066e+002  2.474550e+001  9.000000e+000
      vertex  2.445105e+002  2.472471e+001  9.000000e+000
    endloop
  endfacet
  facet normal  0.000000e+000  0.000000e+000  9.999999e-001
    outer loop
      vertex  2.497500e+002  2.000000e+001  9.000000e+000
      vertex  2.445105e+002  2.472471e+001  9.000000e+000
      vertex  2.438248e+002  2.460233e+001  9.000000e+000
    endloop
  endfacet
  facet normal  0.000000e+000  0.000000e+000  1.000000e+000
    outer loop
      vertex  2.497500e+002  2.000000e+001  9.000000e+000
      vertex  2.438248e+002  2.460233e+001  9.000000e+000
      vertex  2.431645e+002  2.438102e+001  9.000000e+000
    endloop
  endfacet
  facet normal  0.000000e+000  0.000000e+000  1.000000e+000
    outer loop
      vertex  2.497500e+002  2.000000e+001  9.000000e+000
      vertex  2.431645e+002  2.438102e+001  9.000000e+000
      vertex  2.425436e+002  2.406552e+001  9.000000e+000
    endloop
  endfacet
  facet normal  0.000000e+000  0.000000e+000  1.000000e+000
    outer loop
      vertex  2.497500e+002  2.000000e+001  9.000000e+000
      vertex  2.425436e+002  2.406552e+001  9.000000e+000
      vertex  2.419755e+002  2.366262e+001  9.000000e+000
    endloop
  endfacet
  facet normal  0.000000e+000  0.000000e+000  1.000000e+000
    outer loop
      vertex  2.497500e+002  2.000000e+001  9.000000e+000
      vertex  2.419755e+002  2.366262e+001  9.000000e+000
      vertex  2.414724e+002  2.318097e+001  9.000000e+000
    endloop
  endfacet
  facet normal  0.000000e+000  0.000000e+000  1.000000e+000
    outer loop
      vertex  2.497500e+002  2.000000e+001  9.000000e+000
      vertex  2.414724e+002  2.318097e+001  9.000000e+000
      vertex  2.410452e+002  2.263094e+001  9.000000e+000
    endloop
  endfacet
  facet normal  0.000000e+000  0.000000e+000  1.000000e+000
    outer loop
      vertex  2.497500e+002  2.000000e+001  9.000000e+000
      vertex  2.410452e+002  2.263094e+001  9.000000e+000
      vertex  2.407030e+002  2.202435e+001  9.000000e+000
    endloop
  endfacet
  facet normal  0.000000e+000  0.000000e+000  1.000000e+000
    outer loop
      vertex  2.497500e+002  2.000000e+001  9.000000e+000
      vertex  2.407030e+002  2.202435e+001  9.000000e+000
      vertex  2.404531e+002  2.137424e+001  9.000000e+000
    endloop
  endfacet
  facet normal  0.000000e+000  0.000000e+000  1.000000e+000
    outer loop
      vertex  2.497500e+002  2.000000e+001  9.000000e+000
      vertex  2.404531e+002  2.137424e+001  9.000000e+000
      vertex  2.403011e+002  2.069459e+001  9.000000e+000
    endloop
  endfacet
  facet normal  0.000000e+000  0.000000e+000  1.000000e+000
    outer loop
      vertex  2.497500e+002  2.000000e+001  9.000000e+000
      vertex  2.403011e+002  2.069459e+001  9.000000e+000
      vertex  2.402500e+002  2.000000e+001  9.000000e+000
    endloop
  endfacet
  facet normal  -0.000000e+000  0.000000e+000  1.000000e+000
    outer loop
      vertex  2.497500e+002  2.000000e+001  9.000000e+000
      vertex  2.402500e+002  2.000000e+001  9.000000e+000
      vertex  2.387500e+002  1.000000e+001  9.000000e+000
    endloop
  endfacet
  facet normal  -0.000000e+000  0.000000e+000  9.999999e-001
    outer loop
      vertex  2.497500e+002  2.000000e+001  9.000000e+000
      vertex  2.387500e+002  1.000000e+001  9.000000e+000
      vertex  2.387500e+002  0.000000e+000  9.000000e+000
    endloop
  endfacet
  facet normal  0.000000e+000  0.000000e+000  1.000000e+000
    outer loop
      vertex  2.497500e+002  2.000000e+001  9.000000e+000
      vertex  2.387500e+002  0.000000e+000  9.000000e+000
      vertex  2.512500e+002  0.000000e+000  9.000000e+000
    endloop
  endfacet
  facet normal  0.000000e+000  -0.000000e+000  1.000000e+000
    outer loop
      vertex  2.497500e+002  2.000000e+001  9.000000e+000
      vertex  2.512500e+002  0.000000e+000  9.000000e+000
      vertex  2.512500e+002  2.000000e+001  9.000000e+000
    endloop
  endfacet
  facet normal  0.000000e+000 -1.000000e+000  0.000000e+000
    outer loop
      vertex  2.387500e+002  2.000000e+001  1.900000e+001
      vertex  1.975000e+001  2.000000e+001  9.000000e+000
      vertex  2.125000e+001  2.000000e+001  9.000000e+000
    endloop
  endfacet
  facet normal  0.000000e+000 -1.000000e+000  0.000000e+000
    outer loop
      vertex  2.387500e+002  2.000000e+001  1.900000e+001
      vertex  2.125000e+001  2.000000e+001  9.000000e+000
      vertex  2.387500e+002  2.000000e+001  9.000000e+000
    endloop
  endfacet
  facet normal  0.000000e+000 -1.000000e+000  0.000000e+000
    outer loop
      vertex  2.387500e+002  2.000000e+001  1.900000e+001
      vertex  2.387500e+002  2.000000e+001  9.000000e+000
      vertex  2.402500e+002  2.000000e+001  9.000000e+000
    endloop
  endfacet
  facet normal  0.000000e+000 -1.000000e+000  0.000000e+000
    outer loop
      vertex  2.387500e+002  2.000000e+001  1.900000e+001
      vertex  2.402500e+002  2.000000e+001  9.000000e+000
      vertex  2.402500e+002  2.000000e+001  4.700000e+001
    endloop
  endfacet
  facet normal  -0.000000e+000 -1.000000e+000  0.000000e+000
    outer loop
      vertex  2.387500e+002  2.000000e+001  1.900000e+001
      vertex  2.402500e+002  2.000000e+001  4.700000e+001
      vertex  2.387500e+002  2.000000e+001  4.700000e+001
    endloop
  endfacet
  facet normal  -0.000000e+000 -1.000000e+000  0.000000e+000
    outer loop
      vertex  1.975000e+001  2.000000e+001  9.000000e+000
      vertex  2.387500e+002  2.000000e+001  1.900000e+001
      vertex  1.800000e+002  2.000000e+001  1.900000e+001
    endloop
  endfacet
  facet normal  -0.000000e+000 -1.000000e+000  0.000000e+000
    outer loop
      vertex  1.975000e+001  2.000000e+001  9.000000e+000
      vertex  1.800000e+002  2.000000e+001  1.900000e+001
      vertex  1.600000e+002  2.000000e+001  1.900000e+001
    endloop
  endfacet
  facet normal  -0.000000e+000 -1.000000e+000  0.000000e+000
    outer loop
      vertex  1.975000e+001  2.000000e+001  9.000000e+000
      vertex  1.600000e+002  2.000000e+001  1.900000e+001
      vertex  1.000000e+002  2.000000e+001  1.900000e+001
    endloop
  endfacet
  facet normal  -0.000000e+000 -1.000000e+000  0.000000e+000
    outer loop
      vertex  1.975000e+001  2.000000e+001  9.000000e+000
      vertex  1.000000e+002  2.000000e+001  1.900000e+001
      vertex  8.000000e+001  2.000000e+001  1.900000e+001
    endloop
  endfacet
  facet normal  -0.000000e+000 -1.000000e+000  0.000000e+000
    outer loop
      vertex  1.975000e+001  2.000000e+001  9.000000e+000
      vertex  8.000000e+001  2.000000e+001  1.900000e+001
      vertex  2.125000e+001  2.000000e+001  1.900000e+001
    endloop
  endfacet
  facet normal  -0.000000e+000 -1.000000e+000  0.000000e+000
    outer loop
      vertex  1.975000e+001  2.000000e+001  9.000000e+000
      vertex  2.125000e+001  2.000000e+001  1.900000e+001
      vertex  2.125000e+001  2.000000e+001  4.700000e+001
    endloop
  endfacet
  facet normal  -0.000000e+000 -1.000000e+000  0.000000e+000
    outer loop
      vertex  1.975000e+001  2.000000e+001  9.000000e+000
      vertex  2.125000e+001  2.000000e+001  4.700000e+001
      vertex  1.975000e+001  2.000000e+001  4.700000e+001
    endloop
  endfacet
  facet normal  0.000000e+000 -1.000000e+000  0.000000e+000
    outer loop
      vertex  8.000000e+001  2.000000e+001  1.900000e+001
      vertex  1.000000e+002  2.000000e+001  1.900000e+001
      vertex  8.000000e+001  2.000000e+001  2.500000e+001
    endloop
  endfacet
  facet normal  0.000000e+000 -1.000000e+000  0.000000e+000
    outer loop
      vertex  8.000000e+001  2.000000e+001  2.500000e+001
      vertex  1.000000e+002  2.000000e+001  1.900000e+001
      vertex  1.000000e+002  2.000000e+001  2.500000e+001
    endloop
  endfacet
  facet normal  0.000000e+000 -1.000000e+000  0.000000e+000
    outer loop
      vertex  1.600000e+002  2.000000e+001  1.900000e+001
      vertex  1.800000e+002  2.000000e+001  1.900000e+001
      vertex  1.600000e+002  2.000000e+001  2.500000e+001
    endloop
  endfacet
  facet normal  0.000000e+000 -1.000000e+000  0.000000e+000
    outer loop
      vertex  1.600000e+002  2.000000e+001  2.500000e+001
      vertex  1.800000e+002  2.000000e+001  1.900000e+001
      vertex  1.800000e+002  2.000000e+001  2.500000e+001
    endloop
  endfacet
  facet normal  0.000000e+000  1.000000e+000  0.000000e+000
    outer loop
      vertex  2.387500e+002  1.000000e+001  9.000000e+000
      vertex  2.125000e+001  1.000000e+001  9.000000e+000
      vertex  2.125000e+001  1.000000e+001  1.900000e+001
    endloop
  endfacet
  facet normal  -0.000000e+000  1.000000e+000  0.000000e+000
    outer loop
      vertex  2.387500e+002  1.000000e+001  9.000000e+000
      vertex  2.125000e+001  1.000000e+001  1.900000e+001
      vertex  8.000000e+001  1.000000e+001  1.900000e+001
    endloop
  endfacet
  facet normal  -0.000000e+000  1.000000e+000  0.000000e+000
    outer loop
      vertex  2.387500e+002  1.000000e+001  9.000000e+000
      vertex  8.000000e+001  1.000000e+001  1.900000e+001
      vertex  1.000000e+002  1.000000e+001  1.900000e+001
    endloop
  endfacet
  facet normal  -0.000000e+000  1.000000e+000  0.000000e+000
    outer loop
      vertex  2.387500e+002  1.000000e+001  9.000000e+000
      vertex  1.000000e+002  1.000000e+001  1.900000e+001
      vertex  1.600000e+002  1.000000e+001  1.900000e+001
    endloop
  endfacet
  facet normal  -0.000000e+000  1.000000e+000  0.000000e+000
    outer loop
      vertex  2.387500e+002  1.000000e+001  9.000000e+000
      vertex  1.600000e+002  1.000000e+001  1.900000e+001
      vertex  1.800000e+002  1.000000e+001  1.900000e+001
    endloop
  endfacet
  facet normal  -0.000000e+000  1.000000e+000  0.000000e+000
    outer loop
      vertex  2.387500e+002  1.000000e+001  9.000000e+000
      vertex  1.800000e+002  1.000000e+001  1.900000e+001
      vertex  2.387500e+002  1.000000e+001  1.900000e+001
    endloop
  endfacet
  facet normal  0.000000e+000  1.000000e+000  0.000000e+000
    outer loop
      vertex  8.000000e+001  1.000000e+001  1.900000e+001
      vertex  8.000000e+001  1.000000e+001  2.500000e+001
      vertex  1.000000e+002  1.000000e+001  1.900000e+001
    endloop
  endfacet
  facet normal  0.000000e+000  1.000000e+000  -0.000000e+000
    outer loop
      vertex  1.000000e+002  1.000000e+001  1.900000e+001
      vertex  8.000000e+001  1.000000e+001  2.500000e+001
      vertex  1.000000e+002  1.000000e+001  2.500000e+001
    endloop
  endfacet
  facet normal  0.000000e+000  1.000000e+000  0.000000e+000
    outer loop
      vertex  1.600000e+002  1.000000e+001  1.900000e+001
      vertex  1.600000e+002  1.000000e+001  2.500000e+001
      vertex  1.800000e+002  1.000000e+001  1.900000e+001
    endloop
  endfacet
  facet normal  0.000000e+000  1.000000e+000  -0.000000e+000
    outer loop
      vertex  1.800000e+002  1.000000e+001  1.900000e+001
      vertex  1.600000e+002  1.000000e+001  2.500000e+001
      vertex  1.800000e+002  1.000000e+001  2.500000e+001
    endloop
  endfacet
  facet normal  1.000000e+000  -0.000000e+000  0.000000e+000
    outer loop
      vertex  8.000000e+001  2.000000e+001  2.500000e+001
      vertex  8.000000e+001  1.000000e+001  2.500000e+001
      vertex  8.000000e+001  2.000000e+001  1.900000e+001
    endloop
  endfacet
  facet normal  1.000000e+000  0.000000e+000  0.000000e+000
    outer loop
      vertex  8.000000e+001  2.000000e+001  1.900000e+001
      vertex  8.000000e+001  1.000000e+001  2.500000e+001
      vertex  8.000000e+001  1.000000e+001  1.900000e+001
    endloop
  endfacet
  facet normal -1.000000e+000  -0.000000e+000  0.000000e+000
    outer loop
      vertex  1.000000e+002  1.000000e+001  2.500000e+001
      vertex  1.000000e+002  2.000000e+001  2.500000e+001
      vertex  1.000000e+002  1.000000e+001  1.900000e+001
    endloop
  endfacet
  facet normal -1.000000e+000  0.000000e+000  0.000000e+000
    outer loop
      vertex  1.000000e+002  1.000000e+001  1.900000e+001
      vertex  1.000000e+002  2.000000e+001  2.500000e+001
      vertex  1.000000e+002  2.000000e+001  1.900000e+001
    endloop
  endfacet
  facet normal  -0.000000e+000  0.000000e+000  1.000000e+000
    outer loop
      vertex  2.300000e+002  2.500000e+001  2.500000e+001
      vertex  3.000000e+001  2.500000e+001  2.500000e+001
      vertex  8.000000e+001  2.000000e+001  2.500000e+001
    endloop
  endfacet
  facet normal  0.000000e+000  0.000000e+000  1.000000e+000
    outer loop
      vertex  2.300000e+002  2.500000e+001  2.500000e+001
      vertex  8.000000e+001  2.000000e+001  2.500000e+001
      vertex  1.000000e+002  2.000000e+001  2.500000e+001
    endloop
  endfacet
  facet normal  0.000000e+000  0.000000e+000  1.000000e+000
    outer loop
      vertex  2.300000e+002  2.500000e+001  2.500000e+001
      vertex  1.000000e+002  2.000000e+001  2.500000e+001
      vertex  1.600000e+002  2.000000e+001  2.500000e+001
    endloop
  endfacet
  facet normal  0.000000e+000  0.000000e+000  1.000000e+000
    outer loop
      vertex  2.300000e+002  2.500000e+001  2.500000e+001
      vertex  1.600000e+002  2.000000e+001  2.500000e+001
      vertex  1.800000e+002  2.000000e+001  2.500000e+001
    endloop
  endfacet
  facet normal  -0.000000e+000  0.000000e+000  1.000000e+000
    outer loop
      vertex  2.300000e+002  2.500000e+001  2.500000e+001
      vertex  1.800000e+002  2.000000e+001  2.500000e+001
      vertex  1.800000e+002  1.000000e+001  2.500000e+001
    endloop
  endfacet
  facet normal  -0.000000e+000  0.000000e+000  1.000000e+000
    outer loop
      vertex  2.300000e+002  2.500000e+001  2.500000e+001
      vertex  1.800000e+002  1.000000e+001  2.500000e+001
      vertex  2.300000e+002  5.000000e+000  2.500000e+001
    endloop
  endfacet
  facet normal  0.000000e+000  0.000000e+000  1.000000e+000
    outer loop
      vertex  2.300000e+002  5.000000e+000  2.500000e+001
      vertex  1.800000e+002  1.000000e+001  2.500000e+001
      vertex  1.600000e+002  1.000000e+001  2.500000e+001
    endloop
  endfacet
  facet normal  0.000000e+000  0.000000e+000  1.000000e+000
    outer loop
      vertex  2.300000e+002  5.000000e+000  2.500000e+001
      vertex  1.600000e+002  1.000000e+001  2.500000e+001
      vertex  1.000000e+002  1.000000e+001  2.500000e+001
    endloop
  endfacet
  facet normal  0.000000e+000  0.000000e+000  1.000000e+000
    outer loop
      vertex  2.300000e+002  5.000000e+000  2.500000e+001
      vertex  1.000000e+002  1.000000e+001  2.500000e+001
      vertex  8.000000e+001  1.000000e+001  2.500000e+001
    endloop
  endfacet
  facet normal  0.000000e+000  0.000000e+000  1.000000e+000
    outer loop
      vertex  2.300000e+002  5.000000e+000  2.500000e+001
      vertex  8.000000e+001  1.000000e+001  2.500000e+001
      vertex  3.000000e+001  5.000000e+000  2.500000e+001
    endloop
  endfacet
  facet normal  0.000000e+000  0.000000e+000  1.000000e+000
    outer loop
      vertex  1.000000e+002  1.000000e+001  2.500000e+001
      vertex  1.600000e+002  1.000000e+001  2.500000e+001
      vertex  1.000000e+002  2.000000e+001  2.500000e+001
    endloop
  endfacet
  facet normal  -0.000000e+000  0.000000e+000  1.000000e+000
    outer loop
      vertex  1.000000e+002  2.000000e+001  2.500000e+001
      vertex  1.600000e+002  1.000000e+001  2.500000e+001
      vertex  1.600000e+002  2.000000e+001  2.500000e+001
    endloop
  endfacet
  facet normal  0.000000e+000  0.000000e+000  1.000000e+000
    outer loop
      vertex  8.000000e+001  2.000000e+001  2.500000e+001
      vertex  3.000000e+001  2.500000e+001  2.500000e+001
      vertex  8.000000e+001  1.000000e+001  2.500000e+001
    endloop
  endfacet
  facet normal  0.000000e+000  0.000000e+000  1.000000e+000
    outer loop
      vertex  8.000000e+001  1.000000e+001  2.500000e+001
      vertex  3.000000e+001  2.500000e+001  2.500000e+001
      vertex  3.000000e+001  5.000000e+000  2.500000e+001
    endloop
  endfacet
  facet normal  -0.000000e+000  0.000000e+000 -1.000000e+000
    outer loop
      vertex  1.000000e+002  2.000000e+001  1.900000e+001
      vertex  1.600000e+002  2.000000e+001  1.900000e+001
      vertex  1.000000e+002  1.000000e+001  1.900000e+001
    endloop
  endfacet
  facet normal  0.000000e+000  0.000000e+000 -1.000000e+000
    outer loop
      vertex  1.000000e+002  1.000000e+001  1.900000e+001
      vertex  1.600000e+002  2.000000e+001  1.900000e+001
      vertex  1.600000e+002  1.000000e+001  1.900000e+001
    endloop
  endfacet
  facet normal  -0.000000e+000  0.000000e+000 -1.000000e+000
    outer loop
      vertex  2.125000e+001  2.000000e+001  1.900000e+001
      vertex  8.000000e+001  2.000000e+001  1.900000e+001
      vertex  2.125000e+001  1.000000e+001  1.900000e+001
    endloop
  endfacet
  facet normal  0.000000e+000  0.000000e+000 -1.000000e+000
    outer loop
      vertex  2.125000e+001  1.000000e+001  1.900000e+001
      vertex  8.000000e+001  2.000000e+001  1.900000e+001
      vertex  8.000000e+001  1.000000e+001  1.900000e+001
    endloop
  endfacet
  facet normal  1.000000e+000  -0.000000e+000  0.000000e+000
    outer loop
      vertex  1.600000e+002  2.000000e+001  2.500000e+001
      vertex  1.600000e+002  1.000000e+001  2.500000e+001
      vertex  1.600000e+002  2.000000e+001  1.900000e+001
    endloop
  endfacet
  facet normal  1.000000e+000  0.000000e+000  0.000000e+000
    outer loop
      vertex  1.600000e+002  2.000000e+001  1.900000e+001
      vertex  1.600000e+002  1.000000e+001  2.500000e+001
      vertex  1.600000e+002  1.000000e+001  1.900000e+001
    endloop
  endfacet
  facet normal -1.000000e+000  -0.000000e+000  0.000000e+000
    outer loop
      vertex  1.800000e+002  1.000000e+001  2.500000e+001
      vertex  1.800000e+002  2.000000e+001  2.500000e+001
      vertex  1.800000e+002  1.000000e+001  1.900000e+001
    endloop
  endfacet
  facet normal -1.000000e+000  0.000000e+000  0.000000e+000
    outer loop
      vertex  1.800000e+002  1.000000e+001  1.900000e+001
      vertex  1.800000e+002  2.000000e+001  2.500000e+001
      vertex  1.800000e+002  2.000000e+001  1.900000e+001
    endloop
  endfacet
  facet normal  -0.000000e+000  0.000000e+000 -1.000000e+000
    outer loop
      vertex  1.800000e+002  2.000000e+001  1.900000e+001
      vertex  2.387500e+002  2.000000e+001  1.900000e+001
      vertex  1.800000e+002  1.000000e+001  1.900000e+001
    endloop
  endfacet
  facet normal  0.000000e+000  0.000000e+000 -1.000000e+000
    outer loop
      vertex  1.800000e+002  1.000000e+001  1.900000e+001
      vertex  2.387500e+002  2.000000e+001  1.900000e+001
      vertex  2.387500e+002  1.000000e+001  1.900000e+001
    endloop
  endfacet
  facet normal  1.000000e+000  -0.000000e+000  0.000000e+000
    outer loop
      vertex  2.387500e+002  2.000000e+001  4.700000e+001
      vertex  2.387500e+002  0.000000e+000  4.700000e+001
      vertex  2.387500e+002  2.000000e+001  1.900000e+001
    endloop
  endfacet
  facet normal  1.000000e+000  0.000000e+000  0.000000e+000
    outer loop
      vertex  2.387500e+002  2.000000e+001  1.900000e+001
      vertex  2.387500e+002  0.000000e+000  4.700000e+001
      vertex  2.387500e+002  1.000000e+001  1.900000e+001
    endloop
  endfacet
  facet normal  1.000000e+000  0.000000e+000  0.000000e+000
    outer loop
      vertex  2.387500e+002  0.000000e+000  4.700000e+001
      vertex  2.387500e+002  0.000000e+000  9.000000e+000
      vertex  2.387500e+002  1.000000e+001  1.900000e+001
    endloop
  endfacet
  facet normal  1.000000e+000  0.000000e+000  0.000000e+000
    outer loop
      vertex  2.387500e+002  1.000000e+001  1.900000e+001
      vertex  2.387500e+002  0.000000e+000  9.000000e+000
      vertex  2.387500e+002  1.000000e+001  9.000000e+000
    endloop
  endfacet
  facet normal -1.000000e+000  0.000000e+000  0.000000e+000
    outer loop
      vertex  2.300000e+002  2.500000e+001  2.500000e+001
      vertex  2.300000e+002  3.000000e+001  0.000000e+000
      vertex  2.300000e+002  2.500000e+001  0.000000e+000
    endloop
  endfacet
  facet normal -1.000000e+000  0.000000e+000  0.000000e+000
    outer loop
      vertex  2.300000e+002  3.000000e+001  0.000000e+000
      vertex  2.300000e+002  2.500000e+001  2.500000e+001
      vertex  2.300000e+002  3.000000e+001  5.000000e+001
    endloop
  endfacet
  facet normal -1.000000e+000  0.000000e+000  0.000000e+000
    outer loop
      vertex  2.300000e+002  3.000000e+001  5.000000e+001
      vertex  2.300000e+002  2.500000e+001  2.500000e+001
      vertex  2.300000e+002  5.000000e+000  2.500000e+001
    endloop
  endfacet
  facet normal -1.000000e+000  0.000000e+000  0.000000e+000
    outer loop
      vertex  2.300000e+002  3.000000e+001  5.000000e+001
      vertex  2.300000e+002  5.000000e+000  2.500000e+001
      vertex  2.300000e+002  0.000000e+000  5.000000e+001
    endloop
  endfacet
  facet normal -1.000000e+000  0.000000e+000  0.000000e+000
    outer loop
      vertex  2.300000e+002  0.000000e+000  5.000000e+001
      vertex  2.300000e+002  5.000000e+000  2.500000e+001
      vertex  2.300000e+002  5.000000e+000  0.000000e+000
    endloop
  endfacet
  facet normal -1.000000e+000  0.000000e+000  0.000000e+000
    outer loop
      vertex  2.300000e+002  0.000000e+000  5.000000e+001
      vertex  2.300000e+002  5.000000e+000  0.000000e+000
      vertex  2.300000e+002  0.000000e+000  0.000000e+000
    endloop
  endfacet
  facet normal -1.000000e+000  0.000000e+000  0.000000e+000
    outer loop
      vertex  2.125000e+001  2.000000e+001  4.700000e+001
      vertex  2.125000e+001  2.000000e+001  1.900000e+001
      vertex  2.125000e+001  0.000000e+000  4.700000e+001
    endloop
  endfacet
  facet normal -1.000000e+000  0.000000e+000  0.000000e+000
    outer loop
      vertex  2.125000e+001  0.000000e+000  4.700000e+001
      vertex  2.125000e+001  2.000000e+001  1.900000e+001
      vertex  2.125000e+001  1.000000e+001  1.900000e+001
    endloop
  endfacet
  facet normal -1.000000e+000  -0.000000e+000  0.000000e+000
    outer loop
      vertex  2.125000e+001  0.000000e+000  4.700000e+001
      vertex  2.125000e+001  1.000000e+001  1.900000e+001
      vertex  2.125000e+001  0.000000e+000  9.000000e+000
    endloop
  endfacet
  facet normal -1.000000e+000  0.000000e+000  0.000000e+000
    outer loop
      vertex  2.125000e+001  0.000000e+000  9.000000e+000
      vertex  2.125000e+001  1.000000e+001  1.900000e+001
      vertex  2.125000e+001  1.000000e+001  9.000000e+000
    endloop
  endfacet
  facet normal  1.000000e+000  0.000000e+000  0.000000e+000
    outer loop
      vertex  3.000000e+001  2.500000e+001 -1.065814e-014
      vertex  3.000000e+001  3.000000e+001  0.000000e+000
      vertex  3.000000e+001  2.500000e+001  2.500000e+001
    endloop
  endfacet
  facet normal  1.000000e+000  -0.000000e+000  0.000000e+000
    outer loop
      vertex  3.000000e+001  2.500000e+001  2.500000e+001
      vertex  3.000000e+001  3.000000e+001  0.000000e+000
      vertex  3.000000e+001  3.000000e+001  5.000000e+001
    endloop
  endfacet
  facet normal  1.000000e+000  0.000000e+000  0.000000e+000
    outer loop
      vertex  3.000000e+001  2.500000e+001  2.500000e+001
      vertex  3.000000e+001  3.000000e+001  5.000000e+001
      vertex  3.000000e+001  5.000000e+000  2.500000e+001
    endloop
  endfacet
  facet normal  1.000000e+000  0.000000e+000  -0.000000e+000
    outer loop
      vertex  3.000000e+001  5.000000e+000  2.500000e+001
      vertex  3.000000e+001  3.000000e+001  5.000000e+001
      vertex  3.000000e+001  0.000000e+000  5.000000e+001
    endloop
  endfacet
  facet normal  1.000000e+000  0.000000e+000  0.000000e+000
    outer loop
      vertex  3.000000e+001  5.000000e+000  2.500000e+001
      vertex  3.000000e+001  0.000000e+000  5.000000e+001
      vertex  3.000000e+001  5.000000e+000  0.000000e+000
    endloop
  endfacet
  facet normal  1.000000e+000  0.000000e+000  0.000000e+000
    outer loop
      vertex  3.000000e+001  5.000000e+000  0.000000e+000
      vertex  3.000000e+001  0.000000e+000  5.000000e+001
      vertex  3.000000e+001  0.000000e+000  0.000000e+000
    endloop
  endfacet
  facet normal  0.000000e+000 -1.000000e+000  0.000000e+000
    outer loop
      vertex  3.000000e+001  5.000000e+000  0.000000e+000
      vertex  2.300000e+002  5.000000e+000  0.000000e+000
      vertex  3.000000e+001  5.000000e+000  2.500000e+001
    endloop
  endfacet
  facet normal  0.000000e+000 -1.000000e+000  0.000000e+000
    outer loop
      vertex  3.000000e+001  5.000000e+000  2.500000e+001
      vertex  2.300000e+002  5.000000e+000  0.000000e+000
      vertex  2.300000e+002  5.000000e+000  2.500000e+001
    endloop
  endfacet
  facet normal  0.000000e+000  1.000000e+000  0.000000e+000
    outer loop
      vertex  3.000000e+001  2.500000e+001  2.500000e+001
      vertex  2.300000e+002  2.500000e+001  2.500000e+001
      vertex  3.000000e+001  2.500000e+001 -1.065814e-014
    endloop
  endfacet
  facet normal  0.000000e+000  1.000000e+000  0.000000e+000
    outer loop
      vertex  3.000000e+001  2.500000e+001 -1.065814e-014
      vertex  2.300000e+002  2.500000e+001  2.500000e+001
      vertex  2.300000e+002  2.500000e+001  0.000000e+000
    endloop
  endfacet
  facet normal  5.329071e-017  0.000000e+000 -1.000000e+000
    outer loop
      vertex  3.000000e+001  2.500000e+001 -1.065814e-014
      vertex  2.300000e+002  2.500000e+001  0.000000e+000
      vertex  2.300000e+002  5.000000e+000  0.000000e+000
    endloop
  endfacet
  facet normal  -0.000000e+000 -5.329071e-016 -1.000000e+000
    outer loop
      vertex  3.000000e+001  2.500000e+001 -1.065814e-014
      vertex  2.300000e+002  5.000000e+000  0.000000e+000
      vertex  3.000000e+001  5.000000e+000  0.000000e+000
    endloop
  endfacet
  facet normal -4.440892e-016 -5.329071e-016 -1.000000e+000
    outer loop
      vertex  3.000000e+001  2.500000e+001 -1.065814e-014
      vertex  3.000000e+001  5.000000e+000  0.000000e+000
      vertex  4.263256e-014  3.000000e+001  0.000000e+000
    endloop
  endfacet
  facet normal  0.000000e+000  2.131628e-015 -1.000000e+000
    outer loop
      vertex  3.000000e+001  2.500000e+001 -1.065814e-014
      vertex  4.263256e-014  3.000000e+001  0.000000e+000
      vertex  3.000000e+001  3.000000e+001  0.000000e+000
    endloop
  endfacet
  facet normal  0.000000e+000  0.000000e+000 -1.000000e+000
    outer loop
      vertex  2.600000e+002  3.000000e+001  0.000000e+000
      vertex  2.600000e+002  0.000000e+000  0.000000e+000
      vertex  2.300000e+002  0.000000e+000  0.000000e+000
    endloop
  endfacet
  facet normal  0.000000e+000  0.000000e+000 -1.000000e+000
    outer loop
      vertex  2.600000e+002  3.000000e+001  0.000000e+000
      vertex  2.300000e+002  0.000000e+000  0.000000e+000
      vertex  2.300000e+002  5.000000e+000  0.000000e+000
    endloop
  endfacet
  facet normal  0.000000e+000  0.000000e+000 -1.000000e+000
    outer loop
      vertex  2.600000e+002  3.000000e+001  0.000000e+000
      vertex  2.300000e+002  5.000000e+000  0.000000e+000
      vertex  2.300000e+002  2.500000e+001  0.000000e+000
    endloop
  endfacet
  facet normal  0.000000e+000  0.000000e+000 -1.000000e+000
    outer loop
      vertex  2.600000e+002  3.000000e+001  0.000000e+000
      vertex  2.300000e+002  2.500000e+001  0.000000e+000
      vertex  2.300000e+002  3.000000e+001  0.000000e+000
    endloop
  endfacet
  facet normal  0.000000e+000  -0.000000e+000 -1.000000e+000
    outer loop
      vertex  0.000000e+000  0.000000e+000  0.000000e+000
      vertex  4.263256e-014  3.000000e+001  0.000000e+000
      vertex  3.000000e+001  0.000000e+000  0.000000e+000
    endloop
  endfacet
  facet normal  0.000000e+000  0.000000e+000 -1.000000e+000
    outer loop
      vertex  3.000000e+001  0.000000e+000  0.000000e+000
      vertex  4.263256e-014  3.000000e+001  0.000000e+000
      vertex  3.000000e+001  5.000000e+000  0.000000e+000
    endloop
  endfacet
  facet normal  0.000000e+000 -1.000000e+000  0.000000e+000
    outer loop
      vertex  2.497500e+002  2.000000e+001  9.000000e+000
      vertex  2.512500e+002  2.000000e+001  9.000000e+000
      vertex  2.497500e+002  2.000000e+001  4.700000e+001
    endloop
  endfacet
  facet normal  0.000000e+000 -1.000000e+000  0.000000e+000
    outer loop
      vertex  2.497500e+002  2.000000e+001  4.700000e+001
      vertex  2.512500e+002  2.000000e+001  9.000000e+000
      vertex  2.512500e+002  2.000000e+001  4.700000e+001
    endloop
  endfacet
  facet normal  9.973094e-001 -7.330757e-002  0.000000e+000
    outer loop
      vertex  2.402500e+002  2.000000e+001  4.700000e+001
      vertex  2.403011e+002  2.069459e+001  4.800000e+001
      vertex  2.402500e+002  2.000000e+001  4.800000e+001
    endloop
  endfacet
  facet normal  3.177719e-001 -9.481671e-001  0.000000e+000
    outer loop
      vertex  2.438248e+002  2.460233e+001  9.000000e+000
      vertex  2.431645e+002  2.438102e+001  4.800000e+001
      vertex  2.431645e+002  2.438102e+001  9.000000e+000
    endloop
  endfacet
  facet normal  4.529991e-001 -8.915110e-001  0.000000e+000
    outer loop
      vertex  2.431645e+002  2.438102e+001  9.000000e+000
      vertex  2.431645e+002  2.438102e+001  4.800000e+001
      vertex  2.425436e+002  2.406552e+001  4.800000e+001
    endloop
  endfacet
  facet normal  4.529991e-001 -8.915110e-001  0.000000e+000
    outer loop
      vertex  2.431645e+002  2.438102e+001  9.000000e+000
      vertex  2.425436e+002  2.406552e+001  4.800000e+001
      vertex  2.425436e+002  2.406552e+001  9.000000e+000
    endloop
  endfacet
  facet normal  5.785041e-001 -8.156794e-001  0.000000e+000
    outer loop
      vertex  2.425436e+002  2.406552e+001  9.000000e+000
      vertex  2.425436e+002  2.406552e+001  4.800000e+001
      vertex  2.419755e+002  2.366262e+001  4.800000e+001
    endloop
  endfacet
  facet normal  5.785041e-001 -8.156794e-001  0.000000e+000
    outer loop
      vertex  2.425436e+002  2.406552e+001  9.000000e+000
      vertex  2.419755e+002  2.366262e+001  4.800000e+001
      vertex  2.419755e+002  2.366262e+001  9.000000e+000
    endloop
  endfacet
  facet normal  6.915594e-001 -7.223197e-001  0.000000e+000
    outer loop
      vertex  2.419755e+002  2.366262e+001  9.000000e+000
      vertex  2.419755e+002  2.366262e+001  4.800000e+001
      vertex  2.414724e+002  2.318097e+001  4.800000e+001
    endloop
  endfacet
  facet normal  6.915594e-001 -7.223197e-001  0.000000e+000
    outer loop
      vertex  2.419755e+002  2.366262e+001  9.000000e+000
      vertex  2.414724e+002  2.318097e+001  4.800000e+001
      vertex  2.414724e+002  2.318097e+001  9.000000e+000
    endloop
  endfacet
  facet normal  7.897487e-001 -6.134305e-001  0.000000e+000
    outer loop
      vertex  2.414724e+002  2.318097e+001  9.000000e+000
      vertex  2.414724e+002  2.318097e+001  4.800000e+001
      vertex  2.410452e+002  2.263094e+001  4.800000e+001
    endloop
  endfacet
  facet normal  7.897487e-001 -6.134305e-001  0.000000e+000
    outer loop
      vertex  2.414724e+002  2.318097e+001  9.000000e+000
      vertex  2.410452e+002  2.263094e+001  4.800000e+001
      vertex  2.410452e+002  2.263094e+001  9.000000e+000
    endloop
  endfacet
  facet normal  8.709602e-001 -4.913536e-001  0.000000e+000
    outer loop
      vertex  2.410452e+002  2.263094e+001  9.000000e+000
      vertex  2.410452e+002  2.263094e+001  4.800000e+001
      vertex  2.407030e+002  2.202435e+001  4.800000e+001
    endloop
  endfacet
  facet normal  8.709602e-001 -4.913536e-001  0.000000e+000
    outer loop
      vertex  2.410452e+002  2.263094e+001  9.000000e+000
      vertex  2.407030e+002  2.202435e+001  4.800000e+001
      vertex  2.407030e+002  2.202435e+001  9.000000e+000
    endloop
  endfacet
  facet normal  9.334468e-001 -3.587161e-001  0.000000e+000
    outer loop
      vertex  2.407030e+002  2.202435e+001  9.000000e+000
      vertex  2.407030e+002  2.202435e+001  4.800000e+001
      vertex  2.404531e+002  2.137424e+001  4.800000e+001
    endloop
  endfacet
  facet normal  9.334468e-001 -3.587161e-001  0.000000e+000
    outer loop
      vertex  2.407030e+002  2.202435e+001  9.000000e+000
      vertex  2.404531e+002  2.137424e+001  4.800000e+001
      vertex  2.404531e+002  2.137424e+001  9.000000e+000
    endloop
  endfacet
  facet normal  9.758668e-001 -2.183667e-001  0.000000e+000
    outer loop
      vertex  2.404531e+002  2.137424e+001  9.000000e+000
      vertex  2.404531e+002  2.137424e+001  4.800000e+001
      vertex  2.403011e+002  2.069459e+001  4.800000e+001
    endloop
  endfacet
  facet normal  9.758668e-001 -2.183667e-001  0.000000e+000
    outer loop
      vertex  2.404531e+002  2.137424e+001  9.000000e+000
      vertex  2.403011e+002  2.069459e+001  4.800000e+001
      vertex  2.403011e+002  2.069459e+001  9.000000e+000
    endloop
  endfacet
  facet normal  9.973094e-001 -7.330757e-002  0.000000e+000
    outer loop
      vertex  2.403011e+002  2.069459e+001  9.000000e+000
      vertex  2.403011e+002  2.069459e+001  4.800000e+001
      vertex  2.402500e+002  2.000000e+001  4.700000e+001
    endloop
  endfacet
  facet normal  9.973094e-001 -7.330757e-002  0.000000e+000
    outer loop
      vertex  2.403011e+002  2.069459e+001  9.000000e+000
      vertex  2.402500e+002  2.000000e+001  4.700000e+001
      vertex  2.402500e+002  2.000000e+001  9.000000e+000
    endloop
  endfacet
  facet normal  3.177719e-001 -9.481671e-001  0.000000e+000
    outer loop
      vertex  2.431645e+002  2.438102e+001  4.800000e+001
      vertex  2.438248e+002  2.460233e+001  9.000000e+000
      vertex  2.438248e+002  2.460233e+001  4.800000e+001
    endloop
  endfacet
  facet normal  1.757084e-001 -9.844423e-001  0.000000e+000
    outer loop
      vertex  2.438248e+002  2.460233e+001  4.800000e+001
      vertex  2.438248e+002  2.460233e+001  9.000000e+000
      vertex  2.445105e+002  2.472471e+001  9.000000e+000
    endloop
  endfacet
  facet normal  1.757084e-001 -9.844423e-001  0.000000e+000
    outer loop
      vertex  2.438248e+002  2.460233e+001  4.800000e+001
      vertex  2.445105e+002  2.472471e+001  9.000000e+000
      vertex  2.445105e+002  2.472471e+001  4.800000e+001
    endloop
  endfacet
  facet normal  2.986196e-002 -9.995540e-001  0.000000e+000
    outer loop
      vertex  2.445105e+002  2.472471e+001  4.800000e+001
      vertex  2.445105e+002  2.472471e+001  9.000000e+000
      vertex  2.452066e+002  2.474550e+001  9.000000e+000
    endloop
  endfacet
  facet normal  2.986196e-002 -9.995540e-001  0.000000e+000
    outer loop
      vertex  2.445105e+002  2.472471e+001  4.800000e+001
      vertex  2.452066e+002  2.474550e+001  9.000000e+000
      vertex  2.452066e+002  2.474550e+001  4.800000e+001
    endloop
  endfacet
  facet normal -1.166213e-001 -9.931765e-001  -0.000000e+000
    outer loop
      vertex  2.452066e+002  2.474550e+001  4.800000e+001
      vertex  2.452066e+002  2.474550e+001  9.000000e+000
      vertex  2.458983e+002  2.466428e+001  9.000000e+000
    endloop
  endfacet
  facet normal -1.166213e-001 -9.931765e-001  0.000000e+000
    outer loop
      vertex  2.452066e+002  2.474550e+001  4.800000e+001
      vertex  2.458983e+002  2.466428e+001  9.000000e+000
      vertex  2.458983e+002  2.466428e+001  4.800000e+001
    endloop
  endfacet
  facet normal -2.606006e-001 -9.654467e-001  -0.000000e+000
    outer loop
      vertex  2.458983e+002  2.466428e+001  4.800000e+001
      vertex  2.458983e+002  2.466428e+001  9.000000e+000
      vertex  2.465707e+002  2.448278e+001  9.000000e+000
    endloop
  endfacet
  facet normal -2.606006e-001 -9.654467e-001  0.000000e+000
    outer loop
      vertex  2.458983e+002  2.466428e+001  4.800000e+001
      vertex  2.465707e+002  2.448278e+001  9.000000e+000
      vertex  2.465707e+002  2.448278e+001  4.800000e+001
    endloop
  endfacet
  facet normal -3.989676e-001 -9.169650e-001  -0.000000e+000
    outer loop
      vertex  2.465707e+002  2.448278e+001  4.800000e+001
      vertex  2.465707e+002  2.448278e+001  9.000000e+000
      vertex  2.472094e+002  2.420491e+001  9.000000e+000
    endloop
  endfacet
  facet normal -3.989676e-001 -9.169650e-001  0.000000e+000
    outer loop
      vertex  2.465707e+002  2.448278e+001  4.800000e+001
      vertex  2.472094e+002  2.420491e+001  9.000000e+000
      vertex  2.472094e+002  2.420491e+001  4.800000e+001
    endloop
  endfacet
  facet normal -5.287754e-001 -8.487617e-001  -0.000000e+000
    outer loop
      vertex  2.472094e+002  2.420491e+001  4.800000e+001
      vertex  2.472094e+002  2.420491e+001  9.000000e+000
      vertex  2.478005e+002  2.383665e+001  9.000000e+000
    endloop
  endfacet
  facet normal -5.287754e-001 -8.487617e-001  0.000000e+000
    outer loop
      vertex  2.472094e+002  2.420491e+001  4.800000e+001
      vertex  2.478005e+002  2.383665e+001  9.000000e+000
      vertex  2.478005e+002  2.383665e+001  4.800000e+001
    endloop
  endfacet
  facet normal -6.471999e-001 -7.623203e-001  -0.000000e+000
    outer loop
      vertex  2.478005e+002  2.383665e+001  4.800000e+001
      vertex  2.478005e+002  2.383665e+001  9.000000e+000
      vertex  2.483314e+002  2.338589e+001  9.000000e+000
    endloop
  endfacet
  facet normal -6.471999e-001 -7.623203e-001  0.000000e+000
    outer loop
      vertex  2.478005e+002  2.383665e+001  4.800000e+001
      vertex  2.483314e+002  2.338589e+001  9.000000e+000
      vertex  2.483314e+002  2.338589e+001  4.800000e+001
    endloop
  endfacet
  facet normal -7.517184e-001 -6.594841e-001  -0.000000e+000
    outer loop
      vertex  2.483314e+002  2.338589e+001  4.800000e+001
      vertex  2.483314e+002  2.338589e+001  9.000000e+000
      vertex  2.487907e+002  2.286235e+001  9.000000e+000
    endloop
  endfacet
  facet normal -7.517184e-001 -6.594841e-001  0.000000e+000
    outer loop
      vertex  2.483314e+002  2.338589e+001  4.800000e+001
      vertex  2.487907e+002  2.286235e+001  9.000000e+000
      vertex  2.487907e+002  2.286235e+001  4.800000e+001
    endloop
  endfacet
  facet normal -8.400760e-001 -5.424687e-001  -0.000000e+000
    outer loop
      vertex  2.487907e+002  2.286235e+001  4.800000e+001
      vertex  2.487907e+002  2.286235e+001  9.000000e+000
      vertex  2.491685e+002  2.227727e+001  9.000000e+000
    endloop
  endfacet
  facet normal -8.400760e-001 -5.424687e-001  0.000000e+000
    outer loop
      vertex  2.487907e+002  2.286235e+001  4.800000e+001
      vertex  2.491685e+002  2.227727e+001  9.000000e+000
      vertex  2.491685e+002  2.227727e+001  4.800000e+001
    endloop
  endfacet
  facet normal -9.980472e-001 -6.246354e-002  0.000000e+000
    outer loop
      vertex  2.497500e+002  2.000000e+001  4.700000e+001
      vertex  2.497129e+002  2.059221e+001  9.000000e+000
      vertex  2.497500e+002  2.000000e+001  9.000000e+000
    endloop
  endfacet
  facet normal -9.515623e-001 -3.074562e-001  -0.000000e+000
    outer loop
      vertex  2.496023e+002  2.117517e+001  9.000000e+000
      vertex  2.494199e+002  2.173979e+001  4.800000e+001
      vertex  2.494199e+002  2.173979e+001  9.000000e+000
    endloop
  endfacet
  facet normal -9.058174e-001 -4.236682e-001  0.000000e+000
    outer loop
      vertex  2.494199e+002  2.173979e+001  9.000000e+000
      vertex  2.494199e+002  2.173979e+001  4.800000e+001
      vertex  2.491685e+002  2.227727e+001  4.800000e+001
    endloop
  endfacet
  facet normal -9.058174e-001 -4.236682e-001  -0.000000e+000
    outer loop
      vertex  2.494199e+002  2.173979e+001  9.000000e+000
      vertex  2.491685e+002  2.227727e+001  4.800000e+001
      vertex  2.491685e+002  2.227727e+001  9.000000e+000
    endloop
  endfacet
  facet normal -9.515623e-001 -3.074562e-001  0.000000e+000
    outer loop
      vertex  2.494199e+002  2.173979e+001  4.800000e+001
      vertex  2.496023e+002  2.117517e+001  9.000000e+000
      vertex  2.496023e+002  2.117517e+001  4.800000e+001
    endloop
  endfacet
  facet normal -9.824762e-001 -1.863883e-001  -0.000000e+000
    outer loop
      vertex  2.496023e+002  2.117517e+001  4.800000e+001
      vertex  2.496023e+002  2.117517e+001  9.000000e+000
      vertex  2.497129e+002  2.059221e+001  9.000000e+000
    endloop
  endfacet
  facet normal -9.824762e-001 -1.863883e-001  0.000000e+000
    outer loop
      vertex  2.496023e+002  2.117517e+001  4.800000e+001
      vertex  2.497129e+002  2.059221e+001  9.000000e+000
      vertex  2.497129e+002  2.059221e+001  4.800000e+001
    endloop
  endfacet
  facet normal -9.980473e-001 -6.246354e-002  -0.000000e+000
    outer loop
      vertex  2.497129e+002  2.059221e+001  4.800000e+001
      vertex  2.497129e+002  2.059221e+001  9.000000e+000
      vertex  2.497500e+002  2.000000e+001  4.700000e+001
    endloop
  endfacet
  facet normal -9.980472e-001 -6.246353e-002  0.000000e+000
    outer loop
      vertex  2.497129e+002  2.059221e+001  4.800000e+001
      vertex  2.497500e+002  2.000000e+001  4.700000e+001
      vertex  2.497500e+002  2.000000e+001  4.800000e+001
    endloop
  endfacet
  facet normal -9.515657e-001 -3.074451e-001  -0.000000e+000
    outer loop
      vertex  2.510557e+002  2.154627e+001  4.800000e+001
      vertex  2.508157e+002  2.228920e+001  4.900000e+001
      vertex  2.508157e+002  2.228920e+001  4.800000e+001
    endloop
  endfacet
  facet normal -9.058146e-001 -4.236744e-001  0.000000e+000
    outer loop
      vertex  2.508157e+002  2.228920e+001  4.800000e+001
      vertex  2.508157e+002  2.228920e+001  4.900000e+001
      vertex  2.504849e+002  2.299641e+001  4.900000e+001
    endloop
  endfacet
  facet normal -9.058146e-001 -4.236744e-001  -0.000000e+000
    outer loop
      vertex  2.508157e+002  2.228920e+001  4.800000e+001
      vertex  2.504849e+002  2.299641e+001  4.900000e+001
      vertex  2.504849e+002  2.299641e+001  4.800000e+001
    endloop
  endfacet
  facet normal -9.515657e-001 -3.074451e-001  0.000000e+000
    outer loop
      vertex  2.508157e+002  2.228920e+001  4.900000e+001
      vertex  2.510557e+002  2.154627e+001  4.800000e+001
      vertex  2.510557e+002  2.154627e+001  4.900000e+001
    endloop
  endfacet
  facet normal -9.824756e-001 -1.863913e-001  -0.000000e+000
    outer loop
      vertex  2.510557e+002  2.154627e+001  4.900000e+001
      vertex  2.510557e+002  2.154627e+001  4.800000e+001
      vertex  2.512012e+002  2.077922e+001  4.800000e+001
    endloop
  endfacet
  facet normal -9.824756e-001 -1.863913e-001  0.000000e+000
    outer loop
      vertex  2.510557e+002  2.154627e+001  4.900000e+001
      vertex  2.512012e+002  2.077922e+001  4.800000e+001
      vertex  2.512012e+002  2.077922e+001  4.900000e+001
    endloop
  endfacet
  facet normal -9.980474e-001 -6.246255e-002  -0.000000e+000
    outer loop
      vertex  2.512012e+002  2.077922e+001  4.900000e+001
      vertex  2.512012e+002  2.077922e+001  4.800000e+001
      vertex  2.512500e+002  2.000000e+001  4.800000e+001
    endloop
  endfacet
  facet normal -9.980474e-001 -6.246255e-002  0.000000e+000
    outer loop
      vertex  2.512012e+002  2.077922e+001  4.900000e+001
      vertex  2.512500e+002  2.000000e+001  4.800000e+001
      vertex  2.512500e+002  2.000000e+001  4.900000e+001
    endloop
  endfacet
  facet normal  3.670121e-001 -9.302162e-001  0.000000e+000
    outer loop
      vertex  2.430762e+002  2.594654e+001  4.800000e+001
      vertex  2.423453e+002  2.565819e+001  4.900000e+001
      vertex  2.423453e+002  2.565819e+001  4.800000e+001
    endloop
  endfacet
  facet normal  4.808072e-001 -8.768264e-001  0.000000e+000
    outer loop
      vertex  2.423453e+002  2.565819e+001  4.800000e+001
      vertex  2.423453e+002  2.565819e+001  4.900000e+001
      vertex  2.416564e+002  2.528043e+001  4.900000e+001
    endloop
  endfacet
  facet normal  4.808072e-001 -8.768264e-001  0.000000e+000
    outer loop
      vertex  2.423453e+002  2.565819e+001  4.800000e+001
      vertex  2.416564e+002  2.528043e+001  4.900000e+001
      vertex  2.416564e+002  2.528043e+001  4.800000e+001
    endloop
  endfacet
  facet normal  5.870245e-001 -8.095691e-001  0.000000e+000
    outer loop
      vertex  2.416564e+002  2.528043e+001  4.800000e+001
      vertex  2.416564e+002  2.528043e+001  4.900000e+001
      vertex  2.410204e+002  2.481923e+001  4.900000e+001
    endloop
  endfacet
  facet normal  5.870245e-001 -8.095691e-001  0.000000e+000
    outer loop
      vertex  2.416564e+002  2.528043e+001  4.800000e+001
      vertex  2.410204e+002  2.481923e+001  4.900000e+001
      vertex  2.410204e+002  2.481923e+001  4.800000e+001
    endloop
  endfacet
  facet normal  6.839411e-001 -7.295372e-001  0.000000e+000
    outer loop
      vertex  2.410204e+002  2.481923e+001  4.800000e+001
      vertex  2.410204e+002  2.481923e+001  4.900000e+001
      vertex  2.404472e+002  2.428187e+001  4.900000e+001
    endloop
  endfacet
  facet normal  6.839411e-001 -7.295372e-001  0.000000e+000
    outer loop
      vertex  2.410204e+002  2.481923e+001  4.800000e+001
      vertex  2.404472e+002  2.428187e+001  4.900000e+001
      vertex  2.404472e+002  2.428187e+001  4.800000e+001
    endloop
  endfacet
  facet normal  7.700728e-001 -6.379560e-001  0.000000e+000
    outer loop
      vertex  2.404472e+002  2.428187e+001  4.800000e+001
      vertex  2.404472e+002  2.428187e+001  4.900000e+001
      vertex  2.399460e+002  2.367685e+001  4.900000e+001
    endloop
  endfacet
  facet normal  7.700728e-001 -6.379560e-001  0.000000e+000
    outer loop
      vertex  2.404472e+002  2.428187e+001  4.800000e+001
      vertex  2.399460e+002  2.367685e+001  4.900000e+001
      vertex  2.399460e+002  2.367685e+001  4.800000e+001
    endloop
  endfacet
  facet normal  8.440256e-001 -5.363030e-001  0.000000e+000
    outer loop
      vertex  2.399460e+002  2.367685e+001  4.800000e+001
      vertex  2.399460e+002  2.367685e+001  4.900000e+001
      vertex  2.395246e+002  2.301373e+001  4.900000e+001
    endloop
  endfacet
  facet normal  8.440256e-001 -5.363030e-001  0.000000e+000
    outer loop
      vertex  2.399460e+002  2.367685e+001  4.800000e+001
      vertex  2.395246e+002  2.301373e+001  4.900000e+001
      vertex  2.395246e+002  2.301373e+001  4.800000e+001
    endloop
  endfacet
  facet normal  9.046373e-001 -4.261823e-001  0.000000e+000
    outer loop
      vertex  2.395246e+002  2.301373e+001  4.800000e+001
      vertex  2.395246e+002  2.301373e+001  4.900000e+001
      vertex  2.391898e+002  2.230298e+001  4.900000e+001
    endloop
  endfacet
  facet normal  9.046373e-001 -4.261823e-001  0.000000e+000
    outer loop
      vertex  2.395246e+002  2.301373e+001  4.800000e+001
      vertex  2.391898e+002  2.230298e+001  4.900000e+001
      vertex  2.391898e+002  2.230298e+001  4.800000e+001
    endloop
  endfacet
  facet normal  9.509570e-001 -3.093231e-001  0.000000e+000
    outer loop
      vertex  2.391898e+002  2.230298e+001  4.800000e+001
      vertex  2.391898e+002  2.230298e+001  4.900000e+001
      vertex  2.389467e+002  2.155584e+001  4.900000e+001
    endloop
  endfacet
  facet normal  9.509570e-001 -3.093231e-001  0.000000e+000
    outer loop
      vertex  2.391898e+002  2.230298e+001  4.800000e+001
      vertex  2.389467e+002  2.155584e+001  4.900000e+001
      vertex  2.389467e+002  2.155584e+001  4.800000e+001
    endloop
  endfacet
  facet normal  9.822509e-001 -1.875717e-001  0.000000e+000
    outer loop
      vertex  2.389467e+002  2.155584e+001  4.800000e+001
      vertex  2.389467e+002  2.155584e+001  4.900000e+001
      vertex  2.387994e+002  2.078412e+001  4.900000e+001
    endloop
  endfacet
  facet normal  9.822509e-001 -1.875717e-001  0.000000e+000
    outer loop
      vertex  2.389467e+002  2.155584e+001  4.800000e+001
      vertex  2.387994e+002  2.078412e+001  4.900000e+001
      vertex  2.387994e+002  2.078412e+001  4.800000e+001
    endloop
  endfacet
  facet normal  9.980231e-001 -6.284756e-002  0.000000e+000
    outer loop
      vertex  2.387994e+002  2.078412e+001  4.800000e+001
      vertex  2.387994e+002  2.078412e+001  4.900000e+001
      vertex  2.387500e+002  2.000000e+001  4.900000e+001
    endloop
  endfacet
  facet normal  9.980231e-001 -6.284756e-002  0.000000e+000
    outer loop
      vertex  2.387994e+002  2.078412e+001  4.800000e+001
      vertex  2.387500e+002  2.000000e+001  4.900000e+001
      vertex  2.387500e+002  2.000000e+001  4.800000e+001
    endloop
  endfacet
  facet normal  3.670121e-001 -9.302162e-001  0.000000e+000
    outer loop
      vertex  2.423453e+002  2.565819e+001  4.900000e+001
      vertex  2.430762e+002  2.594654e+001  4.800000e+001
      vertex  2.430762e+002  2.594654e+001  4.900000e+001
    endloop
  endfacet
  facet normal  2.474039e-001 -9.689124e-001  0.000000e+000
    outer loop
      vertex  2.430762e+002  2.594654e+001  4.900000e+001
      vertex  2.430762e+002  2.594654e+001  4.800000e+001
      vertex  2.438374e+002  2.614092e+001  4.800000e+001
    endloop
  endfacet
  facet normal  2.474039e-001 -9.689124e-001  0.000000e+000
    outer loop
      vertex  2.430762e+002  2.594654e+001  4.900000e+001
      vertex  2.438374e+002  2.614092e+001  4.800000e+001
      vertex  2.438374e+002  2.614092e+001  4.900000e+001
    endloop
  endfacet
  facet normal  1.238889e-001 -9.922960e-001  0.000000e+000
    outer loop
      vertex  2.438374e+002  2.614092e+001  4.900000e+001
      vertex  2.438374e+002  2.614092e+001  4.800000e+001
      vertex  2.446170e+002  2.623825e+001  4.800000e+001
    endloop
  endfacet
  facet normal  1.238889e-001 -9.922960e-001  0.000000e+000
    outer loop
      vertex  2.438374e+002  2.614092e+001  4.900000e+001
      vertex  2.446170e+002  2.623825e+001  4.800000e+001
      vertex  2.446170e+002  2.623825e+001  4.900000e+001
    endloop
  endfacet
  facet normal -1.580402e-003 -9.999987e-001  -0.000000e+000
    outer loop
      vertex  2.446170e+002  2.623825e+001  4.900000e+001
      vertex  2.446170e+002  2.623825e+001  4.800000e+001
      vertex  2.454027e+002  2.623701e+001  4.800000e+001
    endloop
  endfacet
  facet normal -1.580402e-003 -9.999987e-001  0.000000e+000
    outer loop
      vertex  2.446170e+002  2.623825e+001  4.900000e+001
      vertex  2.454027e+002  2.623701e+001  4.800000e+001
      vertex  2.454027e+002  2.623701e+001  4.900000e+001
    endloop
  endfacet
  facet normal -1.270269e-001 -9.918993e-001  -0.000000e+000
    outer loop
      vertex  2.454027e+002  2.623701e+001  4.900000e+001
      vertex  2.454027e+002  2.623701e+001  4.800000e+001
      vertex  2.461820e+002  2.613721e+001  4.800000e+001
    endloop
  endfacet
  facet normal -1.270269e-001 -9.918993e-001  0.000000e+000
    outer loop
      vertex  2.454027e+002  2.623701e+001  4.900000e+001
      vertex  2.461820e+002  2.613721e+001  4.800000e+001
      vertex  2.461820e+002  2.613721e+001  4.900000e+001
    endloop
  endfacet
  facet normal -2.504628e-001 -9.681262e-001  -0.000000e+000
    outer loop
      vertex  2.461820e+002  2.613721e+001  4.900000e+001
      vertex  2.461820e+002  2.613721e+001  4.800000e+001
      vertex  2.469426e+002  2.594043e+001  4.800000e+001
    endloop
  endfacet
  facet normal -2.504628e-001 -9.681262e-001  0.000000e+000
    outer loop
      vertex  2.461820e+002  2.613721e+001  4.900000e+001
      vertex  2.469426e+002  2.594043e+001  4.800000e+001
      vertex  2.469426e+002  2.594043e+001  4.900000e+001
    endloop
  endfacet
  facet normal -3.699499e-001 -9.290517e-001  -0.000000e+000
    outer loop
      vertex  2.469426e+002  2.594043e+001  4.900000e+001
      vertex  2.469426e+002  2.594043e+001  4.800000e+001
      vertex  2.476725e+002  2.564977e+001  4.800000e+001
    endloop
  endfacet
  facet normal -3.699499e-001 -9.290517e-001  0.000000e+000
    outer loop
      vertex  2.469426e+002  2.594043e+001  4.900000e+001
      vertex  2.476725e+002  2.564977e+001  4.800000e+001
      vertex  2.476725e+002  2.564977e+001  4.900000e+001
    endloop
  endfacet
  facet normal -4.835793e-001 -8.753006e-001  -0.000000e+000
    outer loop
      vertex  2.476725e+002  2.564977e+001  4.900000e+001
      vertex  2.476725e+002  2.564977e+001  4.800000e+001
      vertex  2.483602e+002  2.526984e+001  4.800000e+001
    endloop
  endfacet
  facet normal -4.835793e-001 -8.753006e-001  0.000000e+000
    outer loop
      vertex  2.476725e+002  2.564977e+001  4.900000e+001
      vertex  2.483602e+002  2.526984e+001  4.800000e+001
      vertex  2.483602e+002  2.526984e+001  4.900000e+001
    endloop
  endfacet
  facet normal -5.895739e-001 -8.077145e-001  -0.000000e+000
    outer loop
      vertex  2.483602e+002  2.526984e+001  4.900000e+001
      vertex  2.483602e+002  2.526984e+001  4.800000e+001
      vertex  2.489948e+002  2.480663e+001  4.800000e+001
    endloop
  endfacet
  facet normal -5.895739e-001 -8.077145e-001  0.000000e+000
    outer loop
      vertex  2.483602e+002  2.526984e+001  4.900000e+001
      vertex  2.489948e+002  2.480663e+001  4.800000e+001
      vertex  2.489948e+002  2.480663e+001  4.900000e+001
    endloop
  endfacet
  facet normal -6.862479e-001 -7.273677e-001  -0.000000e+000
    outer loop
      vertex  2.489948e+002  2.480663e+001  4.900000e+001
      vertex  2.489948e+002  2.480663e+001  4.800000e+001
      vertex  2.495663e+002  2.426746e+001  4.800000e+001
    endloop
  endfacet
  facet normal -6.862479e-001 -7.273677e-001  0.000000e+000
    outer loop
      vertex  2.489948e+002  2.480663e+001  4.900000e+001
      vertex  2.495663e+002  2.426746e+001  4.800000e+001
      vertex  2.495663e+002  2.426746e+001  4.900000e+001
    endloop
  endfacet
  facet normal -7.720808e-001 -6.355245e-001  -0.000000e+000
    outer loop
      vertex  2.495663e+002  2.426746e+001  4.900000e+001
      vertex  2.495663e+002  2.426746e+001  4.800000e+001
      vertex  2.500656e+002  2.366086e+001  4.800000e+001
    endloop
  endfacet
  facet normal -7.720808e-001 -6.355245e-001  0.000000e+000
    outer loop
      vertex  2.495663e+002  2.426746e+001  4.900000e+001
      vertex  2.500656e+002  2.366086e+001  4.800000e+001
      vertex  2.500656e+002  2.366086e+001  4.900000e+001
    endloop
  endfacet
  facet normal -8.457118e-001 -5.336400e-001  -0.000000e+000
    outer loop
      vertex  2.500656e+002  2.366086e+001  4.900000e+001
      vertex  2.500656e+002  2.366086e+001  4.800000e+001
      vertex  2.504849e+002  2.299641e+001  4.800000e+001
    endloop
  endfacet
  facet normal -8.457118e-001 -5.336400e-001  0.000000e+000
    outer loop
      vertex  2.500656e+002  2.366086e+001  4.900000e+001
      vertex  2.504849e+002  2.299641e+001  4.800000e+001
      vertex  2.504849e+002  2.299641e+001  4.900000e+001
    endloop
  endfacet
  facet normal -1.000000e+000  0.000000e+000  0.000000e+000
    outer loop
      vertex  2.512500e+002  2.000000e+001  4.900000e+001
      vertex  2.512500e+002  2.000000e+001  4.800000e+001
      vertex  2.512500e+002  0.000000e+000  4.900000e+001
    endloop
  endfacet
  facet normal -1.000000e+000  0.000000e+000  0.000000e+000
    outer loop
      vertex  2.512500e+002  0.000000e+000  4.900000e+001
      vertex  2.512500e+002  2.000000e+001  4.800000e+001
      vertex  2.512500e+002  0.000000e+000  4.800000e+001
    endloop
  endfacet
  facet normal -1.000000e+000  -0.000000e+000  0.000000e+000
    outer loop
      vertex  2.497500e+002  2.131628e-014  4.800000e+001
      vertex  2.497500e+002  2.000000e+001  4.800000e+001
      vertex  2.497500e+002  0.000000e+000  4.700000e+001
    endloop
  endfacet
  facet normal -1.000000e+000  0.000000e+000  0.000000e+000
    outer loop
      vertex  2.497500e+002  0.000000e+000  4.700000e+001
      vertex  2.497500e+002  2.000000e+001  4.800000e+001
      vertex  2.497500e+002  2.000000e+001  4.700000e+001
    endloop
  endfacet
  facet normal  0.000000e+000  0.000000e+000 -1.000000e+000
    outer loop
      vertex  2.512500e+002  0.000000e+000  4.700000e+001
      vertex  2.497500e+002  0.000000e+000  4.700000e+001
      vertex  2.512500e+002  2.000000e+001  4.700000e+001
    endloop
  endfacet
  facet normal  -0.000000e+000  0.000000e+000 -1.000000e+000
    outer loop
      vertex  2.512500e+002  2.000000e+001  4.700000e+001
      vertex  2.497500e+002  0.000000e+000  4.700000e+001
      vertex  2.497500e+002  2.000000e+001  4.700000e+001
    endloop
  endfacet
  facet normal -1.000000e+000  0.000000e+000  0.000000e+000
    outer loop
      vertex  2.512500e+002  2.000000e+001  4.700000e+001
      vertex  2.512500e+002  2.000000e+001  9.000000e+000
      vertex  2.512500e+002  0.000000e+000  4.700000e+001
    endloop
  endfacet
  facet normal -1.000000e+000  0.000000e+000  0.000000e+000
    outer loop
      vertex  2.512500e+002  0.000000e+000  4.700000e+001
      vertex  2.512500e+002  2.000000e+001  9.000000e+000
      vertex  2.512500e+002  0.000000e+000  9.000000e+000
    endloop
  endfacet
  facet normal  0.000000e+000  0.000000e+000 -1.000000e+000
    outer loop
      vertex  2.402500e+002 -7.105427e-015  4.700000e+001
      vertex  2.387500e+002  0.000000e+000  4.700000e+001
      vertex  2.402500e+002  2.000000e+001  4.700000e+001
    endloop
  endfacet
  facet normal  -0.000000e+000  0.000000e+000 -1.000000e+000
    outer loop
      vertex  2.402500e+002  2.000000e+001  4.700000e+001
      vertex  2.387500e+002  0.000000e+000  4.700000e+001
      vertex  2.387500e+002  2.000000e+001  4.700000e+001
    endloop
  endfacet
  facet normal  1.000000e+000  0.000000e+000  0.000000e+000
    outer loop
      vertex  2.402500e+002 -7.105427e-015  4.700000e+001
      vertex  2.402500e+002  2.000000e+001  4.700000e+001
      vertex  2.402500e+002  0.000000e+000  4.800000e+001
    endloop
  endfacet
  facet normal  1.000000e+000  -0.000000e+000  0.000000e+000
    outer loop
      vertex  2.402500e+002  0.000000e+000  4.800000e+001
      vertex  2.402500e+002  2.000000e+001  4.700000e+001
      vertex  2.402500e+002  2.000000e+001  4.800000e+001
    endloop
  endfacet
  facet normal  -0.000000e+000  0.000000e+000  1.000000e+000
    outer loop
      vertex  2.489948e+002  2.480663e+001  4.800000e+001
      vertex  2.452066e+002  2.474550e+001  4.800000e+001
      vertex  2.458983e+002  2.466428e+001  4.800000e+001
    endloop
  endfacet
  facet normal  0.000000e+000  0.000000e+000  1.000000e+000
    outer loop
      vertex  2.410204e+002  2.481923e+001  4.800000e+001
      vertex  2.404472e+002  2.428187e+001  4.800000e+001
      vertex  2.431645e+002  2.438102e+001  4.800000e+001
    endloop
  endfacet
  facet normal  0.000000e+000  -0.000000e+000  1.000000e+000
    outer loop
      vertex  2.410204e+002  2.481923e+001  4.800000e+001
      vertex  2.431645e+002  2.438102e+001  4.800000e+001
      vertex  2.438248e+002  2.460233e+001  4.800000e+001
    endloop
  endfacet
  facet normal  0.000000e+000  -0.000000e+000  1.000000e+000
    outer loop
      vertex  2.410204e+002  2.481923e+001  4.800000e+001
      vertex  2.438248e+002  2.460233e+001  4.800000e+001
      vertex  2.445105e+002  2.472471e+001  4.800000e+001
    endloop
  endfacet
  facet normal  0.000000e+000  -0.000000e+000  1.000000e+000
    outer loop
      vertex  2.410204e+002  2.481923e+001  4.800000e+001
      vertex  2.445105e+002  2.472471e+001  4.800000e+001
      vertex  2.452066e+002  2.474550e+001  4.800000e+001
    endloop
  endfacet
  facet normal  0.000000e+000  -0.000000e+000  1.000000e+000
    outer loop
      vertex  2.410204e+002  2.481923e+001  4.800000e+001
      vertex  2.452066e+002  2.474550e+001  4.800000e+001
      vertex  2.489948e+002  2.480663e+001  4.800000e+001
    endloop
  endfacet
  facet normal  0.000000e+000  0.000000e+000  9.999999e-001
    outer loop
      vertex  2.410204e+002  2.481923e+001  4.800000e+001
      vertex  2.489948e+002  2.480663e+001  4.800000e+001
      vertex  2.483602e+002  2.526984e+001  4.800000e+001
    endloop
  endfacet
  facet normal  0.000000e+000  0.000000e+000  9.999999e-001
    outer loop
      vertex  2.410204e+002  2.481923e+001  4.800000e+001
      vertex  2.483602e+002  2.526984e+001  4.800000e+001
      vertex  2.416564e+002  2.528043e+001  4.800000e+001
    endloop
  endfacet
  facet normal  0.000000e+000  0.000000e+000  1.000000e+000
    outer loop
      vertex  2.387500e+002  0.000000e+000  4.800000e+001
      vertex  2.402500e+002  0.000000e+000  4.800000e+001
      vertex  2.387500e+002  2.000000e+001  4.800000e+001
    endloop
  endfacet
  facet normal  -0.000000e+000  0.000000e+000  1.000000e+000
    outer loop
      vertex  2.387500e+002  2.000000e+001  4.800000e+001
      vertex  2.402500e+002  0.000000e+000  4.800000e+001
      vertex  2.402500e+002  2.000000e+001  4.800000e+001
    endloop
  endfacet
  facet normal  0.000000e+000  0.000000e+000  1.000000e+000
    outer loop
      vertex  2.387500e+002  2.000000e+001  4.800000e+001
      vertex  2.402500e+002  2.000000e+001  4.800000e+001
      vertex  2.387994e+002  2.078412e+001  4.800000e+001
    endloop
  endfacet
  facet normal  0.000000e+000  0.000000e+000  1.000000e+000
    outer loop
      vertex  2.387994e+002  2.078412e+001  4.800000e+001
      vertex  2.402500e+002  2.000000e+001  4.800000e+001
      vertex  2.403011e+002  2.069459e+001  4.800000e+001
    endloop
  endfacet
  facet normal  0.000000e+000  0.000000e+000  1.000000e+000
    outer loop
      vertex  2.387994e+002  2.078412e+001  4.800000e+001
      vertex  2.403011e+002  2.069459e+001  4.800000e+001
      vertex  2.389467e+002  2.155584e+001  4.800000e+001
    endloop
  endfacet
  facet normal  0.000000e+000  0.000000e+000  1.000000e+000
    outer loop
      vertex  2.389467e+002  2.155584e+001  4.800000e+001
      vertex  2.403011e+002  2.069459e+001  4.800000e+001
      vertex  2.404531e+002  2.137424e+001  4.800000e+001
    endloop
  endfacet
  facet normal  0.000000e+000  0.000000e+000  1.000000e+000
    outer loop
      vertex  2.389467e+002  2.155584e+001  4.800000e+001
      vertex  2.404531e+002  2.137424e+001  4.800000e+001
      vertex  2.391898e+002  2.230298e+001  4.800000e+001
    endloop
  endfacet
  facet normal  0.000000e+000  0.000000e+000  1.000000e+000
    outer loop
      vertex  2.391898e+002  2.230298e+001  4.800000e+001
      vertex  2.404531e+002  2.137424e+001  4.800000e+001
      vertex  2.407030e+002  2.202435e+001  4.800000e+001
    endloop
  endfacet
  facet normal  0.000000e+000  0.000000e+000  1.000000e+000
    outer loop
      vertex  2.391898e+002  2.230298e+001  4.800000e+001
      vertex  2.407030e+002  2.202435e+001  4.800000e+001
      vertex  2.395246e+002  2.301373e+001  4.800000e+001
    endloop
  endfacet
  facet normal  0.000000e+000  0.000000e+000  1.000000e+000
    outer loop
      vertex  2.395246e+002  2.301373e+001  4.800000e+001
      vertex  2.407030e+002  2.202435e+001  4.800000e+001
      vertex  2.410452e+002  2.263094e+001  4.800000e+001
    endloop
  endfacet
  facet normal  0.000000e+000  -0.000000e+000  1.000000e+000
    outer loop
      vertex  2.395246e+002  2.301373e+001  4.800000e+001
      vertex  2.410452e+002  2.263094e+001  4.800000e+001
      vertex  2.414724e+002  2.318097e+001  4.800000e+001
    endloop
  endfacet
  facet normal  0.000000e+000  0.000000e+000  9.999999e-001
    outer loop
      vertex  2.395246e+002  2.301373e+001  4.800000e+001
      vertex  2.414724e+002  2.318097e+001  4.800000e+001
      vertex  2.399460e+002  2.367685e+001  4.800000e+001
    endloop
  endfacet
  facet normal  0.000000e+000  0.000000e+000  1.000000e+000
    outer loop
      vertex  2.399460e+002  2.367685e+001  4.800000e+001
      vertex  2.414724e+002  2.318097e+001  4.800000e+001
      vertex  2.419755e+002  2.366262e+001  4.800000e+001
    endloop
  endfacet
  facet normal  0.000000e+000  0.000000e+000  1.000000e+000
    outer loop
      vertex  2.399460e+002  2.367685e+001  4.800000e+001
      vertex  2.419755e+002  2.366262e+001  4.800000e+001
      vertex  2.404472e+002  2.428187e+001  4.800000e+001
    endloop
  endfacet
  facet normal  0.000000e+000  0.000000e+000  9.999999e-001
    outer loop
      vertex  2.404472e+002  2.428187e+001  4.800000e+001
      vertex  2.419755e+002  2.366262e+001  4.800000e+001
      vertex  2.425436e+002  2.406552e+001  4.800000e+001
    endloop
  endfacet
  facet normal  0.000000e+000  -0.000000e+000  9.999999e-001
    outer loop
      vertex  2.404472e+002  2.428187e+001  4.800000e+001
      vertex  2.425436e+002  2.406552e+001  4.800000e+001
      vertex  2.431645e+002  2.438102e+001  4.800000e+001
    endloop
  endfacet
  facet normal  0.000000e+000  0.000000e+000  1.000000e+000
    outer loop
      vertex  2.416564e+002  2.528043e+001  4.800000e+001
      vertex  2.483602e+002  2.526984e+001  4.800000e+001
      vertex  2.423453e+002  2.565819e+001  4.800000e+001
    endloop
  endfacet
  facet normal  0.000000e+000  0.000000e+000  1.000000e+000
    outer loop
      vertex  2.423453e+002  2.565819e+001  4.800000e+001
      vertex  2.483602e+002  2.526984e+001  4.800000e+001
      vertex  2.476725e+002  2.564977e+001  4.800000e+001
    endloop
  endfacet
  facet normal  0.000000e+000  0.000000e+000  9.999999e-001
    outer loop
      vertex  2.423453e+002  2.565819e+001  4.800000e+001
      vertex  2.476725e+002  2.564977e+001  4.800000e+001
      vertex  2.430762e+002  2.594654e+001  4.800000e+001
    endloop
  endfacet
  facet normal  0.000000e+000  0.000000e+000  1.000000e+000
    outer loop
      vertex  2.430762e+002  2.594654e+001  4.800000e+001
      vertex  2.476725e+002  2.564977e+001  4.800000e+001
      vertex  2.469426e+002  2.594043e+001  4.800000e+001
    endloop
  endfacet
  facet normal  0.000000e+000  0.000000e+000  1.000000e+000
    outer loop
      vertex  2.430762e+002  2.594654e+001  4.800000e+001
      vertex  2.469426e+002  2.594043e+001  4.800000e+001
      vertex  2.438374e+002  2.614092e+001  4.800000e+001
    endloop
  endfacet
  facet normal  0.000000e+000  0.000000e+000  1.000000e+000
    outer loop
      vertex  2.438374e+002  2.614092e+001  4.800000e+001
      vertex  2.469426e+002  2.594043e+001  4.800000e+001
      vertex  2.461820e+002  2.613721e+001  4.800000e+001
    endloop
  endfacet
  facet normal  0.000000e+000  0.000000e+000  1.000000e+000
    outer loop
      vertex  2.438374e+002  2.614092e+001  4.800000e+001
      vertex  2.461820e+002  2.613721e+001  4.800000e+001
      vertex  2.446170e+002  2.623825e+001  4.800000e+001
    endloop
  endfacet
  facet normal  0.000000e+000  0.000000e+000  1.000000e+000
    outer loop
      vertex  2.446170e+002  2.623825e+001  4.800000e+001
      vertex  2.461820e+002  2.613721e+001  4.800000e+001
      vertex  2.454027e+002  2.623701e+001  4.800000e+001
    endloop
  endfacet
  facet normal  0.000000e+000  0.000000e+000  1.000000e+000
    outer loop
      vertex  2.497500e+002  2.131628e-014  4.800000e+001
      vertex  2.512500e+002  0.000000e+000  4.800000e+001
      vertex  2.497500e+002  2.000000e+001  4.800000e+001
    endloop
  endfacet
  facet normal  -0.000000e+000  0.000000e+000  1.000000e+000
    outer loop
      vertex  2.497500e+002  2.000000e+001  4.800000e+001
      vertex  2.512500e+002  0.000000e+000  4.800000e+001
      vertex  2.512500e+002  2.000000e+001  4.800000e+001
    endloop
  endfacet
  facet normal  0.000000e+000  0.000000e+000  1.000000e+000
    outer loop
      vertex  2.497500e+002  2.000000e+001  4.800000e+001
      vertex  2.512500e+002  2.000000e+001  4.800000e+001
      vertex  2.497129e+002  2.059221e+001  4.800000e+001
    endloop
  endfacet
  facet normal  -0.000000e+000  0.000000e+000  1.000000e+000
    outer loop
      vertex  2.497129e+002  2.059221e+001  4.800000e+001
      vertex  2.512500e+002  2.000000e+001  4.800000e+001
      vertex  2.512012e+002  2.077922e+001  4.800000e+001
    endloop
  endfacet
  facet normal  0.000000e+000  0.000000e+000  1.000000e+000
    outer loop
      vertex  2.497129e+002  2.059221e+001  4.800000e+001
      vertex  2.512012e+002  2.077922e+001  4.800000e+001
      vertex  2.496023e+002  2.117517e+001  4.800000e+001
    endloop
  endfacet
  facet normal  -0.000000e+000  0.000000e+000  1.000000e+000
    outer loop
      vertex  2.496023e+002  2.117517e+001  4.800000e+001
      vertex  2.512012e+002  2.077922e+001  4.800000e+001
      vertex  2.510557e+002  2.154627e+001  4.800000e+001
    endloop
  endfacet
  facet normal  0.000000e+000  0.000000e+000  9.999999e-001
    outer loop
      vertex  2.496023e+002  2.117517e+001  4.800000e+001
      vertex  2.510557e+002  2.154627e+001  4.800000e+001
      vertex  2.494199e+002  2.173979e+001  4.800000e+001
    endloop
  endfacet
  facet normal  0.000000e+000  0.000000e+000  1.000000e+000
    outer loop
      vertex  2.494199e+002  2.173979e+001  4.800000e+001
      vertex  2.510557e+002  2.154627e+001  4.800000e+001
      vertex  2.491685e+002  2.227727e+001  4.800000e+001
    endloop
  endfacet
  facet normal  -0.000000e+000  0.000000e+000  1.000000e+000
    outer loop
      vertex  2.491685e+002  2.227727e+001  4.800000e+001
      vertex  2.510557e+002  2.154627e+001  4.800000e+001
      vertex  2.508157e+002  2.228920e+001  4.800000e+001
    endloop
  endfacet
  facet normal  0.000000e+000  0.000000e+000  1.000000e+000
    outer loop
      vertex  2.491685e+002  2.227727e+001  4.800000e+001
      vertex  2.508157e+002  2.228920e+001  4.800000e+001
      vertex  2.487907e+002  2.286235e+001  4.800000e+001
    endloop
  endfacet
  facet normal  -0.000000e+000  0.000000e+000  1.000000e+000
    outer loop
      vertex  2.487907e+002  2.286235e+001  4.800000e+001
      vertex  2.508157e+002  2.228920e+001  4.800000e+001
      vertex  2.504849e+002  2.299641e+001  4.800000e+001
    endloop
  endfacet
  facet normal  0.000000e+000  0.000000e+000  1.000000e+000
    outer loop
      vertex  2.487907e+002  2.286235e+001  4.800000e+001
      vertex  2.504849e+002  2.299641e+001  4.800000e+001
      vertex  2.483314e+002  2.338589e+001  4.800000e+001
    endloop
  endfacet
  facet normal  -0.000000e+000  0.000000e+000  1.000000e+000
    outer loop
      vertex  2.483314e+002  2.338589e+001  4.800000e+001
      vertex  2.504849e+002  2.299641e+001  4.800000e+001
      vertex  2.500656e+002  2.366086e+001  4.800000e+001
    endloop
  endfacet
  facet normal  0.000000e+000  0.000000e+000  9.999999e-001
    outer loop
      vertex  2.483314e+002  2.338589e+001  4.800000e+001
      vertex  2.500656e+002  2.366086e+001  4.800000e+001
      vertex  2.478005e+002  2.383665e+001  4.800000e+001
    endloop
  endfacet
  facet normal  0.000000e+000  0.000000e+000  1.000000e+000
    outer loop
      vertex  2.478005e+002  2.383665e+001  4.800000e+001
      vertex  2.500656e+002  2.366086e+001  4.800000e+001
      vertex  2.472094e+002  2.420491e+001  4.800000e+001
    endloop
  endfacet
  facet normal  -0.000000e+000  0.000000e+000  1.000000e+000
    outer loop
      vertex  2.472094e+002  2.420491e+001  4.800000e+001
      vertex  2.500656e+002  2.366086e+001  4.800000e+001
      vertex  2.495663e+002  2.426746e+001  4.800000e+001
    endloop
  endfacet
  facet normal  0.000000e+000  0.000000e+000  1.000000e+000
    outer loop
      vertex  2.472094e+002  2.420491e+001  4.800000e+001
      vertex  2.495663e+002  2.426746e+001  4.800000e+001
      vertex  2.465707e+002  2.448278e+001  4.800000e+001
    endloop
  endfacet
  facet normal  -0.000000e+000  0.000000e+000  1.000000e+000
    outer loop
      vertex  2.465707e+002  2.448278e+001  4.800000e+001
      vertex  2.495663e+002  2.426746e+001  4.800000e+001
      vertex  2.489948e+002  2.480663e+001  4.800000e+001
    endloop
  endfacet
  facet normal  0.000000e+000  0.000000e+000  1.000000e+000
    outer loop
      vertex  2.465707e+002  2.448278e+001  4.800000e+001
      vertex  2.489948e+002  2.480663e+001  4.800000e+001
      vertex  2.458983e+002  2.466428e+001  4.800000e+001
    endloop
  endfacet
  facet normal  1.000000e+000  0.000000e+000  0.000000e+000
    outer loop
      vertex  2.387500e+002  2.000000e+001  4.800000e+001
      vertex  2.387500e+002  2.000000e+001  4.900000e+001
      vertex  2.387500e+002  0.000000e+000  4.800000e+001
    endloop
  endfacet
  facet normal  1.000000e+000  0.000000e+000  0.000000e+000
    outer loop
      vertex  2.387500e+002  0.000000e+000  4.800000e+001
      vertex  2.387500e+002  2.000000e+001  4.900000e+001
      vertex  2.387500e+002  0.000000e+000  4.900000e+001
    endloop
  endfacet
  facet normal  0.000000e+000  0.000000e+000 -1.000000e+000
    outer loop
      vertex  2.404472e+002  2.428187e+001  4.900000e+001
      vertex  2.445105e+002  2.472471e+001  4.900000e+001
      vertex  2.438248e+002  2.460233e+001  4.900000e+001
    endloop
  endfacet
  facet normal  -0.000000e+000  0.000000e+000 -1.000000e+000
    outer loop
      vertex  2.438248e+002  2.460233e+001  4.900000e+001
      vertex  2.431645e+002  2.438102e+001  4.900000e+001
      vertex  2.404472e+002  2.428187e+001  4.900000e+001
    endloop
  endfacet
  facet normal  0.000000e+000  0.000000e+000 -1.000000e+000
    outer loop
      vertex  2.495663e+002  2.426746e+001  4.900000e+001
      vertex  2.472094e+002  2.420491e+001  4.900000e+001
      vertex  2.465707e+002  2.448278e+001  4.900000e+001
    endloop
  endfacet
  facet normal  0.000000e+000  -0.000000e+000 -1.000000e+000
    outer loop
      vertex  2.410204e+002  2.481923e+001  4.900000e+001
      vertex  2.416564e+002  2.528043e+001  4.900000e+001
      vertex  2.483602e+002  2.526984e+001  4.900000e+001
    endloop
  endfacet
  facet normal  0.000000e+000  -0.000000e+000 -9.999999e-001
    outer loop
      vertex  2.410204e+002  2.481923e+001  4.900000e+001
      vertex  2.483602e+002  2.526984e+001  4.900000e+001
      vertex  2.489948e+002  2.480663e+001  4.900000e+001
    endloop
  endfacet
  facet normal  -0.000000e+000  0.000000e+000 -1.000000e+000
    outer loop
      vertex  2.410204e+002  2.481923e+001  4.900000e+001
      vertex  2.489948e+002  2.480663e+001  4.900000e+001
      vertex  2.452066e+002  2.474550e+001  4.900000e+001
    endloop
  endfacet
  facet normal  -0.000000e+000  0.000000e+000 -1.000000e+000
    outer loop
      vertex  2.410204e+002  2.481923e+001  4.900000e+001
      vertex  2.452066e+002  2.474550e+001  4.900000e+001
      vertex  2.445105e+002  2.472471e+001  4.900000e+001
    endloop
  endfacet
  facet normal  -0.000000e+000  0.000000e+000 -9.999999e-001
    outer loop
      vertex  2.410204e+002  2.481923e+001  4.900000e+001
      vertex  2.445105e+002  2.472471e+001  4.900000e+001
      vertex  2.404472e+002  2.428187e+001  4.900000e+001
    endloop
  endfacet
  facet normal  0.000000e+000  0.000000e+000 -1.000000e+000
    outer loop
      vertex  2.469426e+002  2.594043e+001  4.900000e+001
      vertex  2.438374e+002  2.614092e+001  4.900000e+001
      vertex  2.461820e+002  2.613721e+001  4.900000e+001
    endloop
  endfacet
  facet normal  0.000000e+000  0.000000e+000 -1.000000e+000
    outer loop
      vertex  2.461820e+002  2.613721e+001  4.900000e+001
      vertex  2.438374e+002  2.614092e+001  4.900000e+001
      vertex  2.446170e+002  2.623825e+001  4.900000e+001
    endloop
  endfacet
  facet normal  0.000000e+000  0.000000e+000 -1.000000e+000
    outer loop
      vertex  2.461820e+002  2.613721e+001  4.900000e+001
      vertex  2.446170e+002  2.623825e+001  4.900000e+001
      vertex  2.454027e+002  2.623701e+001  4.900000e+001
    endloop
  endfacet
  facet normal  0.000000e+000  0.000000e+000 -1.000000e+000
    outer loop
      vertex  2.438374e+002  2.614092e+001  4.900000e+001
      vertex  2.469426e+002  2.594043e+001  4.900000e+001
      vertex  2.430762e+002  2.594654e+001  4.900000e+001
    endloop
  endfacet
  facet normal  0.000000e+000  0.000000e+000 -1.000000e+000
    outer loop
      vertex  2.430762e+002  2.594654e+001  4.900000e+001
      vertex  2.469426e+002  2.594043e+001  4.900000e+001
      vertex  2.476725e+002  2.564977e+001  4.900000e+001
    endloop
  endfacet
  facet normal  0.000000e+000  0.000000e+000 -9.999999e-001
    outer loop
      vertex  2.430762e+002  2.594654e+001  4.900000e+001
      vertex  2.476725e+002  2.564977e+001  4.900000e+001
      vertex  2.423453e+002  2.565819e+001  4.900000e+001
    endloop
  endfacet
  facet normal  0.000000e+000  0.000000e+000 -1.000000e+000
    outer loop
      vertex  2.423453e+002  2.565819e+001  4.900000e+001
      vertex  2.476725e+002  2.564977e+001  4.900000e+001
      vertex  2.483602e+002  2.526984e+001  4.900000e+001
    endloop
  endfacet
  facet normal  0.000000e+000  0.000000e+000 -1.000000e+000
    outer loop
      vertex  2.423453e+002  2.565819e+001  4.900000e+001
      vertex  2.483602e+002  2.526984e+001  4.900000e+001
      vertex  2.416564e+002  2.528043e+001  4.900000e+001
    endloop
  endfacet
  facet normal  0.000000e+000  0.000000e+000 -1.000000e+000
    outer loop
      vertex  2.419755e+002  2.366262e+001  4.900000e+001
      vertex  2.399460e+002  2.367685e+001  4.900000e+001
      vertex  2.425436e+002  2.406552e+001  4.900000e+001
    endloop
  endfacet
  facet normal  -0.000000e+000  0.000000e+000 -1.000000e+000
    outer loop
      vertex  2.425436e+002  2.406552e+001  4.900000e+001
      vertex  2.399460e+002  2.367685e+001  4.900000e+001
      vertex  2.404472e+002  2.428187e+001  4.900000e+001
    endloop
  endfacet
  facet normal  0.000000e+000  0.000000e+000 -1.000000e+000
    outer loop
      vertex  2.425436e+002  2.406552e+001  4.900000e+001
      vertex  2.404472e+002  2.428187e+001  4.900000e+001
      vertex  2.431645e+002  2.438102e+001  4.900000e+001
    endloop
  endfacet
  facet normal  0.000000e+000  0.000000e+000 -1.000000e+000
    outer loop
      vertex  2.407030e+002  2.202435e+001  4.900000e+001
      vertex  2.391898e+002  2.230298e+001  4.900000e+001
      vertex  2.410452e+002  2.263094e+001  4.900000e+001
    endloop
  endfacet
  facet normal  -0.000000e+000  0.000000e+000 -1.000000e+000
    outer loop
      vertex  2.410452e+002  2.263094e+001  4.900000e+001
      vertex  2.391898e+002  2.230298e+001  4.900000e+001
      vertex  2.395246e+002  2.301373e+001  4.900000e+001
    endloop
  endfacet
  facet normal  0.000000e+000  0.000000e+000 -1.000000e+000
    outer loop
      vertex  2.410452e+002  2.263094e+001  4.900000e+001
      vertex  2.395246e+002  2.301373e+001  4.900000e+001
      vertex  2.414724e+002  2.318097e+001  4.900000e+001
    endloop
  endfacet
  facet normal  -0.000000e+000  0.000000e+000 -9.999999e-001
    outer loop
      vertex  2.414724e+002  2.318097e+001  4.900000e+001
      vertex  2.395246e+002  2.301373e+001  4.900000e+001
      vertex  2.399460e+002  2.367685e+001  4.900000e+001
    endloop
  endfacet
  facet normal  0.000000e+000  0.000000e+000 -1.000000e+000
    outer loop
      vertex  2.414724e+002  2.318097e+001  4.900000e+001
      vertex  2.399460e+002  2.367685e+001  4.900000e+001
      vertex  2.419755e+002  2.366262e+001  4.900000e+001
    endloop
  endfacet
  facet normal  0.000000e+000  0.000000e+000 -1.000000e+000
    outer loop
      vertex  2.403011e+002  2.069459e+001  4.900000e+001
      vertex  2.389467e+002  2.155584e+001  4.900000e+001
      vertex  2.404531e+002  2.137424e+001  4.900000e+001
    endloop
  endfacet
  facet normal  0.000000e+000  0.000000e+000 -1.000000e+000
    outer loop
      vertex  2.404531e+002  2.137424e+001  4.900000e+001
      vertex  2.389467e+002  2.155584e+001  4.900000e+001
      vertex  2.391898e+002  2.230298e+001  4.900000e+001
    endloop
  endfacet
  facet normal  0.000000e+000  0.000000e+000 -1.000000e+000
    outer loop
      vertex  2.404531e+002  2.137424e+001  4.900000e+001
      vertex  2.391898e+002  2.230298e+001  4.900000e+001
      vertex  2.407030e+002  2.202435e+001  4.900000e+001
    endloop
  endfacet
  facet normal  0.000000e+000  0.000000e+000 -1.000000e+000
    outer loop
      vertex  2.389467e+002  2.155584e+001  4.900000e+001
      vertex  2.403011e+002  2.069459e+001  4.900000e+001
      vertex  2.387994e+002  2.078412e+001  4.900000e+001
    endloop
  endfacet
  facet normal  0.000000e+000  0.000000e+000 -1.000000e+000
    outer loop
      vertex  2.387994e+002  2.078412e+001  4.900000e+001
      vertex  2.403011e+002  2.069459e+001  4.900000e+001
      vertex  2.402500e+002  2.000000e+001  4.900000e+001
    endloop
  endfacet
  facet normal  0.000000e+000  0.000000e+000 -1.000000e+000
    outer loop
      vertex  2.387994e+002  2.078412e+001  4.900000e+001
      vertex  2.402500e+002  2.000000e+001  4.900000e+001
      vertex  2.387500e+002  2.000000e+001  4.900000e+001
    endloop
  endfacet
  facet normal  0.000000e+000  0.000000e+000 -1.000000e+000
    outer loop
      vertex  2.387500e+002  2.000000e+001  4.900000e+001
      vertex  2.402500e+002  2.000000e+001  4.900000e+001
      vertex  2.402500e+002  0.000000e+000  4.900000e+001
    endloop
  endfacet
  facet normal  0.000000e+000  0.000000e+000 -1.000000e+000
    outer loop
      vertex  2.387500e+002  2.000000e+001  4.900000e+001
      vertex  2.402500e+002  0.000000e+000  4.900000e+001
      vertex  2.387500e+002  0.000000e+000  4.900000e+001
    endloop
  endfacet
  facet normal  0.000000e+000  0.000000e+000 -1.000000e+000
    outer loop
      vertex  2.452066e+002  2.474550e+001  4.900000e+001
      vertex  2.489948e+002  2.480663e+001  4.900000e+001
      vertex  2.458983e+002  2.466428e+001  4.900000e+001
    endloop
  endfacet
  facet normal  0.000000e+000  0.000000e+000 -1.000000e+000
    outer loop
      vertex  2.458983e+002  2.466428e+001  4.900000e+001
      vertex  2.489948e+002  2.480663e+001  4.900000e+001
      vertex  2.495663e+002  2.426746e+001  4.900000e+001
    endloop
  endfacet
  facet normal  0.000000e+000  0.000000e+000 -1.000000e+000
    outer loop
      vertex  2.458983e+002  2.466428e+001  4.900000e+001
      vertex  2.495663e+002  2.426746e+001  4.900000e+001
      vertex  2.465707e+002  2.448278e+001  4.900000e+001
    endloop
  endfacet
  facet normal  0.000000e+000  0.000000e+000 -1.000000e+000
    outer loop
      vertex  2.487907e+002  2.286235e+001  4.900000e+001
      vertex  2.483314e+002  2.338589e+001  4.900000e+001
      vertex  2.504849e+002  2.299641e+001  4.900000e+001
    endloop
  endfacet
  facet normal  0.000000e+000  0.000000e+000 -9.999999e-001
    outer loop
      vertex  2.504849e+002  2.299641e+001  4.900000e+001
      vertex  2.483314e+002  2.338589e+001  4.900000e+001
      vertex  2.478005e+002  2.383665e+001  4.900000e+001
    endloop
  endfacet
  facet normal  0.000000e+000  0.000000e+000 -1.000000e+000
    outer loop
      vertex  2.504849e+002  2.299641e+001  4.900000e+001
      vertex  2.478005e+002  2.383665e+001  4.900000e+001
      vertex  2.500656e+002  2.366086e+001  4.900000e+001
    endloop
  endfacet
  facet normal  0.000000e+000  0.000000e+000 -1.000000e+000
    outer loop
      vertex  2.500656e+002  2.366086e+001  4.900000e+001
      vertex  2.478005e+002  2.383665e+001  4.900000e+001
      vertex  2.472094e+002  2.420491e+001  4.900000e+001
    endloop
  endfacet
  facet normal  0.000000e+000  0.000000e+000 -1.000000e+000
    outer loop
      vertex  2.500656e+002  2.366086e+001  4.900000e+001
      vertex  2.472094e+002  2.420491e+001  4.900000e+001
      vertex  2.495663e+002  2.426746e+001  4.900000e+001
    endloop
  endfacet
  facet normal  0.000000e+000  0.000000e+000 -1.000000e+000
    outer loop
      vertex  2.497129e+002  2.059221e+001  4.900000e+001
      vertex  2.496023e+002  2.117517e+001  4.900000e+001
      vertex  2.512012e+002  2.077922e+001  4.900000e+001
    endloop
  endfacet
  facet normal  0.000000e+000  0.000000e+000 -1.000000e+000
    outer loop
      vertex  2.512012e+002  2.077922e+001  4.900000e+001
      vertex  2.496023e+002  2.117517e+001  4.900000e+001
      vertex  2.494199e+002  2.173979e+001  4.900000e+001
    endloop
  endfacet
  facet normal  0.000000e+000  0.000000e+000 -9.999999e-001
    outer loop
      vertex  2.512012e+002  2.077922e+001  4.900000e+001
      vertex  2.494199e+002  2.173979e+001  4.900000e+001
      vertex  2.510557e+002  2.154627e+001  4.900000e+001
    endloop
  endfacet
  facet normal  0.000000e+000  0.000000e+000 -1.000000e+000
    outer loop
      vertex  2.510557e+002  2.154627e+001  4.900000e+001
      vertex  2.494199e+002  2.173979e+001  4.900000e+001
      vertex  2.491685e+002  2.227727e+001  4.900000e+001
    endloop
  endfacet
  facet normal  0.000000e+000  0.000000e+000 -1.000000e+000
    outer loop
      vertex  2.510557e+002  2.154627e+001  4.900000e+001
      vertex  2.491685e+002  2.227727e+001  4.900000e+001
      vertex  2.508157e+002  2.228920e+001  4.900000e+001
    endloop
  endfacet
  facet normal  -0.000000e+000  0.000000e+000 -1.000000e+000
    outer loop
      vertex  2.508157e+002  2.228920e+001  4.900000e+001
      vertex  2.491685e+002  2.227727e+001  4.900000e+001
      vertex  2.487907e+002  2.286235e+001  4.900000e+001
    endloop
  endfacet
  facet normal  0.000000e+000  0.000000e+000 -1.000000e+000
    outer loop
      vertex  2.508157e+002  2.228920e+001  4.900000e+001
      vertex  2.487907e+002  2.286235e+001  4.900000e+001
      vertex  2.504849e+002  2.299641e+001  4.900000e+001
    endloop
  endfacet
  facet normal  0.000000e+000  0.000000e+000 -1.000000e+000
    outer loop
      vertex  2.512012e+002  2.077922e+001  4.900000e+001
      vertex  2.512500e+002  2.000000e+001  4.900000e+001
      vertex  2.497129e+002  2.059221e+001  4.900000e+001
    endloop
  endfacet
  facet normal  0.000000e+000  0.000000e+000 -1.000000e+000
    outer loop
      vertex  2.497129e+002  2.059221e+001  4.900000e+001
      vertex  2.512500e+002  2.000000e+001  4.900000e+001
      vertex  2.497500e+002  2.000000e+001  4.900000e+001
    endloop
  endfacet
  facet normal  0.000000e+000  0.000000e+000 -1.000000e+000
    outer loop
      vertex  2.512500e+002  2.000000e+001  4.900000e+001
      vertex  2.512500e+002  0.000000e+000  4.900000e+001
      vertex  2.497500e+002  2.000000e+001  4.900000e+001
    endloop
  endfacet
  facet normal  0.000000e+000  0.000000e+000 -1.000000e+000
    outer loop
      vertex  2.497500e+002  2.000000e+001  4.900000e+001
      vertex  2.512500e+002  0.000000e+000  4.900000e+001
      vertex  2.497500e+002  0.000000e+000  4.900000e+001
    endloop
  endfacet
  facet normal  3.177719e-001 -9.481671e-001  0.000000e+000
    outer loop
      vertex  2.438248e+002  2.460233e+001  4.900000e+001
      vertex  2.431645e+002  2.438102e+001  5.000000e+001
      vertex  2.431645e+002  2.438102e+001  4.900000e+001
    endloop
  endfacet
  facet normal  4.529991e-001 -8.915110e-001  0.000000e+000
    outer loop
      vertex  2.431645e+002  2.438102e+001  4.900000e+001
      vertex  2.431645e+002  2.438102e+001  5.000000e+001
      vertex  2.425436e+002  2.406552e+001  5.000000e+001
    endloop
  endfacet
  facet normal  4.529991e-001 -8.915110e-001  0.000000e+000
    outer loop
      vertex  2.431645e+002  2.438102e+001  4.900000e+001
      vertex  2.425436e+002  2.406552e+001  5.000000e+001
      vertex  2.425436e+002  2.406552e+001  4.900000e+001
    endloop
  endfacet
  facet normal  5.785041e-001 -8.156794e-001  0.000000e+000
    outer loop
      vertex  2.425436e+002  2.406552e+001  4.900000e+001
      vertex  2.425436e+002  2.406552e+001  5.000000e+001
      vertex  2.419755e+002  2.366262e+001  5.000000e+001
    endloop
  endfacet
  facet normal  5.785041e-001 -8.156794e-001  0.000000e+000
    outer loop
      vertex  2.425436e+002  2.406552e+001  4.900000e+001
      vertex  2.419755e+002  2.366262e+001  5.000000e+001
      vertex  2.419755e+002  2.366262e+001  4.900000e+001
    endloop
  endfacet
  facet normal  6.915594e-001 -7.223197e-001  0.000000e+000
    outer loop
      vertex  2.419755e+002  2.366262e+001  4.900000e+001
      vertex  2.419755e+002  2.366262e+001  5.000000e+001
      vertex  2.414724e+002  2.318097e+001  5.000000e+001
    endloop
  endfacet
  facet normal  6.915594e-001 -7.223197e-001  0.000000e+000
    outer loop
      vertex  2.419755e+002  2.366262e+001  4.900000e+001
      vertex  2.414724e+002  2.318097e+001  5.000000e+001
      vertex  2.414724e+002  2.318097e+001  4.900000e+001
    endloop
  endfacet
  facet normal  7.897488e-001 -6.134305e-001  0.000000e+000
    outer loop
      vertex  2.414724e+002  2.318097e+001  4.900000e+001
      vertex  2.414724e+002  2.318097e+001  5.000000e+001
      vertex  2.410452e+002  2.263094e+001  5.000000e+001
    endloop
  endfacet
  facet normal  7.897488e-001 -6.134305e-001  0.000000e+000
    outer loop
      vertex  2.414724e+002  2.318097e+001  4.900000e+001
      vertex  2.410452e+002  2.263094e+001  5.000000e+001
      vertex  2.410452e+002  2.263094e+001  4.900000e+001
    endloop
  endfacet
  facet normal  8.709601e-001 -4.913535e-001  0.000000e+000
    outer loop
      vertex  2.410452e+002  2.263094e+001  4.900000e+001
      vertex  2.410452e+002  2.263094e+001  5.000000e+001
      vertex  2.407030e+002  2.202435e+001  5.000000e+001
    endloop
  endfacet
  facet normal  8.709601e-001 -4.913535e-001  0.000000e+000
    outer loop
      vertex  2.410452e+002  2.263094e+001  4.900000e+001
      vertex  2.407030e+002  2.202435e+001  5.000000e+001
      vertex  2.407030e+002  2.202435e+001  4.900000e+001
    endloop
  endfacet
  facet normal  9.334467e-001 -3.587161e-001  0.000000e+000
    outer loop
      vertex  2.407030e+002  2.202435e+001  4.900000e+001
      vertex  2.407030e+002  2.202435e+001  5.000000e+001
      vertex  2.404531e+002  2.137424e+001  5.000000e+001
    endloop
  endfacet
  facet normal  9.334467e-001 -3.587161e-001  0.000000e+000
    outer loop
      vertex  2.407030e+002  2.202435e+001  4.900000e+001
      vertex  2.404531e+002  2.137424e+001  5.000000e+001
      vertex  2.404531e+002  2.137424e+001  4.900000e+001
    endloop
  endfacet
  facet normal  9.758667e-001 -2.183667e-001  0.000000e+000
    outer loop
      vertex  2.404531e+002  2.137424e+001  4.900000e+001
      vertex  2.404531e+002  2.137424e+001  5.000000e+001
      vertex  2.403011e+002  2.069459e+001  5.000000e+001
    endloop
  endfacet
  facet normal  9.758667e-001 -2.183667e-001  0.000000e+000
    outer loop
      vertex  2.404531e+002  2.137424e+001  4.900000e+001
      vertex  2.403011e+002  2.069459e+001  5.000000e+001
      vertex  2.403011e+002  2.069459e+001  4.900000e+001
    endloop
  endfacet
  facet normal  9.973094e-001 -7.330757e-002  0.000000e+000
    outer loop
      vertex  2.403011e+002  2.069459e+001  4.900000e+001
      vertex  2.403011e+002  2.069459e+001  5.000000e+001
      vertex  2.402500e+002  2.000000e+001  5.000000e+001
    endloop
  endfacet
  facet normal  9.973094e-001 -7.330757e-002  0.000000e+000
    outer loop
      vertex  2.403011e+002  2.069459e+001  4.900000e+001
      vertex  2.402500e+002  2.000000e+001  5.000000e+001
      vertex  2.402500e+002  2.000000e+001  4.900000e+001
    endloop
  endfacet
  facet normal  3.177719e-001 -9.481671e-001  0.000000e+000
    outer loop
      vertex  2.431645e+002  2.438102e+001  5.000000e+001
      vertex  2.438248e+002  2.460233e+001  4.900000e+001
      vertex  2.438248e+002  2.460233e+001  5.000000e+001
    endloop
  endfacet
  facet normal  1.757084e-001 -9.844423e-001  0.000000e+000
    outer loop
      vertex  2.438248e+002  2.460233e+001  5.000000e+001
      vertex  2.438248e+002  2.460233e+001  4.900000e+001
      vertex  2.445105e+002  2.472471e+001  4.900000e+001
    endloop
  endfacet
  facet normal  1.757084e-001 -9.844423e-001  0.000000e+000
    outer loop
      vertex  2.438248e+002  2.460233e+001  5.000000e+001
      vertex  2.445105e+002  2.472471e+001  4.900000e+001
      vertex  2.445105e+002  2.472471e+001  5.000000e+001
    endloop
  endfacet
  facet normal  2.986196e-002 -9.995540e-001  0.000000e+000
    outer loop
      vertex  2.445105e+002  2.472471e+001  5.000000e+001
      vertex  2.445105e+002  2.472471e+001  4.900000e+001
      vertex  2.452066e+002  2.474550e+001  4.900000e+001
    endloop
  endfacet
  facet normal  2.986196e-002 -9.995540e-001  0.000000e+000
    outer loop
      vertex  2.445105e+002  2.472471e+001  5.000000e+001
      vertex  2.452066e+002  2.474550e+001  4.900000e+001
      vertex  2.452066e+002  2.474550e+001  5.000000e+001
    endloop
  endfacet
  facet normal -1.166213e-001 -9.931765e-001  -0.000000e+000
    outer loop
      vertex  2.452066e+002  2.474550e+001  5.000000e+001
      vertex  2.452066e+002  2.474550e+001  4.900000e+001
      vertex  2.458983e+002  2.466428e+001  4.900000e+001
    endloop
  endfacet
  facet normal -1.166213e-001 -9.931765e-001  0.000000e+000
    outer loop
      vertex  2.452066e+002  2.474550e+001  5.000000e+001
      vertex  2.458983e+002  2.466428e+001  4.900000e+001
      vertex  2.458983e+002  2.466428e+001  5.000000e+001
    endloop
  endfacet
  facet normal -2.606006e-001 -9.654467e-001  -0.000000e+000
    outer loop
      vertex  2.458983e+002  2.466428e+001  5.000000e+001
      vertex  2.458983e+002  2.466428e+001  4.900000e+001
      vertex  2.465707e+002  2.448278e+001  4.900000e+001
    endloop
  endfacet
  facet normal -2.606006e-001 -9.654467e-001  0.000000e+000
    outer loop
      vertex  2.458983e+002  2.466428e+001  5.000000e+001
      vertex  2.465707e+002  2.448278e+001  4.900000e+001
      vertex  2.465707e+002  2.448278e+001  5.000000e+001
    endloop
  endfacet
  facet normal -3.989676e-001 -9.169649e-001  -0.000000e+000
    outer loop
      vertex  2.465707e+002  2.448278e+001  5.000000e+001
      vertex  2.465707e+002  2.448278e+001  4.900000e+001
      vertex  2.472094e+002  2.420491e+001  4.900000e+001
    endloop
  endfacet
  facet normal -3.989676e-001 -9.169649e-001  0.000000e+000
    outer loop
      vertex  2.465707e+002  2.448278e+001  5.000000e+001
      vertex  2.472094e+002  2.420491e+001  4.900000e+001
      vertex  2.472094e+002  2.420491e+001  5.000000e+001
    endloop
  endfacet
  facet normal -5.287754e-001 -8.487618e-001  -0.000000e+000
    outer loop
      vertex  2.472094e+002  2.420491e+001  5.000000e+001
      vertex  2.472094e+002  2.420491e+001  4.900000e+001
      vertex  2.478005e+002  2.383665e+001  4.900000e+001
    endloop
  endfacet
  facet normal -5.287754e-001 -8.487618e-001  0.000000e+000
    outer loop
      vertex  2.472094e+002  2.420491e+001  5.000000e+001
      vertex  2.478005e+002  2.383665e+001  4.900000e+001
      vertex  2.478005e+002  2.383665e+001  5.000000e+001
    endloop
  endfacet
  facet normal -6.472000e-001 -7.623203e-001  -0.000000e+000
    outer loop
      vertex  2.478005e+002  2.383665e+001  5.000000e+001
      vertex  2.478005e+002  2.383665e+001  4.900000e+001
      vertex  2.483314e+002  2.338589e+001  4.900000e+001
    endloop
  endfacet
  facet normal -6.472000e-001 -7.623203e-001  0.000000e+000
    outer loop
      vertex  2.478005e+002  2.383665e+001  5.000000e+001
      vertex  2.483314e+002  2.338589e+001  4.900000e+001
      vertex  2.483314e+002  2.338589e+001  5.000000e+001
    endloop
  endfacet
  facet normal -7.517185e-001 -6.594841e-001  -0.000000e+000
    outer loop
      vertex  2.483314e+002  2.338589e+001  5.000000e+001
      vertex  2.483314e+002  2.338589e+001  4.900000e+001
      vertex  2.487907e+002  2.286235e+001  4.900000e+001
    endloop
  endfacet
  facet normal -7.517185e-001 -6.594841e-001  0.000000e+000
    outer loop
      vertex  2.483314e+002  2.338589e+001  5.000000e+001
      vertex  2.487907e+002  2.286235e+001  4.900000e+001
      vertex  2.487907e+002  2.286235e+001  5.000000e+001
    endloop
  endfacet
  facet normal -8.400760e-001 -5.424686e-001  -0.000000e+000
    outer loop
      vertex  2.487907e+002  2.286235e+001  5.000000e+001
      vertex  2.487907e+002  2.286235e+001  4.900000e+001
      vertex  2.491685e+002  2.227727e+001  4.900000e+001
    endloop
  endfacet
  facet normal -8.400760e-001 -5.424686e-001  0.000000e+000
    outer loop
      vertex  2.487907e+002  2.286235e+001  5.000000e+001
      vertex  2.491685e+002  2.227727e+001  4.900000e+001
      vertex  2.491685e+002  2.227727e+001  5.000000e+001
    endloop
  endfacet
  facet normal -9.515623e-001 -3.074562e-001  -0.000000e+000
    outer loop
      vertex  2.496023e+002  2.117517e+001  4.900000e+001
      vertex  2.494199e+002  2.173979e+001  5.000000e+001
      vertex  2.494199e+002  2.173979e+001  4.900000e+001
    endloop
  endfacet
  facet normal -9.058174e-001 -4.236682e-001  0.000000e+000
    outer loop
      vertex  2.494199e+002  2.173979e+001  4.900000e+001
      vertex  2.494199e+002  2.173979e+001  5.000000e+001
      vertex  2.491685e+002  2.227727e+001  5.000000e+001
    endloop
  endfacet
  facet normal -9.058174e-001 -4.236682e-001  -0.000000e+000
    outer loop
      vertex  2.494199e+002  2.173979e+001  4.900000e+001
      vertex  2.491685e+002  2.227727e+001  5.000000e+001
      vertex  2.491685e+002  2.227727e+001  4.900000e+001
    endloop
  endfacet
  facet normal -9.515623e-001 -3.074562e-001  0.000000e+000
    outer loop
      vertex  2.494199e+002  2.173979e+001  5.000000e+001
      vertex  2.496023e+002  2.117517e+001  4.900000e+001
      vertex  2.496023e+002  2.117517e+001  5.000000e+001
    endloop
  endfacet
  facet normal -9.824762e-001 -1.863883e-001  -0.000000e+000
    outer loop
      vertex  2.496023e+002  2.117517e+001  5.000000e+001
      vertex  2.496023e+002  2.117517e+001  4.900000e+001
      vertex  2.497129e+002  2.059221e+001  4.900000e+001
    endloop
  endfacet
  facet normal -9.824762e-001 -1.863883e-001  0.000000e+000
    outer loop
      vertex  2.496023e+002  2.117517e+001  5.000000e+001
      vertex  2.497129e+002  2.059221e+001  4.900000e+001
      vertex  2.497129e+002  2.059221e+001  5.000000e+001
    endloop
  endfacet
  facet normal -9.980472e-001 -6.246353e-002  -0.000000e+000
    outer loop
      vertex  2.497129e+002  2.059221e+001  5.000000e+001
      vertex  2.497129e+002  2.059221e+001  4.900000e+001
      vertex  2.497500e+002  2.000000e+001  4.900000e+001
    endloop
  endfacet
  facet normal -9.980472e-001 -6.246353e-002  0.000000e+000
    outer loop
      vertex  2.497129e+002  2.059221e+001  5.000000e+001
      vertex  2.497500e+002  2.000000e+001  4.900000e+001
      vertex  2.497500e+002  2.000000e+001  5.000000e+001
    endloop
  endfacet
  facet normal -1.000000e+000  -0.000000e+000  0.000000e+000
    outer loop
      vertex  2.497500e+002  0.000000e+000  5.000000e+001
      vertex  2.497500e+002  2.000000e+001  5.000000e+001
      vertex  2.497500e+002  0.000000e+000  4.900000e+001
    endloop
  endfacet
  facet normal -1.000000e+000  0.000000e+000  0.000000e+000
    outer loop
      vertex  2.497500e+002  0.000000e+000  4.900000e+001
      vertex  2.497500e+002  2.000000e+001  5.000000e+001
      vertex  2.497500e+002  2.000000e+001  4.900000e+001
    endloop
  endfacet
  facet normal  1.000000e+000  0.000000e+000  0.000000e+000
    outer loop
      vertex  2.402500e+002  0.000000e+000  4.900000e+001
      vertex  2.402500e+002  2.000000e+001  4.900000e+001
      vertex  2.402500e+002  0.000000e+000  5.000000e+001
    endloop
  endfacet
  facet normal  1.000000e+000  -0.000000e+000  0.000000e+000
    outer loop
      vertex  2.402500e+002  0.000000e+000  5.000000e+001
      vertex  2.402500e+002  2.000000e+001  4.900000e+001
      vertex  2.402500e+002  2.000000e+001  5.000000e+001
    endloop
  endfacet
  facet normal  1.000000e+000  0.000000e+000  0.000000e+000
    outer loop
      vertex  2.600000e+002  3.000000e+001  0.000000e+000
      vertex  2.600000e+002  3.000000e+001  5.000000e+001
      vertex  2.600000e+002  0.000000e+000  0.000000e+000
    endloop
  endfacet
  facet normal  1.000000e+000  0.000000e+000  0.000000e+000
    outer loop
      vertex  2.600000e+002  0.000000e+000  0.000000e+000
      vertex  2.600000e+002  3.000000e+001  5.000000e+001
      vertex  2.600000e+002  0.000000e+000  5.000000e+001
    endloop
  endfacet
  facet normal  0.000000e+000 -9.999999e-001  0.000000e+000
    outer loop
      vertex  2.600000e+002  0.000000e+000  5.000000e+001
      vertex  2.497500e+002  0.000000e+000  5.000000e+001
      vertex  2.497500e+002  0.000000e+000  4.900000e+001
    endloop
  endfacet
  facet normal  0.000000e+000 -1.000000e+000  0.000000e+000
    outer loop
      vertex  2.600000e+002  0.000000e+000  5.000000e+001
      vertex  2.497500e+002  0.000000e+000  4.900000e+001
      vertex  2.512500e+002  0.000000e+000  4.900000e+001
    endloop
  endfacet
  facet normal  0.000000e+000 -1.000000e+000  0.000000e+000
    outer loop
      vertex  2.600000e+002  0.000000e+000  5.000000e+001
      vertex  2.512500e+002  0.000000e+000  4.900000e+001
      vertex  2.512500e+002  0.000000e+000  4.800000e+001
    endloop
  endfacet
  facet normal  0.000000e+000 -1.000000e+000  0.000000e+000
    outer loop
      vertex  2.600000e+002  0.000000e+000  5.000000e+001
      vertex  2.512500e+002  0.000000e+000  4.800000e+001
      vertex  2.512500e+002  0.000000e+000  4.700000e+001
    endloop
  endfacet
  facet normal  0.000000e+000 -1.000000e+000  0.000000e+000
    outer loop
      vertex  2.600000e+002  0.000000e+000  5.000000e+001
      vertex  2.512500e+002  0.000000e+000  4.700000e+001
      vertex  2.512500e+002  0.000000e+000  9.000000e+000
    endloop
  endfacet
  facet normal  0.000000e+000 -1.000000e+000  0.000000e+000
    outer loop
      vertex  2.600000e+002  0.000000e+000  5.000000e+001
      vertex  2.512500e+002  0.000000e+000  9.000000e+000
      vertex  2.600000e+002  0.000000e+000  0.000000e+000
    endloop
  endfacet
  facet normal  0.000000e+000 -1.000000e+000  0.000000e+000
    outer loop
      vertex  2.300000e+002  0.000000e+000  5.000000e+001
      vertex  2.300000e+002  0.000000e+000  0.000000e+000
      vertex  2.387500e+002  0.000000e+000  9.000000e+000
    endloop
  endfacet
  facet normal  0.000000e+000 -1.000000e+000  0.000000e+000
    outer loop
      vertex  2.300000e+002  0.000000e+000  5.000000e+001
      vertex  2.387500e+002  0.000000e+000  9.000000e+000
      vertex  2.387500e+002  0.000000e+000  4.700000e+001
    endloop
  endfacet
  facet normal  0.000000e+000 -1.000000e+000  0.000000e+000
    outer loop
      vertex  2.300000e+002  0.000000e+000  5.000000e+001
      vertex  2.387500e+002  0.000000e+000  4.700000e+001
      vertex  2.387500e+002  0.000000e+000  4.800000e+001
    endloop
  endfacet
  facet normal  0.000000e+000 -1.000000e+000  0.000000e+000
    outer loop
      vertex  2.300000e+002  0.000000e+000  5.000000e+001
      vertex  2.387500e+002  0.000000e+000  4.800000e+001
      vertex  2.387500e+002  0.000000e+000  4.900000e+001
    endloop
  endfacet
  facet normal  0.000000e+000 -1.000000e+000  0.000000e+000
    outer loop
      vertex  2.300000e+002  0.000000e+000  5.000000e+001
      vertex  2.387500e+002  0.000000e+000  4.900000e+001
      vertex  2.402500e+002  0.000000e+000  4.900000e+001
    endloop
  endfacet
  facet normal  0.000000e+000 -9.999999e-001  0.000000e+000
    outer loop
      vertex  2.300000e+002  0.000000e+000  5.000000e+001
      vertex  2.402500e+002  0.000000e+000  4.900000e+001
      vertex  2.402500e+002  0.000000e+000  5.000000e+001
    endloop
  endfacet
  facet normal -1.421085e-014 -1.000000e+000  2.131628e-014
    outer loop
      vertex  2.497500e+002  2.131628e-014  4.800000e+001
      vertex  2.497500e+002  0.000000e+000  4.700000e+001
      vertex  2.512500e+002  0.000000e+000  4.800000e+001
    endloop
  endfacet
  facet normal  0.000000e+000 -1.000000e+000  -0.000000e+000
    outer loop
      vertex  2.512500e+002  0.000000e+000  4.800000e+001
      vertex  2.497500e+002  0.000000e+000  4.700000e+001
      vertex  2.512500e+002  0.000000e+000  4.700000e+001
    endloop
  endfacet
  facet normal  0.000000e+000 -1.000000e+000  0.000000e+000
    outer loop
      vertex  2.300000e+002  0.000000e+000  0.000000e+000
      vertex  2.600000e+002  0.000000e+000  0.000000e+000
      vertex  2.387500e+002  0.000000e+000  9.000000e+000
    endloop
  endfacet
  facet normal  0.000000e+000 -1.000000e+000  0.000000e+000
    outer loop
      vertex  2.387500e+002  0.000000e+000  9.000000e+000
      vertex  2.600000e+002  0.000000e+000  0.000000e+000
      vertex  2.512500e+002  0.000000e+000  9.000000e+000
    endloop
  endfacet
  facet normal -4.736952e-015 -1.000000e+000  0.000000e+000
    outer loop
      vertex  2.387500e+002  0.000000e+000  4.700000e+001
      vertex  2.402500e+002 -7.105427e-015  4.700000e+001
      vertex  2.387500e+002  0.000000e+000  4.800000e+001
    endloop
  endfacet
  facet normal  0.000000e+000 -1.000000e+000  7.105427e-015
    outer loop
      vertex  2.387500e+002  0.000000e+000  4.800000e+001
      vertex  2.402500e+002 -7.105427e-015  4.700000e+001
      vertex  2.402500e+002  0.000000e+000  4.800000e+001
    endloop
  endfacet
  facet normal  0.000000e+000  0.000000e+000  1.000000e+000
    outer loop
      vertex  2.600000e+002  3.000000e+001  5.000000e+001
      vertex  2.438248e+002  2.460233e+001  5.000000e+001
      vertex  2.445105e+002  2.472471e+001  5.000000e+001
    endloop
  endfacet
  facet normal  0.000000e+000  0.000000e+000  1.000000e+000
    outer loop
      vertex  2.600000e+002  3.000000e+001  5.000000e+001
      vertex  2.445105e+002  2.472471e+001  5.000000e+001
      vertex  2.452066e+002  2.474550e+001  5.000000e+001
    endloop
  endfacet
  facet normal  -0.000000e+000  0.000000e+000  1.000000e+000
    outer loop
      vertex  2.600000e+002  3.000000e+001  5.000000e+001
      vertex  2.452066e+002  2.474550e+001  5.000000e+001
      vertex  2.458983e+002  2.466428e+001  5.000000e+001
    endloop
  endfacet
  facet normal  -0.000000e+000  0.000000e+000  1.000000e+000
    outer loop
      vertex  2.600000e+002  3.000000e+001  5.000000e+001
      vertex  2.458983e+002  2.466428e+001  5.000000e+001
      vertex  2.465707e+002  2.448278e+001  5.000000e+001
    endloop
  endfacet
  facet normal  -0.000000e+000  0.000000e+000  1.000000e+000
    outer loop
      vertex  2.600000e+002  3.000000e+001  5.000000e+001
      vertex  2.465707e+002  2.448278e+001  5.000000e+001
      vertex  2.472094e+002  2.420491e+001  5.000000e+001
    endloop
  endfacet
  facet normal  -0.000000e+000  0.000000e+000  1.000000e+000
    outer loop
      vertex  2.600000e+002  3.000000e+001  5.000000e+001
      vertex  2.472094e+002  2.420491e+001  5.000000e+001
      vertex  2.478005e+002  2.383665e+001  5.000000e+001
    endloop
  endfacet
  facet normal  -0.000000e+000  0.000000e+000  1.000000e+000
    outer loop
      vertex  2.600000e+002  3.000000e+001  5.000000e+001
      vertex  2.478005e+002  2.383665e+001  5.000000e+001
      vertex  2.483314e+002  2.338589e+001  5.000000e+001
    endloop
  endfacet
  facet normal  -0.000000e+000  0.000000e+000  1.000000e+000
    outer loop
      vertex  2.600000e+002  3.000000e+001  5.000000e+001
      vertex  2.483314e+002  2.338589e+001  5.000000e+001
      vertex  2.487907e+002  2.286235e+001  5.000000e+001
    endloop
  endfacet
  facet normal  -0.000000e+000  0.000000e+000  1.000000e+000
    outer loop
      vertex  2.600000e+002  3.000000e+001  5.000000e+001
      vertex  2.487907e+002  2.286235e+001  5.000000e+001
      vertex  2.491685e+002  2.227727e+001  5.000000e+001
    endloop
  endfacet
  facet normal  -0.000000e+000  0.000000e+000  1.000000e+000
    outer loop
      vertex  2.600000e+002  3.000000e+001  5.000000e+001
      vertex  2.491685e+002  2.227727e+001  5.000000e+001
      vertex  2.494199e+002  2.173979e+001  5.000000e+001
    endloop
  endfacet
  facet normal  -0.000000e+000  0.000000e+000  1.000000e+000
    outer loop
      vertex  2.600000e+002  3.000000e+001  5.000000e+001
      vertex  2.494199e+002  2.173979e+001  5.000000e+001
      vertex  2.496023e+002  2.117517e+001  5.000000e+001
    endloop
  endfacet
  facet normal  -0.000000e+000  0.000000e+000  1.000000e+000
    outer loop
      vertex  2.600000e+002  3.000000e+001  5.000000e+001
      vertex  2.496023e+002  2.117517e+001  5.000000e+001
      vertex  2.497129e+002  2.059221e+001  5.000000e+001
    endloop
  endfacet
  facet normal  -0.000000e+000  0.000000e+000  9.999999e-001
    outer loop
      vertex  2.600000e+002  3.000000e+001  5.000000e+001
      vertex  2.497129e+002  2.059221e+001  5.000000e+001
      vertex  2.497500e+002  2.000000e+001  5.000000e+001
    endloop
  endfacet
  facet normal  -0.000000e+000  0.000000e+000  1.000000e+000
    outer loop
      vertex  2.600000e+002  3.000000e+001  5.000000e+001
      vertex  2.497500e+002  2.000000e+001  5.000000e+001
      vertex  2.497500e+002  0.000000e+000  5.000000e+001
    endloop
  endfacet
  facet normal  0.000000e+000  0.000000e+000  1.000000e+000
    outer loop
      vertex  2.600000e+002  3.000000e+001  5.000000e+001
      vertex  2.497500e+002  0.000000e+000  5.000000e+001
      vertex  2.600000e+002  0.000000e+000  5.000000e+001
    endloop
  endfacet
  facet normal  0.000000e+000  0.000000e+000  1.000000e+000
    outer loop
      vertex  2.300000e+002  3.000000e+001  5.000000e+001
      vertex  2.300000e+002  0.000000e+000  5.000000e+001
      vertex  2.402500e+002  0.000000e+000  5.000000e+001
    endloop
  endfacet
  facet normal  0.000000e+000  -0.000000e+000  1.000000e+000
    outer loop
      vertex  2.300000e+002  3.000000e+001  5.000000e+001
      vertex  2.402500e+002  0.000000e+000  5.000000e+001
      vertex  2.402500e+002  2.000000e+001  5.000000e+001
    endloop
  endfacet
  facet normal  0.000000e+000  -0.000000e+000  1.000000e+000
    outer loop
      vertex  2.300000e+002  3.000000e+001  5.000000e+001
      vertex  2.402500e+002  2.000000e+001  5.000000e+001
      vertex  2.403011e+002  2.069459e+001  5.000000e+001
    endloop
  endfacet
  facet normal  0.000000e+000  -0.000000e+000  9.999999e-001
    outer loop
      vertex  2.300000e+002  3.000000e+001  5.000000e+001
      vertex  2.403011e+002  2.069459e+001  5.000000e+001
      vertex  2.404531e+002  2.137424e+001  5.000000e+001
    endloop
  endfacet
  facet normal  0.000000e+000  -0.000000e+000  1.000000e+000
    outer loop
      vertex  2.300000e+002  3.000000e+001  5.000000e+001
      vertex  2.404531e+002  2.137424e+001  5.000000e+001
      vertex  2.407030e+002  2.202435e+001  5.000000e+001
    endloop
  endfacet
  facet normal  0.000000e+000  -0.000000e+000  1.000000e+000
    outer loop
      vertex  2.300000e+002  3.000000e+001  5.000000e+001
      vertex  2.407030e+002  2.202435e+001  5.000000e+001
      vertex  2.410452e+002  2.263094e+001  5.000000e+001
    endloop
  endfacet
  facet normal  0.000000e+000  -0.000000e+000  1.000000e+000
    outer loop
      vertex  2.300000e+002  3.000000e+001  5.000000e+001
      vertex  2.410452e+002  2.263094e+001  5.000000e+001
      vertex  2.414724e+002  2.318097e+001  5.000000e+001
    endloop
  endfacet
  facet normal  0.000000e+000  -0.000000e+000  1.000000e+000
    outer loop
      vertex  2.300000e+002  3.000000e+001  5.000000e+001
      vertex  2.414724e+002  2.318097e+001  5.000000e+001
      vertex  2.419755e+002  2.366262e+001  5.000000e+001
    endloop
  endfacet
  facet normal  0.000000e+000  -0.000000e+000  1.000000e+000
    outer loop
      vertex  2.300000e+002  3.000000e+001  5.000000e+001
      vertex  2.419755e+002  2.366262e+001  5.000000e+001
      vertex  2.425436e+002  2.406552e+001  5.000000e+001
    endloop
  endfacet
  facet normal  0.000000e+000  -0.000000e+000  1.000000e+000
    outer loop
      vertex  2.300000e+002  3.000000e+001  5.000000e+001
      vertex  2.425436e+002  2.406552e+001  5.000000e+001
      vertex  2.431645e+002  2.438102e+001  5.000000e+001
    endloop
  endfacet
  facet normal  0.000000e+000  -0.000000e+000  1.000000e+000
    outer loop
      vertex  2.300000e+002  3.000000e+001  5.000000e+001
      vertex  2.431645e+002  2.438102e+001  5.000000e+001
      vertex  2.438248e+002  2.460233e+001  5.000000e+001
    endloop
  endfacet
  facet normal  0.000000e+000  -0.000000e+000  1.000000e+000
    outer loop
      vertex  2.300000e+002  3.000000e+001  5.000000e+001
      vertex  2.438248e+002  2.460233e+001  5.000000e+001
      vertex  2.600000e+002  3.000000e+001  5.000000e+001
    endloop
  endfacet
  facet normal  0.000000e+000  1.000000e+000  0.000000e+000
    outer loop
      vertex  2.600000e+002  3.000000e+001  0.000000e+000
      vertex  2.300000e+002  3.000000e+001  0.000000e+000
      vertex  2.600000e+002  3.000000e+001  5.000000e+001
    endloop
  endfacet
  facet normal  0.000000e+000  1.000000e+000  0.000000e+000
    outer loop
      vertex  2.600000e+002  3.000000e+001  5.000000e+001
      vertex  2.300000e+002  3.000000e+001  0.000000e+000
      vertex  2.300000e+002  3.000000e+001  5.000000e+001
    endloop
  endfacet
  facet normal  9.515679e-001 -3.074387e-001  0.000000e+000
    outer loop
      vertex  1.039767e+001  2.117517e+001  5.000000e+001
      vertex  1.058009e+001  2.173979e+001  4.900000e+001
      vertex  1.058009e+001  2.173979e+001  5.000000e+001
    endloop
  endfacet
  facet normal  9.058138e-001 -4.236761e-001  0.000000e+000
    outer loop
      vertex  1.058009e+001  2.173979e+001  5.000000e+001
      vertex  1.058009e+001  2.173979e+001  4.900000e+001
      vertex  1.083148e+001  2.227727e+001  4.900000e+001
    endloop
  endfacet
  facet normal  9.058138e-001 -4.236761e-001  0.000000e+000
    outer loop
      vertex  1.058009e+001  2.173979e+001  5.000000e+001
      vertex  1.083148e+001  2.227727e+001  4.900000e+001
      vertex  1.083148e+001  2.227727e+001  5.000000e+001
    endloop
  endfacet
  facet normal  9.515679e-001 -3.074387e-001  0.000000e+000
    outer loop
      vertex  1.058009e+001  2.173979e+001  4.900000e+001
      vertex  1.039767e+001  2.117517e+001  5.000000e+001
      vertex  1.039767e+001  2.117517e+001  4.900000e+001
    endloop
  endfacet
  facet normal  9.824733e-001 -1.864038e-001  0.000000e+000
    outer loop
      vertex  1.039767e+001  2.117517e+001  4.900000e+001
      vertex  1.039767e+001  2.117517e+001  5.000000e+001
      vertex  1.028706e+001  2.059221e+001  5.000000e+001
    endloop
  endfacet
  facet normal  9.824733e-001 -1.864038e-001  0.000000e+000
    outer loop
      vertex  1.039767e+001  2.117517e+001  4.900000e+001
      vertex  1.028706e+001  2.059221e+001  5.000000e+001
      vertex  1.028706e+001  2.059221e+001  4.900000e+001
    endloop
  endfacet
  facet normal  9.980475e-001 -6.245873e-002  0.000000e+000
    outer loop
      vertex  1.028706e+001  2.059221e+001  4.900000e+001
      vertex  1.028706e+001  2.059221e+001  5.000000e+001
      vertex  1.025000e+001  2.000000e+001  5.000000e+001
    endloop
  endfacet
  facet normal  9.980475e-001 -6.245873e-002  0.000000e+000
    outer loop
      vertex  1.028706e+001  2.059221e+001  4.900000e+001
      vertex  1.025000e+001  2.000000e+001  5.000000e+001
      vertex  1.025000e+001  2.000000e+001  4.900000e+001
    endloop
  endfacet
  facet normal -3.177686e-001 -9.481682e-001  0.000000e+000
    outer loop
      vertex  1.617517e+001  2.460233e+001  5.000000e+001
      vertex  1.683553e+001  2.438102e+001  4.900000e+001
      vertex  1.683553e+001  2.438102e+001  5.000000e+001
    endloop
  endfacet
  facet normal -4.530046e-001 -8.915082e-001  -0.000000e+000
    outer loop
      vertex  1.683553e+001  2.438102e+001  5.000000e+001
      vertex  1.683553e+001  2.438102e+001  4.900000e+001
      vertex  1.745643e+001  2.406552e+001  4.900000e+001
    endloop
  endfacet
  facet normal -4.530046e-001 -8.915082e-001  0.000000e+000
    outer loop
      vertex  1.683553e+001  2.438102e+001  5.000000e+001
      vertex  1.745643e+001  2.406552e+001  4.900000e+001
      vertex  1.745643e+001  2.406552e+001  5.000000e+001
    endloop
  endfacet
  facet normal -5.784990e-001 -8.156831e-001  -0.000000e+000
    outer loop
      vertex  1.745643e+001  2.406552e+001  5.000000e+001
      vertex  1.745643e+001  2.406552e+001  4.900000e+001
      vertex  1.802452e+001  2.366262e+001  4.900000e+001
    endloop
  endfacet
  facet normal -5.784990e-001 -8.156831e-001  0.000000e+000
    outer loop
      vertex  1.745643e+001  2.406552e+001  5.000000e+001
      vertex  1.802452e+001  2.366262e+001  4.900000e+001
      vertex  1.802452e+001  2.366262e+001  5.000000e+001
    endloop
  endfacet
  facet normal -6.915580e-001 -7.223210e-001  -0.000000e+000
    outer loop
      vertex  1.802452e+001  2.366262e+001  5.000000e+001
      vertex  1.802452e+001  2.366262e+001  4.900000e+001
      vertex  1.852759e+001  2.318097e+001  4.900000e+001
    endloop
  endfacet
  facet normal -6.915580e-001 -7.223210e-001  0.000000e+000
    outer loop
      vertex  1.802452e+001  2.366262e+001  5.000000e+001
      vertex  1.852759e+001  2.318097e+001  4.900000e+001
      vertex  1.852759e+001  2.318097e+001  5.000000e+001
    endloop
  endfacet
  facet normal -7.897488e-001 -6.134305e-001  -0.000000e+000
    outer loop
      vertex  1.852759e+001  2.318097e+001  5.000000e+001
      vertex  1.852759e+001  2.318097e+001  4.900000e+001
      vertex  1.895482e+001  2.263094e+001  4.900000e+001
    endloop
  endfacet
  facet normal -7.897488e-001 -6.134305e-001  0.000000e+000
    outer loop
      vertex  1.852759e+001  2.318097e+001  5.000000e+001
      vertex  1.895482e+001  2.263094e+001  4.900000e+001
      vertex  1.895482e+001  2.263094e+001  5.000000e+001
    endloop
  endfacet
  facet normal -8.709601e-001 -4.913535e-001  -0.000000e+000
    outer loop
      vertex  1.895482e+001  2.263094e+001  5.000000e+001
      vertex  1.895482e+001  2.263094e+001  4.900000e+001
      vertex  1.929703e+001  2.202435e+001  4.900000e+001
    endloop
  endfacet
  facet normal -8.709601e-001 -4.913535e-001  0.000000e+000
    outer loop
      vertex  1.895482e+001  2.263094e+001  5.000000e+001
      vertex  1.929703e+001  2.202435e+001  4.900000e+001
      vertex  1.929703e+001  2.202435e+001  5.000000e+001
    endloop
  endfacet
  facet normal -9.334486e-001 -3.587113e-001  -0.000000e+000
    outer loop
      vertex  1.929703e+001  2.202435e+001  5.000000e+001
      vertex  1.929703e+001  2.202435e+001  4.900000e+001
      vertex  1.954686e+001  2.137424e+001  4.900000e+001
    endloop
  endfacet
  facet normal -9.334486e-001 -3.587113e-001  0.000000e+000
    outer loop
      vertex  1.929703e+001  2.202435e+001  5.000000e+001
      vertex  1.954686e+001  2.137424e+001  4.900000e+001
      vertex  1.954686e+001  2.137424e+001  5.000000e+001
    endloop
  endfacet
  facet normal -9.758685e-001 -2.183589e-001  -0.000000e+000
    outer loop
      vertex  1.954686e+001  2.137424e+001  5.000000e+001
      vertex  1.954686e+001  2.137424e+001  4.900000e+001
      vertex  1.969894e+001  2.069459e+001  4.900000e+001
    endloop
  endfacet
  facet normal -9.758685e-001 -2.183589e-001  0.000000e+000
    outer loop
      vertex  1.954686e+001  2.137424e+001  5.000000e+001
      vertex  1.969894e+001  2.069459e+001  4.900000e+001
      vertex  1.969894e+001  2.069459e+001  5.000000e+001
    endloop
  endfacet
  facet normal -9.973090e-001 -7.331301e-002  -0.000000e+000
    outer loop
      vertex  1.969894e+001  2.069459e+001  5.000000e+001
      vertex  1.969894e+001  2.069459e+001  4.900000e+001
      vertex  1.975000e+001  2.000000e+001  4.900000e+001
    endloop
  endfacet
  facet normal -9.973090e-001 -7.331301e-002  0.000000e+000
    outer loop
      vertex  1.969894e+001  2.069459e+001  5.000000e+001
      vertex  1.975000e+001  2.000000e+001  4.900000e+001
      vertex  1.975000e+001  2.000000e+001  5.000000e+001
    endloop
  endfacet
  facet normal -3.177686e-001 -9.481682e-001  -0.000000e+000
    outer loop
      vertex  1.683553e+001  2.438102e+001  4.900000e+001
      vertex  1.617517e+001  2.460233e+001  5.000000e+001
      vertex  1.617517e+001  2.460233e+001  4.900000e+001
    endloop
  endfacet
  facet normal -1.757074e-001 -9.844425e-001  0.000000e+000
    outer loop
      vertex  1.617517e+001  2.460233e+001  4.900000e+001
      vertex  1.617517e+001  2.460233e+001  5.000000e+001
      vertex  1.548954e+001  2.472471e+001  5.000000e+001
    endloop
  endfacet
  facet normal -1.757074e-001 -9.844425e-001  -0.000000e+000
    outer loop
      vertex  1.617517e+001  2.460233e+001  4.900000e+001
      vertex  1.548954e+001  2.472471e+001  5.000000e+001
      vertex  1.548954e+001  2.472471e+001  4.900000e+001
    endloop
  endfacet
  facet normal -2.986200e-002 -9.995540e-001  0.000000e+000
    outer loop
      vertex  1.548954e+001  2.472471e+001  4.900000e+001
      vertex  1.548954e+001  2.472471e+001  5.000000e+001
      vertex  1.479339e+001  2.474550e+001  5.000000e+001
    endloop
  endfacet
  facet normal -2.986200e-002 -9.995540e-001  -0.000000e+000
    outer loop
      vertex  1.548954e+001  2.472471e+001  4.900000e+001
      vertex  1.479339e+001  2.474550e+001  5.000000e+001
      vertex  1.479339e+001  2.474550e+001  4.900000e+001
    endloop
  endfacet
  facet normal  1.166216e-001 -9.931763e-001  0.000000e+000
    outer loop
      vertex  1.479339e+001  2.474550e+001  4.900000e+001
      vertex  1.479339e+001  2.474550e+001  5.000000e+001
      vertex  1.410168e+001  2.466428e+001  5.000000e+001
    endloop
  endfacet
  facet normal  1.166216e-001 -9.931763e-001  0.000000e+000
    outer loop
      vertex  1.479339e+001  2.474550e+001  4.900000e+001
      vertex  1.410168e+001  2.466428e+001  5.000000e+001
      vertex  1.410168e+001  2.466428e+001  4.900000e+001
    endloop
  endfacet
  facet normal  2.605996e-001 -9.654469e-001  0.000000e+000
    outer loop
      vertex  1.410168e+001  2.466428e+001  4.900000e+001
      vertex  1.410168e+001  2.466428e+001  5.000000e+001
      vertex  1.342929e+001  2.448278e+001  5.000000e+001
    endloop
  endfacet
  facet normal  2.605996e-001 -9.654469e-001  0.000000e+000
    outer loop
      vertex  1.410168e+001  2.466428e+001  4.900000e+001
      vertex  1.342929e+001  2.448278e+001  5.000000e+001
      vertex  1.342929e+001  2.448278e+001  4.900000e+001
    endloop
  endfacet
  facet normal  3.989742e-001 -9.169621e-001  0.000000e+000
    outer loop
      vertex  1.342929e+001  2.448278e+001  4.900000e+001
      vertex  1.342929e+001  2.448278e+001  5.000000e+001
      vertex  1.279066e+001  2.420491e+001  5.000000e+001
    endloop
  endfacet
  facet normal  3.989742e-001 -9.169621e-001  0.000000e+000
    outer loop
      vertex  1.342929e+001  2.448278e+001  4.900000e+001
      vertex  1.279066e+001  2.420491e+001  5.000000e+001
      vertex  1.279066e+001  2.420491e+001  4.900000e+001
    endloop
  endfacet
  facet normal  5.287717e-001 -8.487641e-001  0.000000e+000
    outer loop
      vertex  1.279066e+001  2.420491e+001  4.900000e+001
      vertex  1.279066e+001  2.420491e+001  5.000000e+001
      vertex  1.219952e+001  2.383665e+001  5.000000e+001
    endloop
  endfacet
  facet normal  5.287717e-001 -8.487641e-001  0.000000e+000
    outer loop
      vertex  1.279066e+001  2.420491e+001  4.900000e+001
      vertex  1.219952e+001  2.383665e+001  5.000000e+001
      vertex  1.219952e+001  2.383665e+001  4.900000e+001
    endloop
  endfacet
  facet normal  6.472033e-001 -7.623174e-001  0.000000e+000
    outer loop
      vertex  1.219952e+001  2.383665e+001  4.900000e+001
      vertex  1.219952e+001  2.383665e+001  5.000000e+001
      vertex  1.166860e+001  2.338589e+001  5.000000e+001
    endloop
  endfacet
  facet normal  6.472033e-001 -7.623174e-001  0.000000e+000
    outer loop
      vertex  1.219952e+001  2.383665e+001  4.900000e+001
      vertex  1.166860e+001  2.338589e+001  5.000000e+001
      vertex  1.166860e+001  2.338589e+001  4.900000e+001
    endloop
  endfacet
  facet normal  7.517177e-001 -6.594849e-001  0.000000e+000
    outer loop
      vertex  1.166860e+001  2.338589e+001  4.900000e+001
      vertex  1.166860e+001  2.338589e+001  5.000000e+001
      vertex  1.120929e+001  2.286235e+001  5.000000e+001
    endloop
  endfacet
  facet normal  7.517177e-001 -6.594849e-001  0.000000e+000
    outer loop
      vertex  1.166860e+001  2.338589e+001  4.900000e+001
      vertex  1.120929e+001  2.286235e+001  5.000000e+001
      vertex  1.120929e+001  2.286235e+001  4.900000e+001
    endloop
  endfacet
  facet normal  8.400736e-001 -5.424725e-001  0.000000e+000
    outer loop
      vertex  1.120929e+001  2.286235e+001  4.900000e+001
      vertex  1.120929e+001  2.286235e+001  5.000000e+001
      vertex  1.083148e+001  2.227727e+001  5.000000e+001
    endloop
  endfacet
  facet normal  8.400736e-001 -5.424725e-001  0.000000e+000
    outer loop
      vertex  1.120929e+001  2.286235e+001  4.900000e+001
      vertex  1.083148e+001  2.227727e+001  5.000000e+001
      vertex  1.083148e+001  2.227727e+001  4.900000e+001
    endloop
  endfacet
  facet normal  0.000000e+000  0.000000e+000  1.000000e+000
    outer loop
      vertex  4.263256e-014  3.000000e+001  5.000000e+001
      vertex  0.000000e+000  0.000000e+000  5.000000e+001
      vertex  1.025000e+001  0.000000e+000  5.000000e+001
    endloop
  endfacet
  facet normal  0.000000e+000  -0.000000e+000  1.000000e+000
    outer loop
      vertex  4.263256e-014  3.000000e+001  5.000000e+001
      vertex  1.025000e+001  0.000000e+000  5.000000e+001
      vertex  1.025000e+001  2.000000e+001  5.000000e+001
    endloop
  endfacet
  facet normal  0.000000e+000  -0.000000e+000  1.000000e+000
    outer loop
      vertex  4.263256e-014  3.000000e+001  5.000000e+001
      vertex  1.025000e+001  2.000000e+001  5.000000e+001
      vertex  1.028706e+001  2.059221e+001  5.000000e+001
    endloop
  endfacet
  facet normal  0.000000e+000  -0.000000e+000  1.000000e+000
    outer loop
      vertex  4.263256e-014  3.000000e+001  5.000000e+001
      vertex  1.028706e+001  2.059221e+001  5.000000e+001
      vertex  1.039767e+001  2.117517e+001  5.000000e+001
    endloop
  endfacet
  facet normal  0.000000e+000  -0.000000e+000  1.000000e+000
    outer loop
      vertex  4.263256e-014  3.000000e+001  5.000000e+001
      vertex  1.039767e+001  2.117517e+001  5.000000e+001
      vertex  1.058009e+001  2.173979e+001  5.000000e+001
    endloop
  endfacet
  facet normal  0.000000e+000  -0.000000e+000  1.000000e+000
    outer loop
      vertex  4.263256e-014  3.000000e+001  5.000000e+001
      vertex  1.058009e+001  2.173979e+001  5.000000e+001
      vertex  1.083148e+001  2.227727e+001  5.000000e+001
    endloop
  endfacet
  facet normal  0.000000e+000  -0.000000e+000  1.000000e+000
    outer loop
      vertex  4.263256e-014  3.000000e+001  5.000000e+001
      vertex  1.083148e+001  2.227727e+001  5.000000e+001
      vertex  1.120929e+001  2.286235e+001  5.000000e+001
    endloop
  endfacet
  facet normal  0.000000e+000  -0.000000e+000  1.000000e+000
    outer loop
      vertex  4.263256e-014  3.000000e+001  5.000000e+001
      vertex  1.120929e+001  2.286235e+001  5.000000e+001
      vertex  1.166860e+001  2.338589e+001  5.000000e+001
    endloop
  endfacet
  facet normal  0.000000e+000  -0.000000e+000  1.000000e+000
    outer loop
      vertex  4.263256e-014  3.000000e+001  5.000000e+001
      vertex  1.166860e+001  2.338589e+001  5.000000e+001
      vertex  1.219952e+001  2.383665e+001  5.000000e+001
    endloop
  endfacet
  facet normal  0.000000e+000  -0.000000e+000  1.000000e+000
    outer loop
      vertex  4.263256e-014  3.000000e+001  5.000000e+001
      vertex  1.219952e+001  2.383665e+001  5.000000e+001
      vertex  1.279066e+001  2.420491e+001  5.000000e+001
    endloop
  endfacet
  facet normal  0.000000e+000  -0.000000e+000  1.000000e+000
    outer loop
      vertex  4.263256e-014  3.000000e+001  5.000000e+001
      vertex  1.279066e+001  2.420491e+001  5.000000e+001
      vertex  1.342929e+001  2.448278e+001  5.000000e+001
    endloop
  endfacet
  facet normal  0.000000e+000  -0.000000e+000  1.000000e+000
    outer loop
      vertex  4.263256e-014  3.000000e+001  5.000000e+001
      vertex  1.342929e+001  2.448278e+001  5.000000e+001
      vertex  1.410168e+001  2.466428e+001  5.000000e+001
    endloop
  endfacet
  facet normal  0.000000e+000  -0.000000e+000  1.000000e+000
    outer loop
      vertex  4.263256e-014  3.000000e+001  5.000000e+001
      vertex  1.410168e+001  2.466428e+001  5.000000e+001
      vertex  1.479339e+001  2.474550e+001  5.000000e+001
    endloop
  endfacet
  facet normal  0.000000e+000  -0.000000e+000  1.000000e+000
    outer loop
      vertex  4.263256e-014  3.000000e+001  5.000000e+001
      vertex  1.479339e+001  2.474550e+001  5.000000e+001
      vertex  3.000000e+001  3.000000e+001  5.000000e+001
    endloop
  endfacet
  facet normal  -0.000000e+000  0.000000e+000  1.000000e+000
    outer loop
      vertex  3.000000e+001  3.000000e+001  5.000000e+001
      vertex  1.479339e+001  2.474550e+001  5.000000e+001
      vertex  1.548954e+001  2.472471e+001  5.000000e+001
    endloop
  endfacet
  facet normal  -0.000000e+000  0.000000e+000  1.000000e+000
    outer loop
      vertex  3.000000e+001  3.000000e+001  5.000000e+001
      vertex  1.548954e+001  2.472471e+001  5.000000e+001
      vertex  1.617517e+001  2.460233e+001  5.000000e+001
    endloop
  endfacet
  facet normal  -0.000000e+000  0.000000e+000  1.000000e+000
    outer loop
      vertex  3.000000e+001  3.000000e+001  5.000000e+001
      vertex  1.617517e+001  2.460233e+001  5.000000e+001
      vertex  1.683553e+001  2.438102e+001  5.000000e+001
    endloop
  endfacet
  facet normal  -0.000000e+000  0.000000e+000  1.000000e+000
    outer loop
      vertex  3.000000e+001  3.000000e+001  5.000000e+001
      vertex  1.683553e+001  2.438102e+001  5.000000e+001
      vertex  1.745643e+001  2.406552e+001  5.000000e+001
    endloop
  endfacet
  facet normal  -0.000000e+000  0.000000e+000  1.000000e+000
    outer loop
      vertex  3.000000e+001  3.000000e+001  5.000000e+001
      vertex  1.745643e+001  2.406552e+001  5.000000e+001
      vertex  1.802452e+001  2.366262e+001  5.000000e+001
    endloop
  endfacet
  facet normal  -0.000000e+000  0.000000e+000  1.000000e+000
    outer loop
      vertex  3.000000e+001  3.000000e+001  5.000000e+001
      vertex  1.802452e+001  2.366262e+001  5.000000e+001
      vertex  1.852759e+001  2.318097e+001  5.000000e+001
    endloop
  endfacet
  facet normal  -0.000000e+000  0.000000e+000  1.000000e+000
    outer loop
      vertex  3.000000e+001  3.000000e+001  5.000000e+001
      vertex  1.852759e+001  2.318097e+001  5.000000e+001
      vertex  1.895482e+001  2.263094e+001  5.000000e+001
    endloop
  endfacet
  facet normal  -0.000000e+000  0.000000e+000  1.000000e+000
    outer loop
      vertex  3.000000e+001  3.000000e+001  5.000000e+001
      vertex  1.895482e+001  2.263094e+001  5.000000e+001
      vertex  1.929703e+001  2.202435e+001  5.000000e+001
    endloop
  endfacet
  facet normal  -0.000000e+000  0.000000e+000  1.000000e+000
    outer loop
      vertex  3.000000e+001  3.000000e+001  5.000000e+001
      vertex  1.929703e+001  2.202435e+001  5.000000e+001
      vertex  1.954686e+001  2.137424e+001  5.000000e+001
    endloop
  endfacet
  facet normal  -0.000000e+000  0.000000e+000  1.000000e+000
    outer loop
      vertex  3.000000e+001  3.000000e+001  5.000000e+001
      vertex  1.954686e+001  2.137424e+001  5.000000e+001
      vertex  1.969894e+001  2.069459e+001  5.000000e+001
    endloop
  endfacet
  facet normal  -0.000000e+000  0.000000e+000  9.999999e-001
    outer loop
      vertex  3.000000e+001  3.000000e+001  5.000000e+001
      vertex  1.969894e+001  2.069459e+001  5.000000e+001
      vertex  1.975000e+001  2.000000e+001  5.000000e+001
    endloop
  endfacet
  facet normal  -0.000000e+000  0.000000e+000  1.000000e+000
    outer loop
      vertex  3.000000e+001  3.000000e+001  5.000000e+001
      vertex  1.975000e+001  2.000000e+001  5.000000e+001
      vertex  1.975000e+001  0.000000e+000  5.000000e+001
    endloop
  endfacet
  facet normal  0.000000e+000  0.000000e+000  1.000000e+000
    outer loop
      vertex  3.000000e+001  3.000000e+001  5.000000e+001
      vertex  1.975000e+001  0.000000e+000  5.000000e+001
      vertex  3.000000e+001  0.000000e+000  5.000000e+001
    endloop
  endfacet
  facet normal  0.000000e+000  0.000000e+000 -1.000000e+000
    outer loop
      vertex  1.279066e+001  2.420491e+001  4.900000e+001
      vertex  1.043368e+001  2.426746e+001  4.900000e+001
      vertex  1.342929e+001  2.448278e+001  4.900000e+001
    endloop
  endfacet
  facet normal  0.000000e+000  0.000000e+000 -1.000000e+000
    outer loop
      vertex  2.005403e+001  2.367685e+001  4.900000e+001
      vertex  1.802452e+001  2.366262e+001  4.900000e+001
      vertex  1.745643e+001  2.406552e+001  4.900000e+001
    endloop
  endfacet
  facet normal  0.000000e+000  0.000000e+000 -1.000000e+000
    outer loop
      vertex  1.479339e+001  2.474550e+001  4.900000e+001
      vertex  1.410168e+001  2.466428e+001  4.900000e+001
      vertex  1.100515e+001  2.480663e+001  4.900000e+001
    endloop
  endfacet
  facet normal  0.000000e+000  0.000000e+000 -1.000000e+000
    outer loop
      vertex  1.100515e+001  2.480663e+001  4.900000e+001
      vertex  1.410168e+001  2.466428e+001  4.900000e+001
      vertex  1.342929e+001  2.448278e+001  4.900000e+001
    endloop
  endfacet
  facet normal  -0.000000e+000  0.000000e+000 -1.000000e+000
    outer loop
      vertex  1.100515e+001  2.480663e+001  4.900000e+001
      vertex  1.342929e+001  2.448278e+001  4.900000e+001
      vertex  1.043368e+001  2.426746e+001  4.900000e+001
    endloop
  endfacet
  facet normal  0.000000e+000  0.000000e+000 -1.000000e+000
    outer loop
      vertex  1.120929e+001  2.286235e+001  4.900000e+001
      vertex  9.515109e+000  2.299641e+001  4.900000e+001
      vertex  1.166860e+001  2.338589e+001  4.900000e+001
    endloop
  endfacet
  facet normal  -0.000000e+000  0.000000e+000 -1.000000e+000
    outer loop
      vertex  1.166860e+001  2.338589e+001  4.900000e+001
      vertex  9.515109e+000  2.299641e+001  4.900000e+001
      vertex  9.934371e+000  2.366086e+001  4.900000e+001
    endloop
  endfacet
  facet normal  0.000000e+000  0.000000e+000 -1.000000e+000
    outer loop
      vertex  1.166860e+001  2.338589e+001  4.900000e+001
      vertex  9.934371e+000  2.366086e+001  4.900000e+001
      vertex  1.219952e+001  2.383665e+001  4.900000e+001
    endloop
  endfacet
  facet normal  -0.000000e+000  0.000000e+000 -1.000000e+000
    outer loop
      vertex  1.219952e+001  2.383665e+001  4.900000e+001
      vertex  9.934371e+000  2.366086e+001  4.900000e+001
      vertex  1.043368e+001  2.426746e+001  4.900000e+001
    endloop
  endfacet
  facet normal  0.000000e+000  0.000000e+000 -1.000000e+000
    outer loop
      vertex  1.219952e+001  2.383665e+001  4.900000e+001
      vertex  1.043368e+001  2.426746e+001  4.900000e+001
      vertex  1.279066e+001  2.420491e+001  4.900000e+001
    endloop
  endfacet
  facet normal  0.000000e+000  0.000000e+000 -1.000000e+000
    outer loop
      vertex  1.028706e+001  2.059221e+001  4.900000e+001
      vertex  8.798764e+000  2.077922e+001  4.900000e+001
      vertex  1.039767e+001  2.117517e+001  4.900000e+001
    endloop
  endfacet
  facet normal  -0.000000e+000  0.000000e+000 -1.000000e+000
    outer loop
      vertex  1.039767e+001  2.117517e+001  4.900000e+001
      vertex  8.798764e+000  2.077922e+001  4.900000e+001
      vertex  8.944298e+000  2.154627e+001  4.900000e+001
    endloop
  endfacet
  facet normal  0.000000e+000  0.000000e+000 -1.000000e+000
    outer loop
      vertex  1.039767e+001  2.117517e+001  4.900000e+001
      vertex  8.944298e+000  2.154627e+001  4.900000e+001
      vertex  1.058009e+001  2.173979e+001  4.900000e+001
    endloop
  endfacet
  facet normal  -0.000000e+000  0.000000e+000 -1.000000e+000
    outer loop
      vertex  1.058009e+001  2.173979e+001  4.900000e+001
      vertex  8.944298e+000  2.154627e+001  4.900000e+001
      vertex  9.184327e+000  2.228920e+001  4.900000e+001
    endloop
  endfacet
  facet normal  0.000000e+000  0.000000e+000 -1.000000e+000
    outer loop
      vertex  1.058009e+001  2.173979e+001  4.900000e+001
      vertex  9.184327e+000  2.228920e+001  4.900000e+001
      vertex  1.083148e+001  2.227727e+001  4.900000e+001
    endloop
  endfacet
  facet normal  0.000000e+000  0.000000e+000 -1.000000e+000
    outer loop
      vertex  1.083148e+001  2.227727e+001  4.900000e+001
      vertex  9.184327e+000  2.228920e+001  4.900000e+001
      vertex  9.515109e+000  2.299641e+001  4.900000e+001
    endloop
  endfacet
  facet normal  0.000000e+000  0.000000e+000 -1.000000e+000
    outer loop
      vertex  1.083148e+001  2.227727e+001  4.900000e+001
      vertex  9.515109e+000  2.299641e+001  4.900000e+001
      vertex  1.120929e+001  2.286235e+001  4.900000e+001
    endloop
  endfacet
  facet normal  0.000000e+000  0.000000e+000 -1.000000e+000
    outer loop
      vertex  1.028706e+001  2.059221e+001  4.900000e+001
      vertex  1.025000e+001  2.000000e+001  4.900000e+001
      vertex  8.798764e+000  2.077922e+001  4.900000e+001
    endloop
  endfacet
  facet normal  0.000000e+000  -0.000000e+000 -1.000000e+000
    outer loop
      vertex  8.798764e+000  2.077922e+001  4.900000e+001
      vertex  1.025000e+001  2.000000e+001  4.900000e+001
      vertex  8.750000e+000  2.000000e+001  4.900000e+001
    endloop
  endfacet
  facet normal  0.000000e+000  0.000000e+000 -1.000000e+000
    outer loop
      vertex  1.025000e+001  2.000000e+001  4.900000e+001
      vertex  1.025000e+001  0.000000e+000  4.900000e+001
      vertex  8.750000e+000  2.000000e+001  4.900000e+001
    endloop
  endfacet
  facet normal  0.000000e+000  0.000000e+000 -1.000000e+000
    outer loop
      vertex  8.750000e+000  2.000000e+001  4.900000e+001
      vertex  1.025000e+001  0.000000e+000  4.900000e+001
      vertex  8.750000e+000  0.000000e+000  4.900000e+001
    endloop
  endfacet
  facet normal  0.000000e+000  0.000000e+000 -1.000000e+000
    outer loop
      vertex  1.479339e+001  2.474550e+001  4.900000e+001
      vertex  1.100515e+001  2.480663e+001  4.900000e+001
      vertex  1.897964e+001  2.481923e+001  4.900000e+001
    endloop
  endfacet
  facet normal  -0.000000e+000  0.000000e+000 -1.000000e+000
    outer loop
      vertex  1.897964e+001  2.481923e+001  4.900000e+001
      vertex  1.100515e+001  2.480663e+001  4.900000e+001
      vertex  1.163975e+001  2.526984e+001  4.900000e+001
    endloop
  endfacet
  facet normal  0.000000e+000  0.000000e+000 -1.000000e+000
    outer loop
      vertex  1.897964e+001  2.481923e+001  4.900000e+001
      vertex  1.163975e+001  2.526984e+001  4.900000e+001
      vertex  1.834358e+001  2.528043e+001  4.900000e+001
    endloop
  endfacet
  facet normal  -0.000000e+000  0.000000e+000 -1.000000e+000
    outer loop
      vertex  1.834358e+001  2.528043e+001  4.900000e+001
      vertex  1.163975e+001  2.526984e+001  4.900000e+001
      vertex  1.232745e+001  2.564977e+001  4.900000e+001
    endloop
  endfacet
  facet normal  0.000000e+000  0.000000e+000 -1.000000e+000
    outer loop
      vertex  1.834358e+001  2.528043e+001  4.900000e+001
      vertex  1.232745e+001  2.564977e+001  4.900000e+001
      vertex  1.765468e+001  2.565819e+001  4.900000e+001
    endloop
  endfacet
  facet normal  -0.000000e+000  0.000000e+000 -1.000000e+000
    outer loop
      vertex  1.765468e+001  2.565819e+001  4.900000e+001
      vertex  1.232745e+001  2.564977e+001  4.900000e+001
      vertex  1.305738e+001  2.594043e+001  4.900000e+001
    endloop
  endfacet
  facet normal  0.000000e+000  0.000000e+000 -1.000000e+000
    outer loop
      vertex  1.765468e+001  2.565819e+001  4.900000e+001
      vertex  1.305738e+001  2.594043e+001  4.900000e+001
      vertex  1.692384e+001  2.594654e+001  4.900000e+001
    endloop
  endfacet
  facet normal  -0.000000e+000  0.000000e+000 -1.000000e+000
    outer loop
      vertex  1.692384e+001  2.594654e+001  4.900000e+001
      vertex  1.305738e+001  2.594043e+001  4.900000e+001
      vertex  1.381800e+001  2.613721e+001  4.900000e+001
    endloop
  endfacet
  facet normal  0.000000e+000  0.000000e+000 -1.000000e+000
    outer loop
      vertex  1.692384e+001  2.594654e+001  4.900000e+001
      vertex  1.381800e+001  2.613721e+001  4.900000e+001
      vertex  1.616259e+001  2.614092e+001  4.900000e+001
    endloop
  endfacet
  facet normal  -0.000000e+000  0.000000e+000 -1.000000e+000
    outer loop
      vertex  1.616259e+001  2.614092e+001  4.900000e+001
      vertex  1.381800e+001  2.613721e+001  4.900000e+001
      vertex  1.459731e+001  2.623701e+001  4.900000e+001
    endloop
  endfacet
  facet normal  0.000000e+000  0.000000e+000 -1.000000e+000
    outer loop
      vertex  1.616259e+001  2.614092e+001  4.900000e+001
      vertex  1.459731e+001  2.623701e+001  4.900000e+001
      vertex  1.538298e+001  2.623825e+001  4.900000e+001
    endloop
  endfacet
  facet normal  0.000000e+000  0.000000e+000 -1.000000e+000
    outer loop
      vertex  1.479339e+001  2.474550e+001  4.900000e+001
      vertex  1.897964e+001  2.481923e+001  4.900000e+001
      vertex  1.548954e+001  2.472471e+001  4.900000e+001
    endloop
  endfacet
  facet normal  0.000000e+000  0.000000e+000 -1.000000e+000
    outer loop
      vertex  1.548954e+001  2.472471e+001  4.900000e+001
      vertex  1.897964e+001  2.481923e+001  4.900000e+001
      vertex  1.955281e+001  2.428187e+001  4.900000e+001
    endloop
  endfacet
  facet normal  0.000000e+000  0.000000e+000 -9.999999e-001
    outer loop
      vertex  1.548954e+001  2.472471e+001  4.900000e+001
      vertex  1.955281e+001  2.428187e+001  4.900000e+001
      vertex  1.617517e+001  2.460233e+001  4.900000e+001
    endloop
  endfacet
  facet normal  0.000000e+000  0.000000e+000 -1.000000e+000
    outer loop
      vertex  1.617517e+001  2.460233e+001  4.900000e+001
      vertex  1.955281e+001  2.428187e+001  4.900000e+001
      vertex  1.683553e+001  2.438102e+001  4.900000e+001
    endloop
  endfacet
  facet normal  0.000000e+000  0.000000e+000 -1.000000e+000
    outer loop
      vertex  1.683553e+001  2.438102e+001  4.900000e+001
      vertex  1.955281e+001  2.428187e+001  4.900000e+001
      vertex  2.005403e+001  2.367685e+001  4.900000e+001
    endloop
  endfacet
  facet normal  0.000000e+000  0.000000e+000 -9.999999e-001
    outer loop
      vertex  1.683553e+001  2.438102e+001  4.900000e+001
      vertex  2.005403e+001  2.367685e+001  4.900000e+001
      vertex  1.745643e+001  2.406552e+001  4.900000e+001
    endloop
  endfacet
  facet normal  0.000000e+000  0.000000e+000 -1.000000e+000
    outer loop
      vertex  1.929703e+001  2.202435e+001  4.900000e+001
      vertex  1.895482e+001  2.263094e+001  4.900000e+001
      vertex  2.081023e+001  2.230298e+001  4.900000e+001
    endloop
  endfacet
  facet normal  0.000000e+000  0.000000e+000 -1.000000e+000
    outer loop
      vertex  2.081023e+001  2.230298e+001  4.900000e+001
      vertex  1.895482e+001  2.263094e+001  4.900000e+001
      vertex  1.852759e+001  2.318097e+001  4.900000e+001
    endloop
  endfacet
  facet normal  0.000000e+000  0.000000e+000 -1.000000e+000
    outer loop
      vertex  2.081023e+001  2.230298e+001  4.900000e+001
      vertex  1.852759e+001  2.318097e+001  4.900000e+001
      vertex  2.047539e+001  2.301373e+001  4.900000e+001
    endloop
  endfacet
  facet normal  0.000000e+000  0.000000e+000 -1.000000e+000
    outer loop
      vertex  2.047539e+001  2.301373e+001  4.900000e+001
      vertex  1.852759e+001  2.318097e+001  4.900000e+001
      vertex  1.802452e+001  2.366262e+001  4.900000e+001
    endloop
  endfacet
  facet normal  0.000000e+000  0.000000e+000 -1.000000e+000
    outer loop
      vertex  2.047539e+001  2.301373e+001  4.900000e+001
      vertex  1.802452e+001  2.366262e+001  4.900000e+001
      vertex  2.005403e+001  2.367685e+001  4.900000e+001
    endloop
  endfacet
  facet normal  0.000000e+000  0.000000e+000 -1.000000e+000
    outer loop
      vertex  2.120062e+001  2.078412e+001  4.900000e+001
      vertex  1.954686e+001  2.137424e+001  4.900000e+001
      vertex  2.105325e+001  2.155584e+001  4.900000e+001
    endloop
  endfacet
  facet normal  -0.000000e+000  0.000000e+000 -1.000000e+000
    outer loop
      vertex  2.105325e+001  2.155584e+001  4.900000e+001
      vertex  1.954686e+001  2.137424e+001  4.900000e+001
      vertex  1.929703e+001  2.202435e+001  4.900000e+001
    endloop
  endfacet
  facet normal  0.000000e+000  0.000000e+000 -9.999999e-001
    outer loop
      vertex  2.105325e+001  2.155584e+001  4.900000e+001
      vertex  1.929703e+001  2.202435e+001  4.900000e+001
      vertex  2.081023e+001  2.230298e+001  4.900000e+001
    endloop
  endfacet
  facet normal  -0.000000e+000  0.000000e+000 -1.000000e+000
    outer loop
      vertex  1.954686e+001  2.137424e+001  4.900000e+001
      vertex  2.120062e+001  2.078412e+001  4.900000e+001
      vertex  1.969894e+001  2.069459e+001  4.900000e+001
    endloop
  endfacet
  facet normal  0.000000e+000  0.000000e+000 -1.000000e+000
    outer loop
      vertex  1.969894e+001  2.069459e+001  4.900000e+001
      vertex  2.120062e+001  2.078412e+001  4.900000e+001
      vertex  2.125000e+001  2.000000e+001  4.900000e+001
    endloop
  endfacet
  facet normal  0.000000e+000  0.000000e+000 -1.000000e+000
    outer loop
      vertex  1.969894e+001  2.069459e+001  4.900000e+001
      vertex  2.125000e+001  2.000000e+001  4.900000e+001
      vertex  1.975000e+001  2.000000e+001  4.900000e+001
    endloop
  endfacet
  facet normal  0.000000e+000  0.000000e+000 -1.000000e+000
    outer loop
      vertex  1.975000e+001  2.000000e+001  4.900000e+001
      vertex  2.125000e+001  2.000000e+001  4.900000e+001
      vertex  2.125000e+001  0.000000e+000  4.900000e+001
    endloop
  endfacet
  facet normal  0.000000e+000  0.000000e+000 -1.000000e+000
    outer loop
      vertex  1.975000e+001  2.000000e+001  4.900000e+001
      vertex  2.125000e+001  0.000000e+000  4.900000e+001
      vertex  1.975000e+001  0.000000e+000  4.900000e+001
    endloop
  endfacet
  facet normal  1.000000e+000  0.000000e+000  0.000000e+000
    outer loop
      vertex  1.025000e+001  0.000000e+000  5.000000e+001
      vertex  1.025000e+001  0.000000e+000  4.900000e+001
      vertex  1.025000e+001  2.000000e+001  5.000000e+001
    endloop
  endfacet
  facet normal  1.000000e+000  0.000000e+000  0.000000e+000
    outer loop
      vertex  1.025000e+001  2.000000e+001  5.000000e+001
      vertex  1.025000e+001  0.000000e+000  4.900000e+001
      vertex  1.025000e+001  2.000000e+001  4.900000e+001
    endloop
  endfacet
  facet normal -1.000000e+000  0.000000e+000  0.000000e+000
    outer loop
      vertex  1.975000e+001  0.000000e+000  4.900000e+001
      vertex  1.975000e+001  0.000000e+000  5.000000e+001
      vertex  1.975000e+001  2.000000e+001  4.900000e+001
    endloop
  endfacet
  facet normal -1.000000e+000  0.000000e+000  0.000000e+000
    outer loop
      vertex  1.975000e+001  2.000000e+001  4.900000e+001
      vertex  1.975000e+001  0.000000e+000  5.000000e+001
      vertex  1.975000e+001  2.000000e+001  5.000000e+001
    endloop
  endfacet
  facet normal -9.973089e-001 -7.331301e-002  0.000000e+000
    outer loop
      vertex  1.975000e+001  2.000000e+001  4.700000e+001
      vertex  1.969894e+001  2.069459e+001  9.000000e+000
      vertex  1.975000e+001  2.000000e+001  9.000000e+000
    endloop
  endfacet
  facet normal -3.177687e-001 -9.481683e-001  0.000000e+000
    outer loop
      vertex  1.617517e+001  2.460233e+001  4.800000e+001
      vertex  1.683553e+001  2.438102e+001  9.000000e+000
      vertex  1.683553e+001  2.438102e+001  4.800000e+001
    endloop
  endfacet
  facet normal -4.530046e-001 -8.915082e-001  -0.000000e+000
    outer loop
      vertex  1.683553e+001  2.438102e+001  4.800000e+001
      vertex  1.683553e+001  2.438102e+001  9.000000e+000
      vertex  1.745643e+001  2.406552e+001  9.000000e+000
    endloop
  endfacet
  facet normal -4.530046e-001 -8.915082e-001  0.000000e+000
    outer loop
      vertex  1.683553e+001  2.438102e+001  4.800000e+001
      vertex  1.745643e+001  2.406552e+001  9.000000e+000
      vertex  1.745643e+001  2.406552e+001  4.800000e+001
    endloop
  endfacet
  facet normal -5.784990e-001 -8.156831e-001  -0.000000e+000
    outer loop
      vertex  1.745643e+001  2.406552e+001  4.800000e+001
      vertex  1.745643e+001  2.406552e+001  9.000000e+000
      vertex  1.802452e+001  2.366262e+001  9.000000e+000
    endloop
  endfacet
  facet normal -5.784990e-001 -8.156831e-001  0.000000e+000
    outer loop
      vertex  1.745643e+001  2.406552e+001  4.800000e+001
      vertex  1.802452e+001  2.366262e+001  9.000000e+000
      vertex  1.802452e+001  2.366262e+001  4.800000e+001
    endloop
  endfacet
  facet normal -6.915579e-001 -7.223209e-001  -0.000000e+000
    outer loop
      vertex  1.802452e+001  2.366262e+001  4.800000e+001
      vertex  1.802452e+001  2.366262e+001  9.000000e+000
      vertex  1.852759e+001  2.318097e+001  9.000000e+000
    endloop
  endfacet
  facet normal -6.915579e-001 -7.223209e-001  0.000000e+000
    outer loop
      vertex  1.802452e+001  2.366262e+001  4.800000e+001
      vertex  1.852759e+001  2.318097e+001  9.000000e+000
      vertex  1.852759e+001  2.318097e+001  4.800000e+001
    endloop
  endfacet
  facet normal -7.897487e-001 -6.134305e-001  -0.000000e+000
    outer loop
      vertex  1.852759e+001  2.318097e+001  4.800000e+001
      vertex  1.852759e+001  2.318097e+001  9.000000e+000
      vertex  1.895482e+001  2.263094e+001  9.000000e+000
    endloop
  endfacet
  facet normal -7.897487e-001 -6.134305e-001  0.000000e+000
    outer loop
      vertex  1.852759e+001  2.318097e+001  4.800000e+001
      vertex  1.895482e+001  2.263094e+001  9.000000e+000
      vertex  1.895482e+001  2.263094e+001  4.800000e+001
    endloop
  endfacet
  facet normal -8.709602e-001 -4.913536e-001  -0.000000e+000
    outer loop
      vertex  1.895482e+001  2.263094e+001  4.800000e+001
      vertex  1.895482e+001  2.263094e+001  9.000000e+000
      vertex  1.929703e+001  2.202435e+001  9.000000e+000
    endloop
  endfacet
  facet normal -8.709602e-001 -4.913536e-001  0.000000e+000
    outer loop
      vertex  1.895482e+001  2.263094e+001  4.800000e+001
      vertex  1.929703e+001  2.202435e+001  9.000000e+000
      vertex  1.929703e+001  2.202435e+001  4.800000e+001
    endloop
  endfacet
  facet normal -9.334486e-001 -3.587113e-001  -0.000000e+000
    outer loop
      vertex  1.929703e+001  2.202435e+001  4.800000e+001
      vertex  1.929703e+001  2.202435e+001  9.000000e+000
      vertex  1.954686e+001  2.137424e+001  9.000000e+000
    endloop
  endfacet
  facet normal -9.334486e-001 -3.587113e-001  0.000000e+000
    outer loop
      vertex  1.929703e+001  2.202435e+001  4.800000e+001
      vertex  1.954686e+001  2.137424e+001  9.000000e+000
      vertex  1.954686e+001  2.137424e+001  4.800000e+001
    endloop
  endfacet
  facet normal -9.758685e-001 -2.183589e-001  -0.000000e+000
    outer loop
      vertex  1.954686e+001  2.137424e+001  4.800000e+001
      vertex  1.954686e+001  2.137424e+001  9.000000e+000
      vertex  1.969894e+001  2.069459e+001  9.000000e+000
    endloop
  endfacet
  facet normal -9.758685e-001 -2.183589e-001  0.000000e+000
    outer loop
      vertex  1.954686e+001  2.137424e+001  4.800000e+001
      vertex  1.969894e+001  2.069459e+001  9.000000e+000
      vertex  1.969894e+001  2.069459e+001  4.800000e+001
    endloop
  endfacet
  facet normal -9.973090e-001 -7.331301e-002  -0.000000e+000
    outer loop
      vertex  1.969894e+001  2.069459e+001  4.800000e+001
      vertex  1.969894e+001  2.069459e+001  9.000000e+000
      vertex  1.975000e+001  2.000000e+001  4.700000e+001
    endloop
  endfacet
  facet normal -9.973090e-001 -7.331301e-002  0.000000e+000
    outer loop
      vertex  1.969894e+001  2.069459e+001  4.800000e+001
      vertex  1.975000e+001  2.000000e+001  4.700000e+001
      vertex  1.975000e+001  2.000000e+001  4.800000e+001
    endloop
  endfacet
  facet normal -3.177687e-001 -9.481683e-001  -0.000000e+000
    outer loop
      vertex  1.683553e+001  2.438102e+001  9.000000e+000
      vertex  1.617517e+001  2.460233e+001  4.800000e+001
      vertex  1.617517e+001  2.460233e+001  9.000000e+000
    endloop
  endfacet
  facet normal -1.757074e-001 -9.844424e-001  0.000000e+000
    outer loop
      vertex  1.617517e+001  2.460233e+001  9.000000e+000
      vertex  1.617517e+001  2.460233e+001  4.800000e+001
      vertex  1.548954e+001  2.472471e+001  4.800000e+001
    endloop
  endfacet
  facet normal -1.757074e-001 -9.844424e-001  -0.000000e+000
    outer loop
      vertex  1.617517e+001  2.460233e+001  9.000000e+000
      vertex  1.548954e+001  2.472471e+001  4.800000e+001
      vertex  1.548954e+001  2.472471e+001  9.000000e+000
    endloop
  endfacet
  facet normal -2.986200e-002 -9.995540e-001  0.000000e+000
    outer loop
      vertex  1.548954e+001  2.472471e+001  9.000000e+000
      vertex  1.548954e+001  2.472471e+001  4.800000e+001
      vertex  1.479339e+001  2.474550e+001  4.800000e+001
    endloop
  endfacet
  facet normal -2.986200e-002 -9.995540e-001  -0.000000e+000
    outer loop
      vertex  1.548954e+001  2.472471e+001  9.000000e+000
      vertex  1.479339e+001  2.474550e+001  4.800000e+001
      vertex  1.479339e+001  2.474550e+001  9.000000e+000
    endloop
  endfacet
  facet normal  1.166216e-001 -9.931763e-001  0.000000e+000
    outer loop
      vertex  1.479339e+001  2.474550e+001  9.000000e+000
      vertex  1.479339e+001  2.474550e+001  4.800000e+001
      vertex  1.410168e+001  2.466428e+001  4.800000e+001
    endloop
  endfacet
  facet normal  1.166216e-001 -9.931763e-001  0.000000e+000
    outer loop
      vertex  1.479339e+001  2.474550e+001  9.000000e+000
      vertex  1.410168e+001  2.466428e+001  4.800000e+001
      vertex  1.410168e+001  2.466428e+001  9.000000e+000
    endloop
  endfacet
  facet normal  2.605996e-001 -9.654471e-001  0.000000e+000
    outer loop
      vertex  1.410168e+001  2.466428e+001  9.000000e+000
      vertex  1.410168e+001  2.466428e+001  4.800000e+001
      vertex  1.342929e+001  2.448278e+001  4.800000e+001
    endloop
  endfacet
  facet normal  2.605996e-001 -9.654471e-001  0.000000e+000
    outer loop
      vertex  1.410168e+001  2.466428e+001  9.000000e+000
      vertex  1.342929e+001  2.448278e+001  4.800000e+001
      vertex  1.342929e+001  2.448278e+001  9.000000e+000
    endloop
  endfacet
  facet normal  3.989741e-001 -9.169621e-001  0.000000e+000
    outer loop
      vertex  1.342929e+001  2.448278e+001  9.000000e+000
      vertex  1.342929e+001  2.448278e+001  4.800000e+001
      vertex  1.279066e+001  2.420491e+001  4.800000e+001
    endloop
  endfacet
  facet normal  3.989741e-001 -9.169621e-001  0.000000e+000
    outer loop
      vertex  1.342929e+001  2.448278e+001  9.000000e+000
      vertex  1.279066e+001  2.420491e+001  4.800000e+001
      vertex  1.279066e+001  2.420491e+001  9.000000e+000
    endloop
  endfacet
  facet normal  5.287718e-001 -8.487641e-001  0.000000e+000
    outer loop
      vertex  1.279066e+001  2.420491e+001  9.000000e+000
      vertex  1.279066e+001  2.420491e+001  4.800000e+001
      vertex  1.219952e+001  2.383665e+001  4.800000e+001
    endloop
  endfacet
  facet normal  5.287718e-001 -8.487641e-001  0.000000e+000
    outer loop
      vertex  1.279066e+001  2.420491e+001  9.000000e+000
      vertex  1.219952e+001  2.383665e+001  4.800000e+001
      vertex  1.219952e+001  2.383665e+001  9.000000e+000
    endloop
  endfacet
  facet normal  6.472033e-001 -7.623174e-001  0.000000e+000
    outer loop
      vertex  1.219952e+001  2.383665e+001  9.000000e+000
      vertex  1.219952e+001  2.383665e+001  4.800000e+001
      vertex  1.166860e+001  2.338589e+001  4.800000e+001
    endloop
  endfacet
  facet normal  6.472033e-001 -7.623174e-001  0.000000e+000
    outer loop
      vertex  1.219952e+001  2.383665e+001  9.000000e+000
      vertex  1.166860e+001  2.338589e+001  4.800000e+001
      vertex  1.166860e+001  2.338589e+001  9.000000e+000
    endloop
  endfacet
  facet normal  7.517177e-001 -6.594849e-001  0.000000e+000
    outer loop
      vertex  1.166860e+001  2.338589e+001  9.000000e+000
      vertex  1.166860e+001  2.338589e+001  4.800000e+001
      vertex  1.120929e+001  2.286235e+001  4.800000e+001
    endloop
  endfacet
  facet normal  7.517177e-001 -6.594849e-001  0.000000e+000
    outer loop
      vertex  1.166860e+001  2.338589e+001  9.000000e+000
      vertex  1.120929e+001  2.286235e+001  4.800000e+001
      vertex  1.120929e+001  2.286235e+001  9.000000e+000
    endloop
  endfacet
  facet normal  8.400735e-001 -5.424725e-001  0.000000e+000
    outer loop
      vertex  1.120929e+001  2.286235e+001  9.000000e+000
      vertex  1.120929e+001  2.286235e+001  4.800000e+001
      vertex  1.083148e+001  2.227727e+001  4.800000e+001
    endloop
  endfacet
  facet normal  8.400735e-001 -5.424725e-001  0.000000e+000
    outer loop
      vertex  1.120929e+001  2.286235e+001  9.000000e+000
      vertex  1.083148e+001  2.227727e+001  4.800000e+001
      vertex  1.083148e+001  2.227727e+001  9.000000e+000
    endloop
  endfacet
  facet normal  9.980475e-001 -6.245873e-002  0.000000e+000
    outer loop
      vertex  1.025000e+001  2.000000e+001  4.700000e+001
      vertex  1.028706e+001  2.059221e+001  4.800000e+001
      vertex  1.025000e+001  2.000000e+001  4.800000e+001
    endloop
  endfacet
  facet normal  9.515679e-001 -3.074388e-001  0.000000e+000
    outer loop
      vertex  1.039767e+001  2.117517e+001  4.800000e+001
      vertex  1.058009e+001  2.173979e+001  9.000000e+000
      vertex  1.058009e+001  2.173979e+001  4.800000e+001
    endloop
  endfacet
  facet normal  9.058137e-001 -4.236761e-001  0.000000e+000
    outer loop
      vertex  1.058009e+001  2.173979e+001  4.800000e+001
      vertex  1.058009e+001  2.173979e+001  9.000000e+000
      vertex  1.083148e+001  2.227727e+001  9.000000e+000
    endloop
  endfacet
  facet normal  9.058137e-001 -4.236761e-001  0.000000e+000
    outer loop
      vertex  1.058009e+001  2.173979e+001  4.800000e+001
      vertex  1.083148e+001  2.227727e+001  9.000000e+000
      vertex  1.083148e+001  2.227727e+001  4.800000e+001
    endloop
  endfacet
  facet normal  9.515679e-001 -3.074388e-001  0.000000e+000
    outer loop
      vertex  1.058009e+001  2.173979e+001  9.000000e+000
      vertex  1.039767e+001  2.117517e+001  4.800000e+001
      vertex  1.039767e+001  2.117517e+001  9.000000e+000
    endloop
  endfacet
  facet normal  9.824733e-001 -1.864038e-001  0.000000e+000
    outer loop
      vertex  1.039767e+001  2.117517e+001  9.000000e+000
      vertex  1.039767e+001  2.117517e+001  4.800000e+001
      vertex  1.028706e+001  2.059221e+001  4.800000e+001
    endloop
  endfacet
  facet normal  9.824733e-001 -1.864038e-001  0.000000e+000
    outer loop
      vertex  1.039767e+001  2.117517e+001  9.000000e+000
      vertex  1.028706e+001  2.059221e+001  4.800000e+001
      vertex  1.028706e+001  2.059221e+001  9.000000e+000
    endloop
  endfacet
  facet normal  9.980475e-001 -6.245873e-002  0.000000e+000
    outer loop
      vertex  1.028706e+001  2.059221e+001  9.000000e+000
      vertex  1.028706e+001  2.059221e+001  4.800000e+001
      vertex  1.025000e+001  2.000000e+001  4.700000e+001
    endloop
  endfacet
  facet normal  9.980476e-001 -6.245873e-002  0.000000e+000
    outer loop
      vertex  1.028706e+001  2.059221e+001  9.000000e+000
      vertex  1.025000e+001  2.000000e+001  4.700000e+001
      vertex  1.025000e+001  2.000000e+001  9.000000e+000
    endloop
  endfacet
  facet normal  0.000000e+000 -1.000000e+000  0.000000e+000
    outer loop
      vertex  8.750000e+000  2.000000e+001  9.000000e+000
      vertex  1.025000e+001  2.000000e+001  9.000000e+000
      vertex  8.750000e+000  2.000000e+001  4.700000e+001
    endloop
  endfacet
  facet normal  0.000000e+000 -1.000000e+000  0.000000e+000
    outer loop
      vertex  8.750000e+000  2.000000e+001  4.700000e+001
      vertex  1.025000e+001  2.000000e+001  9.000000e+000
      vertex  1.025000e+001  2.000000e+001  4.700000e+001
    endloop
  endfacet
  facet normal  0.000000e+000  -0.000000e+000  1.000000e+000
    outer loop
      vertex  1.100515e+001  2.480663e+001  4.800000e+001
      vertex  1.410168e+001  2.466428e+001  4.800000e+001
      vertex  1.479339e+001  2.474550e+001  4.800000e+001
    endloop
  endfacet
  facet normal  0.000000e+000  0.000000e+000  1.000000e+000
    outer loop
      vertex  1.897964e+001  2.481923e+001  4.800000e+001
      vertex  1.834358e+001  2.528043e+001  4.800000e+001
      vertex  1.163975e+001  2.526984e+001  4.800000e+001
    endloop
  endfacet
  facet normal  0.000000e+000  0.000000e+000  1.000000e+000
    outer loop
      vertex  1.897964e+001  2.481923e+001  4.800000e+001
      vertex  1.163975e+001  2.526984e+001  4.800000e+001
      vertex  1.100515e+001  2.480663e+001  4.800000e+001
    endloop
  endfacet
  facet normal  -0.000000e+000  0.000000e+000  1.000000e+000
    outer loop
      vertex  1.897964e+001  2.481923e+001  4.800000e+001
      vertex  1.100515e+001  2.480663e+001  4.800000e+001
      vertex  1.479339e+001  2.474550e+001  4.800000e+001
    endloop
  endfacet
  facet normal  -0.000000e+000  0.000000e+000  1.000000e+000
    outer loop
      vertex  1.897964e+001  2.481923e+001  4.800000e+001
      vertex  1.479339e+001  2.474550e+001  4.800000e+001
      vertex  1.548954e+001  2.472471e+001  4.800000e+001
    endloop
  endfacet
  facet normal  -0.000000e+000  0.000000e+000  1.000000e+000
    outer loop
      vertex  1.897964e+001  2.481923e+001  4.800000e+001
      vertex  1.548954e+001  2.472471e+001  4.800000e+001
      vertex  1.617517e+001  2.460233e+001  4.800000e+001
    endloop
  endfacet
  facet normal  -0.000000e+000  0.000000e+000  1.000000e+000
    outer loop
      vertex  1.897964e+001  2.481923e+001  4.800000e+001
      vertex  1.617517e+001  2.460233e+001  4.800000e+001
      vertex  1.683553e+001  2.438102e+001  4.800000e+001
    endloop
  endfacet
  facet normal  -0.000000e+000  0.000000e+000  1.000000e+000
    outer loop
      vertex  1.897964e+001  2.481923e+001  4.800000e+001
      vertex  1.683553e+001  2.438102e+001  4.800000e+001
      vertex  1.955281e+001  2.428187e+001  4.800000e+001
    endloop
  endfacet
  facet normal  0.000000e+000  0.000000e+000  1.000000e+000
    outer loop
      vertex  8.750000e+000  0.000000e+000  4.800000e+001
      vertex  1.025000e+001  2.131628e-014  4.800000e+001
      vertex  8.750000e+000  2.000000e+001  4.800000e+001
    endloop
  endfacet
  facet normal  -0.000000e+000  0.000000e+000  1.000000e+000
    outer loop
      vertex  8.750000e+000  2.000000e+001  4.800000e+001
      vertex  1.025000e+001  2.131628e-014  4.800000e+001
      vertex  1.025000e+001  2.000000e+001  4.800000e+001
    endloop
  endfacet
  facet normal  0.000000e+000  0.000000e+000  1.000000e+000
    outer loop
      vertex  8.750000e+000  2.000000e+001  4.800000e+001
      vertex  1.025000e+001  2.000000e+001  4.800000e+001
      vertex  8.798764e+000  2.077922e+001  4.800000e+001
    endloop
  endfacet
  facet normal  0.000000e+000  0.000000e+000  1.000000e+000
    outer loop
      vertex  8.798764e+000  2.077922e+001  4.800000e+001
      vertex  1.025000e+001  2.000000e+001  4.800000e+001
      vertex  1.028706e+001  2.059221e+001  4.800000e+001
    endloop
  endfacet
  facet normal  0.000000e+000  0.000000e+000  1.000000e+000
    outer loop
      vertex  8.798764e+000  2.077922e+001  4.800000e+001
      vertex  1.028706e+001  2.059221e+001  4.800000e+001
      vertex  8.944298e+000  2.154627e+001  4.800000e+001
    endloop
  endfacet
  facet normal  0.000000e+000  0.000000e+000  1.000000e+000
    outer loop
      vertex  8.944298e+000  2.154627e+001  4.800000e+001
      vertex  1.028706e+001  2.059221e+001  4.800000e+001
      vertex  1.039767e+001  2.117517e+001  4.800000e+001
    endloop
  endfacet
  facet normal  0.000000e+000  -0.000000e+000  9.999999e-001
    outer loop
      vertex  8.944298e+000  2.154627e+001  4.800000e+001
      vertex  1.039767e+001  2.117517e+001  4.800000e+001
      vertex  1.058009e+001  2.173979e+001  4.800000e+001
    endloop
  endfacet
  facet normal  0.000000e+000  0.000000e+000  1.000000e+000
    outer loop
      vertex  8.944298e+000  2.154627e+001  4.800000e+001
      vertex  1.058009e+001  2.173979e+001  4.800000e+001
      vertex  9.184327e+000  2.228920e+001  4.800000e+001
    endloop
  endfacet
  facet normal  0.000000e+000  0.000000e+000  1.000000e+000
    outer loop
      vertex  9.184327e+000  2.228920e+001  4.800000e+001
      vertex  1.058009e+001  2.173979e+001  4.800000e+001
      vertex  1.083148e+001  2.227727e+001  4.800000e+001
    endloop
  endfacet
  facet normal  0.000000e+000  0.000000e+000  1.000000e+000
    outer loop
      vertex  9.184327e+000  2.228920e+001  4.800000e+001
      vertex  1.083148e+001  2.227727e+001  4.800000e+001
      vertex  9.515109e+000  2.299641e+001  4.800000e+001
    endloop
  endfacet
  facet normal  0.000000e+000  0.000000e+000  1.000000e+000
    outer loop
      vertex  9.515109e+000  2.299641e+001  4.800000e+001
      vertex  1.083148e+001  2.227727e+001  4.800000e+001
      vertex  1.120929e+001  2.286235e+001  4.800000e+001
    endloop
  endfacet
  facet normal  0.000000e+000  0.000000e+000  1.000000e+000
    outer loop
      vertex  9.515109e+000  2.299641e+001  4.800000e+001
      vertex  1.120929e+001  2.286235e+001  4.800000e+001
      vertex  9.934371e+000  2.366086e+001  4.800000e+001
    endloop
  endfacet
  facet normal  0.000000e+000  0.000000e+000  1.000000e+000
    outer loop
      vertex  9.934371e+000  2.366086e+001  4.800000e+001
      vertex  1.120929e+001  2.286235e+001  4.800000e+001
      vertex  1.166860e+001  2.338589e+001  4.800000e+001
    endloop
  endfacet
  facet normal  0.000000e+000  -0.000000e+000  1.000000e+000
    outer loop
      vertex  9.934371e+000  2.366086e+001  4.800000e+001
      vertex  1.166860e+001  2.338589e+001  4.800000e+001
      vertex  1.219952e+001  2.383665e+001  4.800000e+001
    endloop
  endfacet
  facet normal  0.000000e+000  0.000000e+000  1.000000e+000
    outer loop
      vertex  9.934371e+000  2.366086e+001  4.800000e+001
      vertex  1.219952e+001  2.383665e+001  4.800000e+001
      vertex  1.043368e+001  2.426746e+001  4.800000e+001
    endloop
  endfacet
  facet normal  0.000000e+000  0.000000e+000  1.000000e+000
    outer loop
      vertex  1.043368e+001  2.426746e+001  4.800000e+001
      vertex  1.219952e+001  2.383665e+001  4.800000e+001
      vertex  1.279066e+001  2.420491e+001  4.800000e+001
    endloop
  endfacet
  facet normal  0.000000e+000  0.000000e+000  1.000000e+000
    outer loop
      vertex  1.043368e+001  2.426746e+001  4.800000e+001
      vertex  1.279066e+001  2.420491e+001  4.800000e+001
      vertex  1.100515e+001  2.480663e+001  4.800000e+001
    endloop
  endfacet
  facet normal  0.000000e+000  0.000000e+000  1.000000e+000
    outer loop
      vertex  1.100515e+001  2.480663e+001  4.800000e+001
      vertex  1.279066e+001  2.420491e+001  4.800000e+001
      vertex  1.342929e+001  2.448278e+001  4.800000e+001
    endloop
  endfacet
  facet normal  0.000000e+000  -0.000000e+000  1.000000e+000
    outer loop
      vertex  1.100515e+001  2.480663e+001  4.800000e+001
      vertex  1.342929e+001  2.448278e+001  4.800000e+001
      vertex  1.410168e+001  2.466428e+001  4.800000e+001
    endloop
  endfacet
  facet normal  0.000000e+000  0.000000e+000  1.000000e+000
    outer loop
      vertex  1.975000e+001  0.000000e+000  4.800000e+001
      vertex  2.125000e+001  0.000000e+000  4.800000e+001
      vertex  1.975000e+001  2.000000e+001  4.800000e+001
    endloop
  endfacet
  facet normal  -0.000000e+000  0.000000e+000  1.000000e+000
    outer loop
      vertex  1.975000e+001  2.000000e+001  4.800000e+001
      vertex  2.125000e+001  0.000000e+000  4.800000e+001
      vertex  2.125000e+001  2.000000e+001  4.800000e+001
    endloop
  endfacet
  facet normal  0.000000e+000  0.000000e+000  1.000000e+000
    outer loop
      vertex  1.975000e+001  2.000000e+001  4.800000e+001
      vertex  2.125000e+001  2.000000e+001  4.800000e+001
      vertex  1.969894e+001  2.069459e+001  4.800000e+001
    endloop
  endfacet
  facet normal  -0.000000e+000  0.000000e+000  1.000000e+000
    outer loop
      vertex  1.969894e+001  2.069459e+001  4.800000e+001
      vertex  2.125000e+001  2.000000e+001  4.800000e+001
      vertex  2.120062e+001  2.078412e+001  4.800000e+001
    endloop
  endfacet
  facet normal  0.000000e+000  0.000000e+000  1.000000e+000
    outer loop
      vertex  1.969894e+001  2.069459e+001  4.800000e+001
      vertex  2.120062e+001  2.078412e+001  4.800000e+001
      vertex  1.954686e+001  2.137424e+001  4.800000e+001
    endloop
  endfacet
  facet normal  -0.000000e+000  0.000000e+000  1.000000e+000
    outer loop
      vertex  1.954686e+001  2.137424e+001  4.800000e+001
      vertex  2.120062e+001  2.078412e+001  4.800000e+001
      vertex  2.105325e+001  2.155584e+001  4.800000e+001
    endloop
  endfacet
  facet normal  0.000000e+000  0.000000e+000  1.000000e+000
    outer loop
      vertex  1.954686e+001  2.137424e+001  4.800000e+001
      vertex  2.105325e+001  2.155584e+001  4.800000e+001
      vertex  1.929703e+001  2.202435e+001  4.800000e+001
    endloop
  endfacet
  facet normal  -0.000000e+000  0.000000e+000  9.999999e-001
    outer loop
      vertex  1.929703e+001  2.202435e+001  4.800000e+001
      vertex  2.105325e+001  2.155584e+001  4.800000e+001
      vertex  2.081023e+001  2.230298e+001  4.800000e+001
    endloop
  endfacet
  facet normal  0.000000e+000  0.000000e+000  1.000000e+000
    outer loop
      vertex  1.929703e+001  2.202435e+001  4.800000e+001
      vertex  2.081023e+001  2.230298e+001  4.800000e+001
      vertex  1.895482e+001  2.263094e+001  4.800000e+001
    endloop
  endfacet
  facet normal  -0.000000e+000  0.000000e+000  1.000000e+000
    outer loop
      vertex  1.895482e+001  2.263094e+001  4.800000e+001
      vertex  2.081023e+001  2.230298e+001  4.800000e+001
      vertex  2.047539e+001  2.301373e+001  4.800000e+001
    endloop
  endfacet
  facet normal  0.000000e+000  0.000000e+000  1.000000e+000
    outer loop
      vertex  1.895482e+001  2.263094e+001  4.800000e+001
      vertex  2.047539e+001  2.301373e+001  4.800000e+001
      vertex  1.852759e+001  2.318097e+001  4.800000e+001
    endloop
  endfacet
  facet normal  0.000000e+000  0.000000e+000  1.000000e+000
    outer loop
      vertex  1.852759e+001  2.318097e+001  4.800000e+001
      vertex  2.047539e+001  2.301373e+001  4.800000e+001
      vertex  1.802452e+001  2.366262e+001  4.800000e+001
    endloop
  endfacet
  facet normal  -0.000000e+000  0.000000e+000  1.000000e+000
    outer loop
      vertex  1.802452e+001  2.366262e+001  4.800000e+001
      vertex  2.047539e+001  2.301373e+001  4.800000e+001
      vertex  2.005403e+001  2.367685e+001  4.800000e+001
    endloop
  endfacet
  facet normal  0.000000e+000  0.000000e+000  1.000000e+000
    outer loop
      vertex  1.802452e+001  2.366262e+001  4.800000e+001
      vertex  2.005403e+001  2.367685e+001  4.800000e+001
      vertex  1.745643e+001  2.406552e+001  4.800000e+001
    endloop
  endfacet
  facet normal  -0.000000e+000  0.000000e+000  1.000000e+000
    outer loop
      vertex  1.745643e+001  2.406552e+001  4.800000e+001
      vertex  2.005403e+001  2.367685e+001  4.800000e+001
      vertex  1.955281e+001  2.428187e+001  4.800000e+001
    endloop
  endfacet
  facet normal  0.000000e+000  0.000000e+000  1.000000e+000
    outer loop
      vertex  1.745643e+001  2.406552e+001  4.800000e+001
      vertex  1.955281e+001  2.428187e+001  4.800000e+001
      vertex  1.683553e+001  2.438102e+001  4.800000e+001
    endloop
  endfacet
  facet normal  0.000000e+000  0.000000e+000  1.000000e+000
    outer loop
      vertex  1.163975e+001  2.526984e+001  4.800000e+001
      vertex  1.834358e+001  2.528043e+001  4.800000e+001
      vertex  1.232745e+001  2.564977e+001  4.800000e+001
    endloop
  endfacet
  facet normal  -0.000000e+000  0.000000e+000  1.000000e+000
    outer loop
      vertex  1.232745e+001  2.564977e+001  4.800000e+001
      vertex  1.834358e+001  2.528043e+001  4.800000e+001
      vertex  1.765468e+001  2.565819e+001  4.800000e+001
    endloop
  endfacet
  facet normal  0.000000e+000  0.000000e+000  1.000000e+000
    outer loop
      vertex  1.232745e+001  2.564977e+001  4.800000e+001
      vertex  1.765468e+001  2.565819e+001  4.800000e+001
      vertex  1.305738e+001  2.594043e+001  4.800000e+001
    endloop
  endfacet
  facet normal  -0.000000e+000  0.000000e+000  1.000000e+000
    outer loop
      vertex  1.305738e+001  2.594043e+001  4.800000e+001
      vertex  1.765468e+001  2.565819e+001  4.800000e+001
      vertex  1.692384e+001  2.594654e+001  4.800000e+001
    endloop
  endfacet
  facet normal  0.000000e+000  0.000000e+000  1.000000e+000
    outer loop
      vertex  1.305738e+001  2.594043e+001  4.800000e+001
      vertex  1.692384e+001  2.594654e+001  4.800000e+001
      vertex  1.381800e+001  2.613721e+001  4.800000e+001
    endloop
  endfacet
  facet normal  -0.000000e+000  0.000000e+000  1.000000e+000
    outer loop
      vertex  1.381800e+001  2.613721e+001  4.800000e+001
      vertex  1.692384e+001  2.594654e+001  4.800000e+001
      vertex  1.616259e+001  2.614092e+001  4.800000e+001
    endloop
  endfacet
  facet normal  0.000000e+000  0.000000e+000  1.000000e+000
    outer loop
      vertex  1.381800e+001  2.613721e+001  4.800000e+001
      vertex  1.616259e+001  2.614092e+001  4.800000e+001
      vertex  1.459731e+001  2.623701e+001  4.800000e+001
    endloop
  endfacet
  facet normal  -0.000000e+000  0.000000e+000  1.000000e+000
    outer loop
      vertex  1.459731e+001  2.623701e+001  4.800000e+001
      vertex  1.616259e+001  2.614092e+001  4.800000e+001
      vertex  1.538298e+001  2.623825e+001  4.800000e+001
    endloop
  endfacet
  facet normal  0.000000e+000  0.000000e+000 -1.000000e+000
    outer loop
      vertex  2.125000e+001  0.000000e+000  4.700000e+001
      vertex  1.975000e+001 -7.105427e-015  4.700000e+001
      vertex  2.125000e+001  2.000000e+001  4.700000e+001
    endloop
  endfacet
  facet normal  -0.000000e+000  0.000000e+000 -1.000000e+000
    outer loop
      vertex  2.125000e+001  2.000000e+001  4.700000e+001
      vertex  1.975000e+001 -7.105427e-015  4.700000e+001
      vertex  1.975000e+001  2.000000e+001  4.700000e+001
    endloop
  endfacet
  facet normal -1.000000e+000  0.000000e+000  -0.000000e+000
    outer loop
      vertex  1.975000e+001 -7.105427e-015  4.700000e+001
      vertex  1.975000e+001  0.000000e+000  4.800000e+001
      vertex  1.975000e+001  2.000000e+001  4.700000e+001
    endloop
  endfacet
  facet normal -1.000000e+000  0.000000e+000  0.000000e+000
    outer loop
      vertex  1.975000e+001  2.000000e+001  4.700000e+001
      vertex  1.975000e+001  0.000000e+000  4.800000e+001
      vertex  1.975000e+001  2.000000e+001  4.800000e+001
    endloop
  endfacet
  facet normal  1.000000e+000  0.000000e+000  0.000000e+000
    outer loop
      vertex  1.025000e+001  2.131628e-014  4.800000e+001
      vertex  1.025000e+001  0.000000e+000  4.700000e+001
      vertex  1.025000e+001  2.000000e+001  4.800000e+001
    endloop
  endfacet
  facet normal  1.000000e+000  0.000000e+000  0.000000e+000
    outer loop
      vertex  1.025000e+001  2.000000e+001  4.800000e+001
      vertex  1.025000e+001  0.000000e+000  4.700000e+001
      vertex  1.025000e+001  2.000000e+001  4.700000e+001
    endloop
  endfacet
  facet normal  0.000000e+000  0.000000e+000 -1.000000e+000
    outer loop
      vertex  1.025000e+001  0.000000e+000  4.700000e+001
      vertex  8.750000e+000  0.000000e+000  4.700000e+001
      vertex  1.025000e+001  2.000000e+001  4.700000e+001
    endloop
  endfacet
  facet normal  -0.000000e+000  0.000000e+000 -1.000000e+000
    outer loop
      vertex  1.025000e+001  2.000000e+001  4.700000e+001
      vertex  8.750000e+000  0.000000e+000  4.700000e+001
      vertex  8.750000e+000  2.000000e+001  4.700000e+001
    endloop
  endfacet
  facet normal  9.515683e-001 -3.074374e-001  0.000000e+000
    outer loop
      vertex  8.944298e+000  2.154627e+001  4.900000e+001
      vertex  9.184327e+000  2.228920e+001  4.800000e+001
      vertex  9.184327e+000  2.228920e+001  4.900000e+001
    endloop
  endfacet
  facet normal  9.058136e-001 -4.236764e-001  0.000000e+000
    outer loop
      vertex  9.184327e+000  2.228920e+001  4.900000e+001
      vertex  9.184327e+000  2.228920e+001  4.800000e+001
      vertex  9.515109e+000  2.299641e+001  4.800000e+001
    endloop
  endfacet
  facet normal  9.058136e-001 -4.236764e-001  0.000000e+000
    outer loop
      vertex  9.184327e+000  2.228920e+001  4.900000e+001
      vertex  9.515109e+000  2.299641e+001  4.800000e+001
      vertex  9.515109e+000  2.299641e+001  4.900000e+001
    endloop
  endfacet
  facet normal  9.515683e-001 -3.074374e-001  0.000000e+000
    outer loop
      vertex  9.184327e+000  2.228920e+001  4.800000e+001
      vertex  8.944298e+000  2.154627e+001  4.900000e+001
      vertex  8.944298e+000  2.154627e+001  4.800000e+001
    endloop
  endfacet
  facet normal  9.824731e-001 -1.864043e-001  0.000000e+000
    outer loop
      vertex  8.944298e+000  2.154627e+001  4.800000e+001
      vertex  8.944298e+000  2.154627e+001  4.900000e+001
      vertex  8.798764e+000  2.077922e+001  4.900000e+001
    endloop
  endfacet
  facet normal  9.824731e-001 -1.864043e-001  0.000000e+000
    outer loop
      vertex  8.944298e+000  2.154627e+001  4.800000e+001
      vertex  8.798764e+000  2.077922e+001  4.900000e+001
      vertex  8.798764e+000  2.077922e+001  4.800000e+001
    endloop
  endfacet
  facet normal  9.980476e-001 -6.245890e-002  0.000000e+000
    outer loop
      vertex  8.798764e+000  2.077922e+001  4.800000e+001
      vertex  8.798764e+000  2.077922e+001  4.900000e+001
      vertex  8.750000e+000  2.000000e+001  4.900000e+001
    endloop
  endfacet
  facet normal  9.980476e-001 -6.245890e-002  0.000000e+000
    outer loop
      vertex  8.798764e+000  2.077922e+001  4.800000e+001
      vertex  8.750000e+000  2.000000e+001  4.900000e+001
      vertex  8.750000e+000  2.000000e+001  4.800000e+001
    endloop
  endfacet
  facet normal -3.670079e-001 -9.302178e-001  0.000000e+000
    outer loop
      vertex  1.692384e+001  2.594654e+001  4.900000e+001
      vertex  1.765468e+001  2.565819e+001  4.800000e+001
      vertex  1.765468e+001  2.565819e+001  4.900000e+001
    endloop
  endfacet
  facet normal -4.808123e-001 -8.768235e-001  -0.000000e+000
    outer loop
      vertex  1.765468e+001  2.565819e+001  4.900000e+001
      vertex  1.765468e+001  2.565819e+001  4.800000e+001
      vertex  1.834358e+001  2.528043e+001  4.800000e+001
    endloop
  endfacet
  facet normal -4.808123e-001 -8.768235e-001  0.000000e+000
    outer loop
      vertex  1.765468e+001  2.565819e+001  4.900000e+001
      vertex  1.834358e+001  2.528043e+001  4.800000e+001
      vertex  1.834358e+001  2.528043e+001  4.900000e+001
    endloop
  endfacet
  facet normal -5.870176e-001 -8.095741e-001  -0.000000e+000
    outer loop
      vertex  1.834358e+001  2.528043e+001  4.900000e+001
      vertex  1.834358e+001  2.528043e+001  4.800000e+001
      vertex  1.897964e+001  2.481923e+001  4.800000e+001
    endloop
  endfacet
  facet normal -5.870176e-001 -8.095741e-001  0.000000e+000
    outer loop
      vertex  1.834358e+001  2.528043e+001  4.900000e+001
      vertex  1.897964e+001  2.481923e+001  4.800000e+001
      vertex  1.897964e+001  2.481923e+001  4.900000e+001
    endloop
  endfacet
  facet normal -6.839484e-001 -7.295304e-001  -0.000000e+000
    outer loop
      vertex  1.897964e+001  2.481923e+001  4.900000e+001
      vertex  1.897964e+001  2.481923e+001  4.800000e+001
      vertex  1.955281e+001  2.428187e+001  4.800000e+001
    endloop
  endfacet
  facet normal -6.839484e-001 -7.295304e-001  0.000000e+000
    outer loop
      vertex  1.897964e+001  2.481923e+001  4.900000e+001
      vertex  1.955281e+001  2.428187e+001  4.800000e+001
      vertex  1.955281e+001  2.428187e+001  4.900000e+001
    endloop
  endfacet
  facet normal -7.700693e-001 -6.379603e-001  -0.000000e+000
    outer loop
      vertex  1.955281e+001  2.428187e+001  4.900000e+001
      vertex  1.955281e+001  2.428187e+001  4.800000e+001
      vertex  2.005403e+001  2.367685e+001  4.800000e+001
    endloop
  endfacet
  facet normal -7.700693e-001 -6.379603e-001  0.000000e+000
    outer loop
      vertex  1.955281e+001  2.428187e+001  4.900000e+001
      vertex  2.005403e+001  2.367685e+001  4.800000e+001
      vertex  2.005403e+001  2.367685e+001  4.900000e+001
    endloop
  endfacet
  facet normal -8.440233e-001 -5.363064e-001  -0.000000e+000
    outer loop
      vertex  2.005403e+001  2.367685e+001  4.900000e+001
      vertex  2.005403e+001  2.367685e+001  4.800000e+001
      vertex  2.047539e+001  2.301373e+001  4.800000e+001
    endloop
  endfacet
  facet normal -8.440233e-001 -5.363064e-001  0.000000e+000
    outer loop
      vertex  2.005403e+001  2.367685e+001  4.900000e+001
      vertex  2.047539e+001  2.301373e+001  4.800000e+001
      vertex  2.047539e+001  2.301373e+001  4.900000e+001
    endloop
  endfacet
  facet normal -9.046382e-001 -4.261804e-001  -0.000000e+000
    outer loop
      vertex  2.047539e+001  2.301373e+001  4.900000e+001
      vertex  2.047539e+001  2.301373e+001  4.800000e+001
      vertex  2.081023e+001  2.230298e+001  4.800000e+001
    endloop
  endfacet
  facet normal -9.046382e-001 -4.261804e-001  0.000000e+000
    outer loop
      vertex  2.047539e+001  2.301373e+001  4.900000e+001
      vertex  2.081023e+001  2.230298e+001  4.800000e+001
      vertex  2.081023e+001  2.230298e+001  4.900000e+001
    endloop
  endfacet
  facet normal -9.509591e-001 -3.093165e-001  -0.000000e+000
    outer loop
      vertex  2.081023e+001  2.230298e+001  4.900000e+001
      vertex  2.081023e+001  2.230298e+001  4.800000e+001
      vertex  2.105325e+001  2.155584e+001  4.800000e+001
    endloop
  endfacet
  facet normal -9.509591e-001 -3.093165e-001  0.000000e+000
    outer loop
      vertex  2.081023e+001  2.230298e+001  4.900000e+001
      vertex  2.105325e+001  2.155584e+001  4.800000e+001
      vertex  2.105325e+001  2.155584e+001  4.900000e+001
    endloop
  endfacet
  facet normal -9.822513e-001 -1.875694e-001  -0.000000e+000
    outer loop
      vertex  2.105325e+001  2.155584e+001  4.900000e+001
      vertex  2.105325e+001  2.155584e+001  4.800000e+001
      vertex  2.120062e+001  2.078412e+001  4.800000e+001
    endloop
  endfacet
  facet normal -9.822513e-001 -1.875694e-001  0.000000e+000
    outer loop
      vertex  2.105325e+001  2.155584e+001  4.900000e+001
      vertex  2.120062e+001  2.078412e+001  4.800000e+001
      vertex  2.120062e+001  2.078412e+001  4.900000e+001
    endloop
  endfacet
  facet normal -9.980229e-001 -6.285241e-002  -0.000000e+000
    outer loop
      vertex  2.120062e+001  2.078412e+001  4.900000e+001
      vertex  2.120062e+001  2.078412e+001  4.800000e+001
      vertex  2.125000e+001  2.000000e+001  4.800000e+001
    endloop
  endfacet
  facet normal -9.980229e-001 -6.285241e-002  0.000000e+000
    outer loop
      vertex  2.120062e+001  2.078412e+001  4.900000e+001
      vertex  2.125000e+001  2.000000e+001  4.800000e+001
      vertex  2.125000e+001  2.000000e+001  4.900000e+001
    endloop
  endfacet
  facet normal -3.670079e-001 -9.302178e-001  -0.000000e+000
    outer loop
      vertex  1.765468e+001  2.565819e+001  4.800000e+001
      vertex  1.692384e+001  2.594654e+001  4.900000e+001
      vertex  1.692384e+001  2.594654e+001  4.800000e+001
    endloop
  endfacet
  facet normal -2.474039e-001 -9.689124e-001  0.000000e+000
    outer loop
      vertex  1.692384e+001  2.594654e+001  4.800000e+001
      vertex  1.692384e+001  2.594654e+001  4.900000e+001
      vertex  1.616259e+001  2.614092e+001  4.900000e+001
    endloop
  endfacet
  facet normal -2.474039e-001 -9.689124e-001  -0.000000e+000
    outer loop
      vertex  1.692384e+001  2.594654e+001  4.800000e+001
      vertex  1.616259e+001  2.614092e+001  4.900000e+001
      vertex  1.616259e+001  2.614092e+001  4.800000e+001
    endloop
  endfacet
  facet normal -1.238891e-001 -9.922960e-001  0.000000e+000
    outer loop
      vertex  1.616259e+001  2.614092e+001  4.800000e+001
      vertex  1.616259e+001  2.614092e+001  4.900000e+001
      vertex  1.538298e+001  2.623825e+001  4.900000e+001
    endloop
  endfacet
  facet normal -1.238891e-001 -9.922960e-001  -0.000000e+000
    outer loop
      vertex  1.616259e+001  2.614092e+001  4.800000e+001
      vertex  1.538298e+001  2.623825e+001  4.900000e+001
      vertex  1.538298e+001  2.623825e+001  4.800000e+001
    endloop
  endfacet
  facet normal  1.580413e-003 -9.999987e-001  0.000000e+000
    outer loop
      vertex  1.538298e+001  2.623825e+001  4.800000e+001
      vertex  1.538298e+001  2.623825e+001  4.900000e+001
      vertex  1.459731e+001  2.623701e+001  4.900000e+001
    endloop
  endfacet
  facet normal  1.580413e-003 -9.999987e-001  0.000000e+000
    outer loop
      vertex  1.538298e+001  2.623825e+001  4.800000e+001
      vertex  1.459731e+001  2.623701e+001  4.900000e+001
      vertex  1.459731e+001  2.623701e+001  4.800000e+001
    endloop
  endfacet
  facet normal  1.270255e-001 -9.918995e-001  0.000000e+000
    outer loop
      vertex  1.459731e+001  2.623701e+001  4.800000e+001
      vertex  1.459731e+001  2.623701e+001  4.900000e+001
      vertex  1.381800e+001  2.613721e+001  4.900000e+001
    endloop
  endfacet
  facet normal  1.270255e-001 -9.918995e-001  0.000000e+000
    outer loop
      vertex  1.459731e+001  2.623701e+001  4.800000e+001
      vertex  1.381800e+001  2.613721e+001  4.900000e+001
      vertex  1.381800e+001  2.613721e+001  4.800000e+001
    endloop
  endfacet
  facet normal  2.504654e-001 -9.681255e-001  0.000000e+000
    outer loop
      vertex  1.381800e+001  2.613721e+001  4.800000e+001
      vertex  1.381800e+001  2.613721e+001  4.900000e+001
      vertex  1.305738e+001  2.594043e+001  4.900000e+001
    endloop
  endfacet
  facet normal  2.504654e-001 -9.681255e-001  0.000000e+000
    outer loop
      vertex  1.381800e+001  2.613721e+001  4.800000e+001
      vertex  1.305738e+001  2.594043e+001  4.900000e+001
      vertex  1.305738e+001  2.594043e+001  4.800000e+001
    endloop
  endfacet
  facet normal  3.699454e-001 -9.290535e-001  0.000000e+000
    outer loop
      vertex  1.305738e+001  2.594043e+001  4.800000e+001
      vertex  1.305738e+001  2.594043e+001  4.900000e+001
      vertex  1.232745e+001  2.564977e+001  4.900000e+001
    endloop
  endfacet
  facet normal  3.699454e-001 -9.290535e-001  0.000000e+000
    outer loop
      vertex  1.305738e+001  2.594043e+001  4.800000e+001
      vertex  1.232745e+001  2.564977e+001  4.900000e+001
      vertex  1.232745e+001  2.564977e+001  4.800000e+001
    endloop
  endfacet
  facet normal  4.835804e-001 -8.753000e-001  0.000000e+000
    outer loop
      vertex  1.232745e+001  2.564977e+001  4.800000e+001
      vertex  1.232745e+001  2.564977e+001  4.900000e+001
      vertex  1.163975e+001  2.526984e+001  4.900000e+001
    endloop
  endfacet
  facet normal  4.835804e-001 -8.753000e-001  0.000000e+000
    outer loop
      vertex  1.232745e+001  2.564977e+001  4.800000e+001
      vertex  1.163975e+001  2.526984e+001  4.900000e+001
      vertex  1.163975e+001  2.526984e+001  4.800000e+001
    endloop
  endfacet
  facet normal  5.895739e-001 -8.077145e-001  0.000000e+000
    outer loop
      vertex  1.163975e+001  2.526984e+001  4.800000e+001
      vertex  1.163975e+001  2.526984e+001  4.900000e+001
      vertex  1.100515e+001  2.480663e+001  4.900000e+001
    endloop
  endfacet
  facet normal  5.895739e-001 -8.077145e-001  0.000000e+000
    outer loop
      vertex  1.163975e+001  2.526984e+001  4.800000e+001
      vertex  1.100515e+001  2.480663e+001  4.900000e+001
      vertex  1.100515e+001  2.480663e+001  4.800000e+001
    endloop
  endfacet
  facet normal  6.862498e-001 -7.273660e-001  0.000000e+000
    outer loop
      vertex  1.100515e+001  2.480663e+001  4.800000e+001
      vertex  1.100515e+001  2.480663e+001  4.900000e+001
      vertex  1.043368e+001  2.426746e+001  4.900000e+001
    endloop
  endfacet
  facet normal  6.862498e-001 -7.273660e-001  0.000000e+000
    outer loop
      vertex  1.100515e+001  2.480663e+001  4.800000e+001
      vertex  1.043368e+001  2.426746e+001  4.900000e+001
      vertex  1.043368e+001  2.426746e+001  4.800000e+001
    endloop
  endfacet
  facet normal  7.720819e-001 -6.355230e-001  0.000000e+000
    outer loop
      vertex  1.043368e+001  2.426746e+001  4.800000e+001
      vertex  1.043368e+001  2.426746e+001  4.900000e+001
      vertex  9.934371e+000  2.366086e+001  4.900000e+001
    endloop
  endfacet
  facet normal  7.720819e-001 -6.355230e-001  0.000000e+000
    outer loop
      vertex  1.043368e+001  2.426746e+001  4.800000e+001
      vertex  9.934371e+000  2.366086e+001  4.900000e+001
      vertex  9.934371e+000  2.366086e+001  4.800000e+001
    endloop
  endfacet
  facet normal  8.457140e-001 -5.336366e-001  0.000000e+000
    outer loop
      vertex  9.934371e+000  2.366086e+001  4.800000e+001
      vertex  9.934371e+000  2.366086e+001  4.900000e+001
      vertex  9.515109e+000  2.299641e+001  4.900000e+001
    endloop
  endfacet
  facet normal  8.457140e-001 -5.336366e-001  0.000000e+000
    outer loop
      vertex  9.934371e+000  2.366086e+001  4.800000e+001
      vertex  9.515109e+000  2.299641e+001  4.900000e+001
      vertex  9.515109e+000  2.299641e+001  4.800000e+001
    endloop
  endfacet
  facet normal  1.000000e+000  -0.000000e+000  0.000000e+000
    outer loop
      vertex  8.750000e+000  2.000000e+001  4.900000e+001
      vertex  8.750000e+000  0.000000e+000  4.900000e+001
      vertex  8.750000e+000  2.000000e+001  4.800000e+001
    endloop
  endfacet
  facet normal  1.000000e+000  0.000000e+000  0.000000e+000
    outer loop
      vertex  8.750000e+000  2.000000e+001  4.800000e+001
      vertex  8.750000e+000  0.000000e+000  4.900000e+001
      vertex  8.750000e+000  0.000000e+000  4.800000e+001
    endloop
  endfacet
  facet normal -1.000000e+000  0.000000e+000  0.000000e+000
    outer loop
      vertex  2.125000e+001  2.000000e+001  4.800000e+001
      vertex  2.125000e+001  0.000000e+000  4.800000e+001
      vertex  2.125000e+001  2.000000e+001  4.900000e+001
    endloop
  endfacet
  facet normal -1.000000e+000  -0.000000e+000  0.000000e+000
    outer loop
      vertex  2.125000e+001  2.000000e+001  4.900000e+001
      vertex  2.125000e+001  0.000000e+000  4.800000e+001
      vertex  2.125000e+001  0.000000e+000  4.900000e+001
    endloop
  endfacet
  facet normal  0.000000e+000 -1.000000e+000  0.000000e+000
    outer loop
      vertex  1.025000e+001  0.000000e+000  5.000000e+001
      vertex  8.750000e+000  0.000000e+000  4.900000e+001
      vertex  1.025000e+001  0.000000e+000  4.900000e+001
    endloop
  endfacet
  facet normal  0.000000e+000 -9.999999e-001  0.000000e+000
    outer loop
      vertex  3.000000e+001  0.000000e+000  5.000000e+001
      vertex  1.975000e+001  0.000000e+000  5.000000e+001
      vertex  1.975000e+001  0.000000e+000  4.900000e+001
    endloop
  endfacet
  facet normal  0.000000e+000 -1.000000e+000  0.000000e+000
    outer loop
      vertex  3.000000e+001  0.000000e+000  5.000000e+001
      vertex  1.975000e+001  0.000000e+000  4.900000e+001
      vertex  2.125000e+001  0.000000e+000  4.900000e+001
    endloop
  endfacet
  facet normal  0.000000e+000 -1.000000e+000  0.000000e+000
    outer loop
      vertex  3.000000e+001  0.000000e+000  5.000000e+001
      vertex  2.125000e+001  0.000000e+000  4.900000e+001
      vertex  2.125000e+001  0.000000e+000  4.800000e+001
    endloop
  endfacet
  facet normal  0.000000e+000 -1.000000e+000  0.000000e+000
    outer loop
      vertex  3.000000e+001  0.000000e+000  5.000000e+001
      vertex  2.125000e+001  0.000000e+000  4.800000e+001
      vertex  2.125000e+001  0.000000e+000  4.700000e+001
    endloop
  endfacet
  facet normal  0.000000e+000 -1.000000e+000  0.000000e+000
    outer loop
      vertex  3.000000e+001  0.000000e+000  5.000000e+001
      vertex  2.125000e+001  0.000000e+000  4.700000e+001
      vertex  2.125000e+001  0.000000e+000  9.000000e+000
    endloop
  endfacet
  facet normal  0.000000e+000 -1.000000e+000  0.000000e+000
    outer loop
      vertex  3.000000e+001  0.000000e+000  5.000000e+001
      vertex  2.125000e+001  0.000000e+000  9.000000e+000
      vertex  3.000000e+001  0.000000e+000  0.000000e+000
    endloop
  endfacet
  facet normal  0.000000e+000 -1.000000e+000  0.000000e+000
    outer loop
      vertex  0.000000e+000  0.000000e+000  5.000000e+001
      vertex  0.000000e+000  0.000000e+000  0.000000e+000
      vertex  8.750000e+000  0.000000e+000  9.000000e+000
    endloop
  endfacet
  facet normal  0.000000e+000 -1.000000e+000  0.000000e+000
    outer loop
      vertex  0.000000e+000  0.000000e+000  5.000000e+001
      vertex  8.750000e+000  0.000000e+000  9.000000e+000
      vertex  8.750000e+000  0.000000e+000  4.700000e+001
    endloop
  endfacet
  facet normal  0.000000e+000 -1.000000e+000  0.000000e+000
    outer loop
      vertex  0.000000e+000  0.000000e+000  5.000000e+001
      vertex  8.750000e+000  0.000000e+000  4.700000e+001
      vertex  8.750000e+000  0.000000e+000  4.800000e+001
    endloop
  endfacet
  facet normal  0.000000e+000 -1.000000e+000  0.000000e+000
    outer loop
      vertex  0.000000e+000  0.000000e+000  5.000000e+001
      vertex  8.750000e+000  0.000000e+000  4.800000e+001
      vertex  8.750000e+000  0.000000e+000  4.900000e+001
    endloop
  endfacet
  facet normal  0.000000e+000 -9.999999e-001  0.000000e+000
    outer loop
      vertex  0.000000e+000  0.000000e+000  5.000000e+001
      vertex  8.750000e+000  0.000000e+000  4.900000e+001
      vertex  1.025000e+001  0.000000e+000  5.000000e+001
    endloop
  endfacet
  facet normal  0.000000e+000 -1.000000e+000  7.105427e-015
    outer loop
      vertex  1.975000e+001  0.000000e+000  4.800000e+001
      vertex  1.975000e+001 -7.105427e-015  4.700000e+001
      vertex  2.125000e+001  0.000000e+000  4.800000e+001
    endloop
  endfacet
  facet normal  4.736952e-015 -1.000000e+000  0.000000e+000
    outer loop
      vertex  2.125000e+001  0.000000e+000  4.800000e+001
      vertex  1.975000e+001 -7.105427e-015  4.700000e+001
      vertex  2.125000e+001  0.000000e+000  4.700000e+001
    endloop
  endfacet
  facet normal  0.000000e+000 -1.000000e+000  0.000000e+000
    outer loop
      vertex  0.000000e+000  0.000000e+000  0.000000e+000
      vertex  3.000000e+001  0.000000e+000  0.000000e+000
      vertex  8.750000e+000  0.000000e+000  9.000000e+000
    endloop
  endfacet
  facet normal  0.000000e+000 -1.000000e+000  0.000000e+000
    outer loop
      vertex  8.750000e+000  0.000000e+000  9.000000e+000
      vertex  3.000000e+001  0.000000e+000  0.000000e+000
      vertex  2.125000e+001  0.000000e+000  9.000000e+000
    endloop
  endfacet
  facet normal  0.000000e+000 -1.000000e+000  0.000000e+000
    outer loop
      vertex  8.750000e+000  0.000000e+000  4.700000e+001
      vertex  1.025000e+001  0.000000e+000  4.700000e+001
      vertex  8.750000e+000  0.000000e+000  4.800000e+001
    endloop
  endfacet
  facet normal  1.421085e-014 -1.000000e+000  2.131628e-014
    outer loop
      vertex  8.750000e+000  0.000000e+000  4.800000e+001
      vertex  1.025000e+001  0.000000e+000  4.700000e+001
      vertex  1.025000e+001  2.131628e-014  4.800000e+001
    endloop
  endfacet
  facet normal  1.000000e+000  -0.000000e+000  0.000000e+000
    outer loop
      vertex  8.750000e+000  2.000000e+001  4.700000e+001
      vertex  8.750000e+000  0.000000e+000  4.700000e+001
      vertex  8.750000e+000  2.000000e+001  9.000000e+000
    endloop
  endfacet
  facet normal  1.000000e+000  0.000000e+000  0.000000e+000
    outer loop
      vertex  8.750000e+000  2.000000e+001  9.000000e+000
      vertex  8.750000e+000  0.000000e+000  4.700000e+001
      vertex  8.750000e+000  0.000000e+000  9.000000e+000
    endloop
  endfacet
  facet normal -1.000000e+000  1.421085e-015  0.000000e+000
    outer loop
      vertex  4.263256e-014  3.000000e+001  0.000000e+000
      vertex  0.000000e+000  0.000000e+000  0.000000e+000
      vertex  4.263256e-014  3.000000e+001  5.000000e+001
    endloop
  endfacet
  facet normal -1.000000e+000  1.421085e-015  0.000000e+000
    outer loop
      vertex  4.263256e-014  3.000000e+001  5.000000e+001
      vertex  0.000000e+000  0.000000e+000  0.000000e+000
      vertex  0.000000e+000  0.000000e+000  5.000000e+001
    endloop
  endfacet
  facet normal  0.000000e+000  1.000000e+000  0.000000e+000
    outer loop
      vertex  3.000000e+001  3.000000e+001  0.000000e+000
      vertex  4.263256e-014  3.000000e+001  0.000000e+000
      vertex  3.000000e+001  3.000000e+001  5.000000e+001
    endloop
  endfacet
  facet normal  0.000000e+000  1.000000e+000  0.000000e+000
    outer loop
      vertex  3.000000e+001  3.000000e+001  5.000000e+001
      vertex  4.263256e-014  3.000000e+001  0.000000e+000
      vertex  4.263256e-014  3.000000e+001  5.000000e+001
    endloop
  endfacet
endsolid CATIA STL
