15:20:45 **** Incremental Build of configuration Debug for project base_robot ****
make -j12 all 
arm-none-eabi-gcc "../Core/Src/main.c" -mcpu=cortex-m4 -std=gnu11 -g3 -DDEBUG -DUSE_HAL_DRIVER -DSTM32F411xE -c -I../Core/Inc -I../Drivers/STM32F4xx_HAL_Driver/Inc -I"/home/e2023/e3pennan/Documents/sen robot/robot_task/base_robot/micro_ros_stm32cubemx_utils/microros_static_library/libmicroros/microros_include" -I../Drivers/STM32F4xx_HAL_Driver/Inc/Legacy -I../Drivers/CMSIS/Device/ST/STM32F4xx/Include -I../Drivers/CMSIS/Include -I../Middlewares/Third_Party/FreeRTOS/Source/include -I../Middlewares/Third_Party/FreeRTOS/Source/CMSIS_RTOS_V2 -I../Middlewares/Third_Party/FreeRTOS/Source/portable/GCC/ARM_CM4F -O0 -ffunction-sections -fdata-sections -Wall -fstack-usage -MMD -MP -MF"Core/Src/main.d" -MT"Core/Src/main.o" --specs=nano.specs -mfpu=fpv4-sp-d16 -mfloat-abi=hard -mthumb -o "Core/Src/main.o"
../Core/Src/main.c: In function 'task_Sensor':
../Core/Src/main.c:99:17: warning: implicit declaration of function 'captDistIR_ToCm'; did you mean 'captDistIR_Get'? [-Wimplicit-function-declaration]
   99 |         distL = captDistIR_ToCm(tab_distIR[0]);
      |                 ^~~~~~~~~~~~~~~
      |                 captDistIR_Get
../Core/Src/main.c: In function 'task_Manual':
../Core/Src/main.c:182:21: warning: implicit declaration of function 'moveForward' [-Wimplicit-function-declaration]
  182 |                     moveForward(motorSpeed);
      |                     ^~~~~~~~~~~
../Core/Src/main.c:186:21: warning: implicit declaration of function 'moveBackward' [-Wimplicit-function-declaration]
  186 |                     moveBackward(motorSpeed);
      |                     ^~~~~~~~~~~~
../Core/Src/main.c:190:21: warning: implicit declaration of function 'turnLeft' [-Wimplicit-function-declaration]
  190 |                     turnLeft(motorSpeed);
      |                     ^~~~~~~~
../Core/Src/main.c:194:21: warning: implicit declaration of function 'turnRight' [-Wimplicit-function-declaration]
  194 |                     turnRight(motorSpeed);
      |                     ^~~~~~~~~
../Core/Src/main.c:198:21: warning: implicit declaration of function 'stop' [-Wimplicit-function-declaration]
  198 |                     stop();
      |                     ^~~~
../Core/Src/main.c: In function 'main':
../Core/Src/main.c:316:7: warning: unused variable 'tab_dist' [-Wunused-variable]
  316 |   int tab_dist[2];
      |       ^~~~~~~~
../Core/Src/main.c:315:7: warning: variable 'ret' set but not used [-Wunused-but-set-variable]
  315 |   int ret=0;
      |       ^~~
../Core/Src/main.c: At top level:
../Core/Src/main.c:51:13: warning: 'randomTimerCallback' declared 'static' but never defined [-Wunused-function]
   51 | static void randomTimerCallback(TimerHandle_t xTimer);
      |             ^~~~~~~~~~~~~~~~~~~
../Core/Src/main.c: In function 'microros_task':
../Core/Src/main.c:552:5: warning: ignoring return value of 'rcutils_set_default_allocator' declared with attribute 'warn_unused_result' [-Wunused-result]
  552 |     rcutils_set_default_allocator(&freeRTOS_allocator);
      |     ^~~~~~~~~~~~~~~~~~~~~~~~~~~~~~~~~~~~~~~~~~~~~~~~~~
../Core/Src/main.c:560:5: warning: ignoring return value of 'rcl_init_options_init' declared with attribute 'warn_unused_result' [-Wunused-result]
  560 |     rcl_init_options_init(
      |     ^~~~~~~~~~~~~~~~~~~~~~
  561 |         &init_options,
      |         ~~~~~~~~~~~~~~
  562 |         allocator
      |         ~~~~~~~~~
  563 |     );
      |     ~
../Core/Src/main.c:564:5: warning: ignoring return value of 'rcl_init_options_set_domain_id' declared with attribute 'warn_unused_result' [-Wunused-result]
  564 |     rcl_init_options_set_domain_id(
      |     ^~~~~~~~~~~~~~~~~~~~~~~~~~~~~~~
  565 |         &init_options,
      |         ~~~~~~~~~~~~~~
  566 |         ROS_DOMAIN_ID
      |         ~~~~~~~~~~~~~
  567 |     );
      |     ~
../Core/Src/main.c:696:9: warning: ignoring return value of 'rcl_publish' declared with attribute 'warn_unused_result' [-Wunused-result]
  696 |         rcl_publish(
      |         ^~~~~~~~~~~~
  697 |             &sensor_vl53_publisher,
      |             ~~~~~~~~~~~~~~~~~~~~~~~
  698 |             &sensor_vl53_msg,
      |             ~~~~~~~~~~~~~~~~~
  699 |             NULL
      |             ~~~~
  700 |         );
      |         ~
../Core/Src/main.c:703:9: warning: ignoring return value of 'rcl_publish' declared with attribute 'warn_unused_result' [-Wunused-result]
  703 |         rcl_publish(
      |         ^~~~~~~~~~~~
  704 |             &sensor_ir_left_publisher,
      |             ~~~~~~~~~~~~~~~~~~~~~~~~~~
  705 |             &sensor_ir_left_msg,
      |             ~~~~~~~~~~~~~~~~~~~~
  706 |             NULL
      |             ~~~~
  707 |         );
      |         ~
../Core/Src/main.c:710:9: warning: ignoring return value of 'rcl_publish' declared with attribute 'warn_unused_result' [-Wunused-result]
  710 |         rcl_publish(
      |         ^~~~~~~~~~~~
  711 |             &sensor_ir_right_publisher,
      |             ~~~~~~~~~~~~~~~~~~~~~~~~~~~
  712 |             &sensor_ir_right_msg,
      |             ~~~~~~~~~~~~~~~~~~~~~
  713 |             NULL
      |             ~~~~
  714 |         );
      |         ~
At top level:
../Core/Src/main.c:50:22: warning: 'xRandomTimer' defined but not used [-Wunused-variable]
   50 | static TimerHandle_t xRandomTimer;
      |                      ^~~~~~~~~~~~
arm-none-eabi-gcc -o "base_robot.elf" @"objects.list"  -lmicroros -mcpu=cortex-m4 -T"/home/e2023/e3pennan/Documents/sen robot/robot_task/base_robot/STM32F411RETX_FLASH.ld" --specs=nosys.specs -Wl,-Map="base_robot.map" -Wl,--gc-sections -static -L"/home/e2023/e3pennan/Documents/sen robot/robot_task/base_robot/micro_ros_stm32cubemx_utils/microros_static_library/libmicroros" --specs=nano.specs -mfpu=fpv4-sp-d16 -mfloat-abi=hard -mthumb -u _printf_float -u _scanf_float -Wl,--start-group -lc -lm -Wl,--end-group
Finished building target: base_robot.elf
 
arm-none-eabi-size   base_robot.elf 
arm-none-eabi-objdump -h -S  base_robot.elf  > "base_robot.list"
   text	   data	    bss	    dec	    hex	filename
 128904	    656	  60544	 190104	  2e698	base_robot.elf
Finished building: default.size.stdout
 
Finished building: base_robot.list
 
15:20:59 **** Incremental Build of configuration Debug for project base_robot ****
make -j12 all 
arm-none-eabi-size   base_robot.elf 
   text	   data	    bss	    dec	    hex	filename
 128904	    656	  60544	 190104	  2e698	base_robot.elf
Finished building: default.size.stdout
 
15:22:26 **** Incremental Build of configuration Debug for project base_robot ****
make -j12 all 
arm-none-eabi-size   base_robot.elf 
   text	   data	    bss	    dec	    hex	filename
 128904	    656	  60544	 190104	  2e698	base_robot.elf
Finished building: default.size.stdout
 
15:23:30 **** Incremental Build of configuration Debug for project base_robot ****
make -j12 all 
arm-none-eabi-size   base_robot.elf 
   text	   data	    bss	    dec	    hex	filename
 128904	    656	  60544	 190104	  2e698	base_robot.elf
Finished building: default.size.stdout
 
15:23:58 **** Incremental Build of configuration Debug for project base_robot ****
make -j12 all 
arm-none-eabi-size   base_robot.elf 
   text	   data	    bss	    dec	    hex	filename
 128904	    656	  60544	 190104	  2e698	base_robot.elf
Finished building: default.size.stdout
 
15:26:15 **** Incremental Build of configuration Debug for project base_robot ****
make -j12 all 
arm-none-eabi-gcc "../Core/Src/main.c" -mcpu=cortex-m4 -std=gnu11 -g3 -DDEBUG -DUSE_HAL_DRIVER -DSTM32F411xE -c -I../Core/Inc -I../Drivers/STM32F4xx_HAL_Driver/Inc -I"/home/e2023/e3pennan/Documents/sen robot/robot_task/base_robot/micro_ros_stm32cubemx_utils/microros_static_library/libmicroros/microros_include" -I../Drivers/STM32F4xx_HAL_Driver/Inc/Legacy -I../Drivers/CMSIS/Device/ST/STM32F4xx/Include -I../Drivers/CMSIS/Include -I../Middlewares/Third_Party/FreeRTOS/Source/include -I../Middlewares/Third_Party/FreeRTOS/Source/CMSIS_RTOS_V2 -I../Middlewares/Third_Party/FreeRTOS/Source/portable/GCC/ARM_CM4F -O0 -ffunction-sections -fdata-sections -Wall -fstack-usage -MMD -MP -MF"Core/Src/main.d" -MT"Core/Src/main.o" --specs=nano.specs -mfpu=fpv4-sp-d16 -mfloat-abi=hard -mthumb -o "Core/Src/main.o"
../Core/Src/main.c: In function 'task_Sensor':
../Core/Src/main.c:99:17: warning: implicit declaration of function 'captDistIR_ToCm'; did you mean 'captDistIR_Get'? [-Wimplicit-function-declaration]
   99 |         distL = captDistIR_ToCm(tab_distIR[0]);
      |                 ^~~~~~~~~~~~~~~
      |                 captDistIR_Get
../Core/Src/main.c: In function 'task_Manual':
../Core/Src/main.c:182:21: warning: implicit declaration of function 'moveForward' [-Wimplicit-function-declaration]
  182 |                     moveForward(motorSpeed);
      |                     ^~~~~~~~~~~
../Core/Src/main.c:186:21: warning: implicit declaration of function 'moveBackward' [-Wimplicit-function-declaration]
  186 |                     moveBackward(motorSpeed);
      |                     ^~~~~~~~~~~~
../Core/Src/main.c:190:21: warning: implicit declaration of function 'turnLeft' [-Wimplicit-function-declaration]
  190 |                     turnLeft(motorSpeed);
      |                     ^~~~~~~~
../Core/Src/main.c:194:21: warning: implicit declaration of function 'turnRight' [-Wimplicit-function-declaration]
  194 |                     turnRight(motorSpeed);
      |                     ^~~~~~~~~
../Core/Src/main.c:198:21: warning: implicit declaration of function 'stop' [-Wimplicit-function-declaration]
  198 |                     stop();
      |                     ^~~~
../Core/Src/main.c: In function 'main':
../Core/Src/main.c:316:7: warning: unused variable 'tab_dist' [-Wunused-variable]
  316 |   int tab_dist[2];
      |       ^~~~~~~~
../Core/Src/main.c:315:7: warning: variable 'ret' set but not used [-Wunused-but-set-variable]
  315 |   int ret=0;
      |       ^~~
../Core/Src/main.c: At top level:
../Core/Src/main.c:51:13: warning: 'randomTimerCallback' declared 'static' but never defined [-Wunused-function]
   51 | static void randomTimerCallback(TimerHandle_t xTimer);
      |             ^~~~~~~~~~~~~~~~~~~
../Core/Src/main.c: In function 'microros_task':
../Core/Src/main.c:552:5: warning: ignoring return value of 'rcutils_set_default_allocator' declared with attribute 'warn_unused_result' [-Wunused-result]
  552 |     rcutils_set_default_allocator(&freeRTOS_allocator);
      |     ^~~~~~~~~~~~~~~~~~~~~~~~~~~~~~~~~~~~~~~~~~~~~~~~~~
../Core/Src/main.c:560:5: warning: ignoring return value of 'rcl_init_options_init' declared with attribute 'warn_unused_result' [-Wunused-result]
  560 |     rcl_init_options_init(
      |     ^~~~~~~~~~~~~~~~~~~~~~
  561 |         &init_options,
      |         ~~~~~~~~~~~~~~
  562 |         allocator
      |         ~~~~~~~~~
  563 |     );
      |     ~
../Core/Src/main.c:564:5: warning: ignoring return value of 'rcl_init_options_set_domain_id' declared with attribute 'warn_unused_result' [-Wunused-result]
  564 |     rcl_init_options_set_domain_id(
      |     ^~~~~~~~~~~~~~~~~~~~~~~~~~~~~~~
  565 |         &init_options,
      |         ~~~~~~~~~~~~~~
  566 |         ROS_DOMAIN_ID
      |         ~~~~~~~~~~~~~
  567 |     );
      |     ~
../Core/Src/main.c:696:9: warning: ignoring return value of 'rcl_publish' declared with attribute 'warn_unused_result' [-Wunused-result]
  696 |         rcl_publish(
      |         ^~~~~~~~~~~~
  697 |             &sensor_vl53_publisher,
      |             ~~~~~~~~~~~~~~~~~~~~~~~
  698 |             &sensor_vl53_msg,
      |             ~~~~~~~~~~~~~~~~~
  699 |             NULL
      |             ~~~~
  700 |         );
      |         ~
../Core/Src/main.c:703:9: warning: ignoring return value of 'rcl_publish' declared with attribute 'warn_unused_result' [-Wunused-result]
  703 |         rcl_publish(
      |         ^~~~~~~~~~~~
  704 |             &sensor_ir_left_publisher,
      |             ~~~~~~~~~~~~~~~~~~~~~~~~~~
  705 |             &sensor_ir_left_msg,
      |             ~~~~~~~~~~~~~~~~~~~~
  706 |             NULL
      |             ~~~~
  707 |         );
      |         ~
../Core/Src/main.c:710:9: warning: ignoring return value of 'rcl_publish' declared with attribute 'warn_unused_result' [-Wunused-result]
  710 |         rcl_publish(
      |         ^~~~~~~~~~~~
  711 |             &sensor_ir_right_publisher,
      |             ~~~~~~~~~~~~~~~~~~~~~~~~~~~
  712 |             &sensor_ir_right_msg,
      |             ~~~~~~~~~~~~~~~~~~~~~
  713 |             NULL
      |             ~~~~
  714 |         );
      |         ~
At top level:
../Core/Src/main.c:50:22: warning: 'xRandomTimer' defined but not used [-Wunused-variable]
   50 | static TimerHandle_t xRandomTimer;
      |                      ^~~~~~~~~~~~
arm-none-eabi-gcc -o "base_robot.elf" @"objects.list"  -lmicroros -mcpu=cortex-m4 -T"/home/e2023/e3pennan/Documents/sen robot/robot_task/base_robot/STM32F411RETX_FLASH.ld" --specs=nosys.specs -Wl,-Map="base_robot.map" -Wl,--gc-sections -static -L"/home/e2023/e3pennan/Documents/sen robot/robot_task/base_robot/micro_ros_stm32cubemx_utils/microros_static_library/libmicroros" --specs=nano.specs -mfpu=fpv4-sp-d16 -mfloat-abi=hard -mthumb -u _printf_float -u _scanf_float -Wl,--start-group -lc -lm -Wl,--end-group
Finished building target: base_robot.elf
 
arm-none-eabi-size   base_robot.elf 
arm-none-eabi-objdump -h -S  base_robot.elf  > "base_robot.list"
   text	   data	    bss	    dec	    hex	filename
 128904	    656	  60544	 190104	  2e698	base_robot.elf
Finished building: default.size.stdout
 
Finished building: base_robot.list
 
15:27:02 **** Incremental Build of configuration Debug for project base_robot ****
make -j12 all 
arm-none-eabi-size   base_robot.elf 
   text	   data	    bss	    dec	    hex	filename
 128904	    656	  60544	 190104	  2e698	base_robot.elf
Finished building: default.size.stdout
 
15:34:59 **** Incremental Build of configuration Debug for project base_robot ****
make -j12 all 
arm-none-eabi-size   base_robot.elf 
   text	   data	    bss	    dec	    hex	filename
 128904	    656	  60544	 190104	  2e698	base_robot.elf
Finished building: default.size.stdout
 
15:37:26 **** Incremental Build of configuration Debug for project base_robot ****
make -j12 all 
arm-none-eabi-gcc "../Core/Src/main.c" -mcpu=cortex-m4 -std=gnu11 -g3 -DDEBUG -DUSE_HAL_DRIVER -DSTM32F411xE -c -I../Core/Inc -I../Drivers/STM32F4xx_HAL_Driver/Inc -I"/home/e2023/e3pennan/Documents/sen robot/robot_task/base_robot/micro_ros_stm32cubemx_utils/microros_static_library/libmicroros/microros_include" -I../Drivers/STM32F4xx_HAL_Driver/Inc/Legacy -I../Drivers/CMSIS/Device/ST/STM32F4xx/Include -I../Drivers/CMSIS/Include -I../Middlewares/Third_Party/FreeRTOS/Source/include -I../Middlewares/Third_Party/FreeRTOS/Source/CMSIS_RTOS_V2 -I../Middlewares/Third_Party/FreeRTOS/Source/portable/GCC/ARM_CM4F -O0 -ffunction-sections -fdata-sections -Wall -fstack-usage -MMD -MP -MF"Core/Src/main.d" -MT"Core/Src/main.o" --specs=nano.specs -mfpu=fpv4-sp-d16 -mfloat-abi=hard -mthumb -o "Core/Src/main.o"
../Core/Src/main.c: In function 'task_Sensor':
../Core/Src/main.c:99:17: warning: implicit declaration of function 'captDistIR_ToCm'; did you mean 'captDistIR_Get'? [-Wimplicit-function-declaration]
   99 |         distL = captDistIR_ToCm(tab_distIR[0]);
      |                 ^~~~~~~~~~~~~~~
      |                 captDistIR_Get
../Core/Src/main.c: In function 'task_Manual':
../Core/Src/main.c:182:21: warning: implicit declaration of function 'moveForward' [-Wimplicit-function-declaration]
  182 |                     moveForward(motorSpeed);
      |                     ^~~~~~~~~~~
../Core/Src/main.c:186:21: warning: implicit declaration of function 'moveBackward' [-Wimplicit-function-declaration]
  186 |                     moveBackward(motorSpeed);
      |                     ^~~~~~~~~~~~
../Core/Src/main.c:190:21: warning: implicit declaration of function 'turnLeft' [-Wimplicit-function-declaration]
  190 |                     turnLeft(motorSpeed);
      |                     ^~~~~~~~
../Core/Src/main.c:194:21: warning: implicit declaration of function 'turnRight' [-Wimplicit-function-declaration]
  194 |                     turnRight(motorSpeed);
      |                     ^~~~~~~~~
../Core/Src/main.c:198:21: warning: implicit declaration of function 'stop' [-Wimplicit-function-declaration]
  198 |                     stop();
      |                     ^~~~
../Core/Src/main.c: In function 'main':
../Core/Src/main.c:316:7: warning: unused variable 'tab_dist' [-Wunused-variable]
  316 |   int tab_dist[2];
      |       ^~~~~~~~
../Core/Src/main.c:315:7: warning: variable 'ret' set but not used [-Wunused-but-set-variable]
  315 |   int ret=0;
      |       ^~~
../Core/Src/main.c: At top level:
../Core/Src/main.c:51:13: warning: 'randomTimerCallback' declared 'static' but never defined [-Wunused-function]
   51 | static void randomTimerCallback(TimerHandle_t xTimer);
      |             ^~~~~~~~~~~~~~~~~~~
../Core/Src/main.c: In function 'microros_task':
../Core/Src/main.c:552:5: warning: ignoring return value of 'rcutils_set_default_allocator' declared with attribute 'warn_unused_result' [-Wunused-result]
  552 |     rcutils_set_default_allocator(&freeRTOS_allocator);
      |     ^~~~~~~~~~~~~~~~~~~~~~~~~~~~~~~~~~~~~~~~~~~~~~~~~~
../Core/Src/main.c:560:5: warning: ignoring return value of 'rcl_init_options_init' declared with attribute 'warn_unused_result' [-Wunused-result]
  560 |     rcl_init_options_init(
      |     ^~~~~~~~~~~~~~~~~~~~~~
  561 |         &init_options,
      |         ~~~~~~~~~~~~~~
  562 |         allocator
      |         ~~~~~~~~~
  563 |     );
      |     ~
../Core/Src/main.c:564:5: warning: ignoring return value of 'rcl_init_options_set_domain_id' declared with attribute 'warn_unused_result' [-Wunused-result]
  564 |     rcl_init_options_set_domain_id(
      |     ^~~~~~~~~~~~~~~~~~~~~~~~~~~~~~~
  565 |         &init_options,
      |         ~~~~~~~~~~~~~~
  566 |         ROS_DOMAIN_ID
      |         ~~~~~~~~~~~~~
  567 |     );
      |     ~
../Core/Src/main.c:696:9: warning: ignoring return value of 'rcl_publish' declared with attribute 'warn_unused_result' [-Wunused-result]
  696 |         rcl_publish(
      |         ^~~~~~~~~~~~
  697 |             &sensor_vl53_publisher,
      |             ~~~~~~~~~~~~~~~~~~~~~~~
  698 |             &sensor_vl53_msg,
      |             ~~~~~~~~~~~~~~~~~
  699 |             NULL
      |             ~~~~
  700 |         );
      |         ~
../Core/Src/main.c:703:9: warning: ignoring return value of 'rcl_publish' declared with attribute 'warn_unused_result' [-Wunused-result]
  703 |         rcl_publish(
      |         ^~~~~~~~~~~~
  704 |             &sensor_ir_left_publisher,
      |             ~~~~~~~~~~~~~~~~~~~~~~~~~~
  705 |             &sensor_ir_left_msg,
      |             ~~~~~~~~~~~~~~~~~~~~
  706 |             NULL
      |             ~~~~
  707 |         );
      |         ~
../Core/Src/main.c:710:9: warning: ignoring return value of 'rcl_publish' declared with attribute 'warn_unused_result' [-Wunused-result]
  710 |         rcl_publish(
      |         ^~~~~~~~~~~~
  711 |             &sensor_ir_right_publisher,
      |             ~~~~~~~~~~~~~~~~~~~~~~~~~~~
  712 |             &sensor_ir_right_msg,
      |             ~~~~~~~~~~~~~~~~~~~~~
  713 |             NULL
      |             ~~~~
  714 |         );
      |         ~
At top level:
../Core/Src/main.c:50:22: warning: 'xRandomTimer' defined but not used [-Wunused-variable]
   50 | static TimerHandle_t xRandomTimer;
      |                      ^~~~~~~~~~~~
arm-none-eabi-gcc -o "base_robot.elf" @"objects.list"  -lmicroros -mcpu=cortex-m4 -T"/home/e2023/e3pennan/Documents/sen robot/robot_task/base_robot/STM32F411RETX_FLASH.ld" --specs=nosys.specs -Wl,-Map="base_robot.map" -Wl,--gc-sections -static -L"/home/e2023/e3pennan/Documents/sen robot/robot_task/base_robot/micro_ros_stm32cubemx_utils/microros_static_library/libmicroros" --specs=nano.specs -mfpu=fpv4-sp-d16 -mfloat-abi=hard -mthumb -u _printf_float -u _scanf_float -Wl,--start-group -lc -lm -Wl,--end-group
Finished building target: base_robot.elf
 
arm-none-eabi-size   base_robot.elf 
arm-none-eabi-objdump -h -S  base_robot.elf  > "base_robot.list"
   text	   data	    bss	    dec	    hex	filename
 128904	    656	  60544	 190104	  2e698	base_robot.elf
Finished building: default.size.stdout
 
Finished building: base_robot.list
 
15:38:12 **** Incremental Build of configuration Debug for project base_robot ****
make -j12 all 
arm-none-eabi-size   base_robot.elf 
   text	   data	    bss	    dec	    hex	filename
 128904	    656	  60544	 190104	  2e698	base_robot.elf
Finished building: default.size.stdout
 
15:47:58 **** Incremental Build of configuration Debug for project base_robot ****
make -j12 all 
arm-none-eabi-gcc "../Core/Src/main.c" -mcpu=cortex-m4 -std=gnu11 -g3 -DDEBUG -DUSE_HAL_DRIVER -DSTM32F411xE -c -I../Core/Inc -I../Drivers/STM32F4xx_HAL_Driver/Inc -I"/home/e2023/e3pennan/Documents/sen robot/robot_task/base_robot/micro_ros_stm32cubemx_utils/microros_static_library/libmicroros/microros_include" -I../Drivers/STM32F4xx_HAL_Driver/Inc/Legacy -I../Drivers/CMSIS/Device/ST/STM32F4xx/Include -I../Drivers/CMSIS/Include -I../Middlewares/Third_Party/FreeRTOS/Source/include -I../Middlewares/Third_Party/FreeRTOS/Source/CMSIS_RTOS_V2 -I../Middlewares/Third_Party/FreeRTOS/Source/portable/GCC/ARM_CM4F -O0 -ffunction-sections -fdata-sections -Wall -fstack-usage -MMD -MP -MF"Core/Src/main.d" -MT"Core/Src/main.o" --specs=nano.specs -mfpu=fpv4-sp-d16 -mfloat-abi=hard -mthumb -o "Core/Src/main.o"
../Core/Src/main.c: In function 'task_Sensor':
../Core/Src/main.c:96:17: warning: implicit declaration of function 'captDistIR_ToCm'; did you mean 'captDistIR_Get'? [-Wimplicit-function-declaration]
   96 |         distL = captDistIR_ToCm(tab_distIR[0]);
      |                 ^~~~~~~~~~~~~~~
      |                 captDistIR_Get
../Core/Src/main.c: In function 'task_Manual':
../Core/Src/main.c:184:21: warning: implicit declaration of function 'moveForward' [-Wimplicit-function-declaration]
  184 |                     moveForward(motorSpeed);
      |                     ^~~~~~~~~~~
../Core/Src/main.c:188:21: warning: implicit declaration of function 'moveBackward' [-Wimplicit-function-declaration]
  188 |                     moveBackward(motorSpeed);
      |                     ^~~~~~~~~~~~
../Core/Src/main.c:192:21: warning: implicit declaration of function 'turnLeft' [-Wimplicit-function-declaration]
  192 |                     turnLeft(motorSpeed);
      |                     ^~~~~~~~
../Core/Src/main.c:196:21: warning: implicit declaration of function 'turnRight' [-Wimplicit-function-declaration]
  196 |                     turnRight(motorSpeed);
      |                     ^~~~~~~~~
../Core/Src/main.c:200:21: warning: implicit declaration of function 'stop' [-Wimplicit-function-declaration]
  200 |                     stop();
      |                     ^~~~
../Core/Src/main.c: In function 'main':
../Core/Src/main.c:318:7: warning: unused variable 'tab_dist' [-Wunused-variable]
  318 |   int tab_dist[2];
      |       ^~~~~~~~
../Core/Src/main.c:317:7: warning: variable 'ret' set but not used [-Wunused-but-set-variable]
  317 |   int ret=0;
      |       ^~~
../Core/Src/main.c: At top level:
../Core/Src/main.c:51:13: warning: 'randomTimerCallback' declared 'static' but never defined [-Wunused-function]
   51 | static void randomTimerCallback(TimerHandle_t xTimer);
      |             ^~~~~~~~~~~~~~~~~~~
../Core/Src/main.c: In function 'microros_task':
../Core/Src/main.c:566:5: warning: ignoring return value of 'rcutils_set_default_allocator' declared with attribute 'warn_unused_result' [-Wunused-result]
  566 |     rcutils_set_default_allocator(&freeRTOS_allocator);
      |     ^~~~~~~~~~~~~~~~~~~~~~~~~~~~~~~~~~~~~~~~~~~~~~~~~~
../Core/Src/main.c:574:5: warning: ignoring return value of 'rcl_init_options_init' declared with attribute 'warn_unused_result' [-Wunused-result]
  574 |     rcl_init_options_init(
      |     ^~~~~~~~~~~~~~~~~~~~~~
  575 |         &init_options,
      |         ~~~~~~~~~~~~~~
  576 |         allocator
      |         ~~~~~~~~~
  577 |     );
      |     ~
../Core/Src/main.c:578:5: warning: ignoring return value of 'rcl_init_options_set_domain_id' declared with attribute 'warn_unused_result' [-Wunused-result]
  578 |     rcl_init_options_set_domain_id(
      |     ^~~~~~~~~~~~~~~~~~~~~~~~~~~~~~~
  579 |         &init_options,
      |         ~~~~~~~~~~~~~~
  580 |         ROS_DOMAIN_ID
      |         ~~~~~~~~~~~~~
  581 |     );
      |     ~
../Core/Src/main.c:710:9: warning: ignoring return value of 'rcl_publish' declared with attribute 'warn_unused_result' [-Wunused-result]
  710 |         rcl_publish(
      |         ^~~~~~~~~~~~
  711 |             &sensor_vl53_publisher,
      |             ~~~~~~~~~~~~~~~~~~~~~~~
  712 |             &sensor_vl53_msg,
      |             ~~~~~~~~~~~~~~~~~
  713 |             NULL
      |             ~~~~
  714 |         );
      |         ~
../Core/Src/main.c:717:9: warning: ignoring return value of 'rcl_publish' declared with attribute 'warn_unused_result' [-Wunused-result]
  717 |         rcl_publish(
      |         ^~~~~~~~~~~~
  718 |             &sensor_ir_left_publisher,
      |             ~~~~~~~~~~~~~~~~~~~~~~~~~~
  719 |             &sensor_ir_left_msg,
      |             ~~~~~~~~~~~~~~~~~~~~
  720 |             NULL
      |             ~~~~
  721 |         );
      |         ~
../Core/Src/main.c:724:9: warning: ignoring return value of 'rcl_publish' declared with attribute 'warn_unused_result' [-Wunused-result]
  724 |         rcl_publish(
      |         ^~~~~~~~~~~~
  725 |             &sensor_ir_right_publisher,
      |             ~~~~~~~~~~~~~~~~~~~~~~~~~~~
  726 |             &sensor_ir_right_msg,
      |             ~~~~~~~~~~~~~~~~~~~~~
  727 |             NULL
      |             ~~~~
  728 |         );
      |         ~
At top level:
../Core/Src/main.c:50:22: warning: 'xRandomTimer' defined but not used [-Wunused-variable]
   50 | static TimerHandle_t xRandomTimer;
      |                      ^~~~~~~~~~~~
arm-none-eabi-gcc -o "base_robot.elf" @"objects.list"  -lmicroros -mcpu=cortex-m4 -T"/home/e2023/e3pennan/Documents/sen robot/robot_task/base_robot/STM32F411RETX_FLASH.ld" --specs=nosys.specs -Wl,-Map="base_robot.map" -Wl,--gc-sections -static -L"/home/e2023/e3pennan/Documents/sen robot/robot_task/base_robot/micro_ros_stm32cubemx_utils/microros_static_library/libmicroros" --specs=nano.specs -mfpu=fpv4-sp-d16 -mfloat-abi=hard -mthumb -u _printf_float -u _scanf_float -Wl,--start-group -lc -lm -Wl,--end-group
Finished building target: base_robot.elf
 
arm-none-eabi-size   base_robot.elf 
arm-none-eabi-objdump -h -S  base_robot.elf  > "base_robot.list"
   text	   data	    bss	    dec	    hex	filename
 128984	    656	  60544	 190184	  2e6e8	base_robot.elf
Finished building: default.size.stdout
 
Finished building: base_robot.list
 
15:50:12 **** Incremental Build of configuration Debug for project base_robot ****
make -j12 all 
arm-none-eabi-gcc "../Core/Src/main.c" -mcpu=cortex-m4 -std=gnu11 -g3 -DDEBUG -DUSE_HAL_DRIVER -DSTM32F411xE -c -I../Core/Inc -I../Drivers/STM32F4xx_HAL_Driver/Inc -I"/home/e2023/e3pennan/Documents/sen robot/robot_task/base_robot/micro_ros_stm32cubemx_utils/microros_static_library/libmicroros/microros_include" -I../Drivers/STM32F4xx_HAL_Driver/Inc/Legacy -I../Drivers/CMSIS/Device/ST/STM32F4xx/Include -I../Drivers/CMSIS/Include -I../Middlewares/Third_Party/FreeRTOS/Source/include -I../Middlewares/Third_Party/FreeRTOS/Source/CMSIS_RTOS_V2 -I../Middlewares/Third_Party/FreeRTOS/Source/portable/GCC/ARM_CM4F -O0 -ffunction-sections -fdata-sections -Wall -fstack-usage -MMD -MP -MF"Core/Src/main.d" -MT"Core/Src/main.o" --specs=nano.specs -mfpu=fpv4-sp-d16 -mfloat-abi=hard -mthumb -o "Core/Src/main.o"
../Core/Src/main.c: In function 'task_Sensor':
../Core/Src/main.c:96:17: warning: implicit declaration of function 'captDistIR_ToCm'; did you mean 'captDistIR_Get'? [-Wimplicit-function-declaration]
   96 |         distL = captDistIR_ToCm(tab_distIR[0]);
      |                 ^~~~~~~~~~~~~~~
      |                 captDistIR_Get
../Core/Src/main.c: In function 'task_Manual':
../Core/Src/main.c:184:21: warning: implicit declaration of function 'moveForward' [-Wimplicit-function-declaration]
  184 |                     moveForward(motorSpeed);
      |                     ^~~~~~~~~~~
../Core/Src/main.c:188:21: warning: implicit declaration of function 'moveBackward' [-Wimplicit-function-declaration]
  188 |                     moveBackward(motorSpeed);
      |                     ^~~~~~~~~~~~
../Core/Src/main.c:192:21: warning: implicit declaration of function 'turnLeft' [-Wimplicit-function-declaration]
  192 |                     turnLeft(motorSpeed);
      |                     ^~~~~~~~
../Core/Src/main.c:196:21: warning: implicit declaration of function 'turnRight' [-Wimplicit-function-declaration]
  196 |                     turnRight(motorSpeed);
      |                     ^~~~~~~~~
../Core/Src/main.c:200:21: warning: implicit declaration of function 'stop' [-Wimplicit-function-declaration]
  200 |                     stop();
      |                     ^~~~
../Core/Src/main.c: In function 'main':
../Core/Src/main.c:318:7: warning: unused variable 'tab_dist' [-Wunused-variable]
  318 |   int tab_dist[2];
      |       ^~~~~~~~
../Core/Src/main.c:317:7: warning: variable 'ret' set but not used [-Wunused-but-set-variable]
  317 |   int ret=0;
      |       ^~~
../Core/Src/main.c: At top level:
../Core/Src/main.c:51:13: warning: 'randomTimerCallback' declared 'static' but never defined [-Wunused-function]
   51 | static void randomTimerCallback(TimerHandle_t xTimer);
      |             ^~~~~~~~~~~~~~~~~~~
../Core/Src/main.c: In function 'microros_task':
../Core/Src/main.c:566:5: warning: ignoring return value of 'rcutils_set_default_allocator' declared with attribute 'warn_unused_result' [-Wunused-result]
  566 |     rcutils_set_default_allocator(&freeRTOS_allocator);
      |     ^~~~~~~~~~~~~~~~~~~~~~~~~~~~~~~~~~~~~~~~~~~~~~~~~~
../Core/Src/main.c:574:5: warning: ignoring return value of 'rcl_init_options_init' declared with attribute 'warn_unused_result' [-Wunused-result]
  574 |     rcl_init_options_init(
      |     ^~~~~~~~~~~~~~~~~~~~~~
  575 |         &init_options,
      |         ~~~~~~~~~~~~~~
  576 |         allocator
      |         ~~~~~~~~~
  577 |     );
      |     ~
../Core/Src/main.c:578:5: warning: ignoring return value of 'rcl_init_options_set_domain_id' declared with attribute 'warn_unused_result' [-Wunused-result]
  578 |     rcl_init_options_set_domain_id(
      |     ^~~~~~~~~~~~~~~~~~~~~~~~~~~~~~~
  579 |         &init_options,
      |         ~~~~~~~~~~~~~~
  580 |         ROS_DOMAIN_ID
      |         ~~~~~~~~~~~~~
  581 |     );
      |     ~
../Core/Src/main.c:710:9: warning: ignoring return value of 'rcl_publish' declared with attribute 'warn_unused_result' [-Wunused-result]
  710 |         rcl_publish(
      |         ^~~~~~~~~~~~
  711 |             &sensor_vl53_publisher,
      |             ~~~~~~~~~~~~~~~~~~~~~~~
  712 |             &sensor_vl53_msg,
      |             ~~~~~~~~~~~~~~~~~
  713 |             NULL
      |             ~~~~
  714 |         );
      |         ~
../Core/Src/main.c:717:9: warning: ignoring return value of 'rcl_publish' declared with attribute 'warn_unused_result' [-Wunused-result]
  717 |         rcl_publish(
      |         ^~~~~~~~~~~~
  718 |             &sensor_ir_left_publisher,
      |             ~~~~~~~~~~~~~~~~~~~~~~~~~~
  719 |             &sensor_ir_left_msg,
      |             ~~~~~~~~~~~~~~~~~~~~
  720 |             NULL
      |             ~~~~
  721 |         );
      |         ~
../Core/Src/main.c:724:9: warning: ignoring return value of 'rcl_publish' declared with attribute 'warn_unused_result' [-Wunused-result]
  724 |         rcl_publish(
      |         ^~~~~~~~~~~~
  725 |             &sensor_ir_right_publisher,
      |             ~~~~~~~~~~~~~~~~~~~~~~~~~~~
  726 |             &sensor_ir_right_msg,
      |             ~~~~~~~~~~~~~~~~~~~~~
  727 |             NULL
      |             ~~~~
  728 |         );
      |         ~
At top level:
../Core/Src/main.c:50:22: warning: 'xRandomTimer' defined but not used [-Wunused-variable]
   50 | static TimerHandle_t xRandomTimer;
      |                      ^~~~~~~~~~~~
arm-none-eabi-gcc -o "base_robot.elf" @"objects.list"  -lmicroros -mcpu=cortex-m4 -T"/home/e2023/e3pennan/Documents/sen robot/robot_task/base_robot/STM32F411RETX_FLASH.ld" --specs=nosys.specs -Wl,-Map="base_robot.map" -Wl,--gc-sections -static -L"/home/e2023/e3pennan/Documents/sen robot/robot_task/base_robot/micro_ros_stm32cubemx_utils/microros_static_library/libmicroros" --specs=nano.specs -mfpu=fpv4-sp-d16 -mfloat-abi=hard -mthumb -u _printf_float -u _scanf_float -Wl,--start-group -lc -lm -Wl,--end-group
Finished building target: base_robot.elf
 
arm-none-eabi-size   base_robot.elf 
arm-none-eabi-objdump -h -S  base_robot.elf  > "base_robot.list"
   text	   data	    bss	    dec	    hex	filename
 128984	    656	  60544	 190184	  2e6e8	base_robot.elf
Finished building: default.size.stdout
 
Finished building: base_robot.list
 
15:54:33 **** Incremental Build of configuration Debug for project base_robot ****
make -j12 all 
arm-none-eabi-gcc "../Core/Src/main.c" -mcpu=cortex-m4 -std=gnu11 -g3 -DDEBUG -DUSE_HAL_DRIVER -DSTM32F411xE -c -I../Core/Inc -I../Drivers/STM32F4xx_HAL_Driver/Inc -I"/home/e2023/e3pennan/Documents/sen robot/robot_task/base_robot/micro_ros_stm32cubemx_utils/microros_static_library/libmicroros/microros_include" -I../Drivers/STM32F4xx_HAL_Driver/Inc/Legacy -I../Drivers/CMSIS/Device/ST/STM32F4xx/Include -I../Drivers/CMSIS/Include -I../Middlewares/Third_Party/FreeRTOS/Source/include -I../Middlewares/Third_Party/FreeRTOS/Source/CMSIS_RTOS_V2 -I../Middlewares/Third_Party/FreeRTOS/Source/portable/GCC/ARM_CM4F -O0 -ffunction-sections -fdata-sections -Wall -fstack-usage -MMD -MP -MF"Core/Src/main.d" -MT"Core/Src/main.o" --specs=nano.specs -mfpu=fpv4-sp-d16 -mfloat-abi=hard -mthumb -o "Core/Src/main.o"
../Core/Src/main.c: In function 'task_Sensor':
../Core/Src/main.c:96:17: warning: implicit declaration of function 'captDistIR_ToCm'; did you mean 'captDistIR_Get'? [-Wimplicit-function-declaration]
   96 |         distL = captDistIR_ToCm(tab_distIR[0]);
      |                 ^~~~~~~~~~~~~~~
      |                 captDistIR_Get
../Core/Src/main.c: In function 'task_Manual':
../Core/Src/main.c:184:21: warning: implicit declaration of function 'moveForward' [-Wimplicit-function-declaration]
  184 |                     moveForward(motorSpeed);
      |                     ^~~~~~~~~~~
../Core/Src/main.c:188:21: warning: implicit declaration of function 'moveBackward' [-Wimplicit-function-declaration]
  188 |                     moveBackward(motorSpeed);
      |                     ^~~~~~~~~~~~
../Core/Src/main.c:192:21: warning: implicit declaration of function 'turnLeft' [-Wimplicit-function-declaration]
  192 |                     turnLeft(motorSpeed);
      |                     ^~~~~~~~
../Core/Src/main.c:196:21: warning: implicit declaration of function 'turnRight' [-Wimplicit-function-declaration]
  196 |                     turnRight(motorSpeed);
      |                     ^~~~~~~~~
../Core/Src/main.c:200:21: warning: implicit declaration of function 'stop' [-Wimplicit-function-declaration]
  200 |                     stop();
      |                     ^~~~
../Core/Src/main.c: In function 'main':
../Core/Src/main.c:317:7: warning: unused variable 'tab_dist' [-Wunused-variable]
  317 |   int tab_dist[2];
      |       ^~~~~~~~
../Core/Src/main.c:316:7: warning: variable 'ret' set but not used [-Wunused-but-set-variable]
  316 |   int ret=0;
      |       ^~~
../Core/Src/main.c: At top level:
../Core/Src/main.c:51:13: warning: 'randomTimerCallback' declared 'static' but never defined [-Wunused-function]
   51 | static void randomTimerCallback(TimerHandle_t xTimer);
      |             ^~~~~~~~~~~~~~~~~~~
../Core/Src/main.c: In function 'microros_task':
../Core/Src/main.c:565:5: warning: ignoring return value of 'rcutils_set_default_allocator' declared with attribute 'warn_unused_result' [-Wunused-result]
  565 |     rcutils_set_default_allocator(&freeRTOS_allocator);
      |     ^~~~~~~~~~~~~~~~~~~~~~~~~~~~~~~~~~~~~~~~~~~~~~~~~~
../Core/Src/main.c:573:5: warning: ignoring return value of 'rcl_init_options_init' declared with attribute 'warn_unused_result' [-Wunused-result]
  573 |     rcl_init_options_init(
      |     ^~~~~~~~~~~~~~~~~~~~~~
  574 |         &init_options,
      |         ~~~~~~~~~~~~~~
  575 |         allocator
      |         ~~~~~~~~~
  576 |     );
      |     ~
../Core/Src/main.c:577:5: warning: ignoring return value of 'rcl_init_options_set_domain_id' declared with attribute 'warn_unused_result' [-Wunused-result]
  577 |     rcl_init_options_set_domain_id(
      |     ^~~~~~~~~~~~~~~~~~~~~~~~~~~~~~~
  578 |         &init_options,
      |         ~~~~~~~~~~~~~~
  579 |         ROS_DOMAIN_ID
      |         ~~~~~~~~~~~~~
  580 |     );
      |     ~
../Core/Src/main.c:709:9: warning: ignoring return value of 'rcl_publish' declared with attribute 'warn_unused_result' [-Wunused-result]
  709 |         rcl_publish(
      |         ^~~~~~~~~~~~
  710 |             &sensor_vl53_publisher,
      |             ~~~~~~~~~~~~~~~~~~~~~~~
  711 |             &sensor_vl53_msg,
      |             ~~~~~~~~~~~~~~~~~
  712 |             NULL
      |             ~~~~
  713 |         );
      |         ~
../Core/Src/main.c:716:9: warning: ignoring return value of 'rcl_publish' declared with attribute 'warn_unused_result' [-Wunused-result]
  716 |         rcl_publish(
      |         ^~~~~~~~~~~~
  717 |             &sensor_ir_left_publisher,
      |             ~~~~~~~~~~~~~~~~~~~~~~~~~~
  718 |             &sensor_ir_left_msg,
      |             ~~~~~~~~~~~~~~~~~~~~
  719 |             NULL
      |             ~~~~
  720 |         );
      |         ~
../Core/Src/main.c:723:9: warning: ignoring return value of 'rcl_publish' declared with attribute 'warn_unused_result' [-Wunused-result]
  723 |         rcl_publish(
      |         ^~~~~~~~~~~~
  724 |             &sensor_ir_right_publisher,
      |             ~~~~~~~~~~~~~~~~~~~~~~~~~~~
  725 |             &sensor_ir_right_msg,
      |             ~~~~~~~~~~~~~~~~~~~~~
  726 |             NULL
      |             ~~~~
  727 |         );
      |         ~
At top level:
../Core/Src/main.c:50:22: warning: 'xRandomTimer' defined but not used [-Wunused-variable]
   50 | static TimerHandle_t xRandomTimer;
      |                      ^~~~~~~~~~~~
arm-none-eabi-gcc -o "base_robot.elf" @"objects.list"  -lmicroros -mcpu=cortex-m4 -T"/home/e2023/e3pennan/Documents/sen robot/robot_task/base_robot/STM32F411RETX_FLASH.ld" --specs=nosys.specs -Wl,-Map="base_robot.map" -Wl,--gc-sections -static -L"/home/e2023/e3pennan/Documents/sen robot/robot_task/base_robot/micro_ros_stm32cubemx_utils/microros_static_library/libmicroros" --specs=nano.specs -mfpu=fpv4-sp-d16 -mfloat-abi=hard -mthumb -u _printf_float -u _scanf_float -Wl,--start-group -lc -lm -Wl,--end-group
Finished building target: base_robot.elf
 
arm-none-eabi-size   base_robot.elf 
arm-none-eabi-objdump -h -S  base_robot.elf  > "base_robot.list"
   text	   data	    bss	    dec	    hex	filename
 128984	    656	  60544	 190184	  2e6e8	base_robot.elf
Finished building: default.size.stdout
 
Finished building: base_robot.list
 
15:57:47 **** Incremental Build of configuration Debug for project base_robot ****
make -j12 all 
arm-none-eabi-gcc "../Core/Src/main.c" -mcpu=cortex-m4 -std=gnu11 -g3 -DDEBUG -DUSE_HAL_DRIVER -DSTM32F411xE -c -I../Core/Inc -I../Drivers/STM32F4xx_HAL_Driver/Inc -I"/home/e2023/e3pennan/Documents/sen robot/robot_task/base_robot/micro_ros_stm32cubemx_utils/microros_static_library/libmicroros/microros_include" -I../Drivers/STM32F4xx_HAL_Driver/Inc/Legacy -I../Drivers/CMSIS/Device/ST/STM32F4xx/Include -I../Drivers/CMSIS/Include -I../Middlewares/Third_Party/FreeRTOS/Source/include -I../Middlewares/Third_Party/FreeRTOS/Source/CMSIS_RTOS_V2 -I../Middlewares/Third_Party/FreeRTOS/Source/portable/GCC/ARM_CM4F -O0 -ffunction-sections -fdata-sections -Wall -fstack-usage -MMD -MP -MF"Core/Src/main.d" -MT"Core/Src/main.o" --specs=nano.specs -mfpu=fpv4-sp-d16 -mfloat-abi=hard -mthumb -o "Core/Src/main.o"
../Core/Src/main.c: In function 'task_Sensor':
../Core/Src/main.c:96:17: warning: implicit declaration of function 'captDistIR_ToCm'; did you mean 'captDistIR_Get'? [-Wimplicit-function-declaration]
   96 |         distL = captDistIR_ToCm(tab_distIR[0]);
      |                 ^~~~~~~~~~~~~~~
      |                 captDistIR_Get
../Core/Src/main.c: In function 'task_Manual':
../Core/Src/main.c:184:21: warning: implicit declaration of function 'moveForward' [-Wimplicit-function-declaration]
  184 |                     moveForward(motorSpeed);
      |                     ^~~~~~~~~~~
../Core/Src/main.c:188:21: warning: implicit declaration of function 'moveBackward' [-Wimplicit-function-declaration]
  188 |                     moveBackward(motorSpeed);
      |                     ^~~~~~~~~~~~
../Core/Src/main.c:192:21: warning: implicit declaration of function 'turnLeft' [-Wimplicit-function-declaration]
  192 |                     turnLeft(motorSpeed);
      |                     ^~~~~~~~
../Core/Src/main.c:196:21: warning: implicit declaration of function 'turnRight' [-Wimplicit-function-declaration]
  196 |                     turnRight(motorSpeed);
      |                     ^~~~~~~~~
../Core/Src/main.c:200:21: warning: implicit declaration of function 'stop' [-Wimplicit-function-declaration]
  200 |                     stop();
      |                     ^~~~
../Core/Src/main.c: In function 'main':
../Core/Src/main.c:317:7: warning: unused variable 'tab_dist' [-Wunused-variable]
  317 |   int tab_dist[2];
      |       ^~~~~~~~
../Core/Src/main.c:316:7: warning: variable 'ret' set but not used [-Wunused-but-set-variable]
  316 |   int ret=0;
      |       ^~~
../Core/Src/main.c: At top level:
../Core/Src/main.c:51:13: warning: 'randomTimerCallback' declared 'static' but never defined [-Wunused-function]
   51 | static void randomTimerCallback(TimerHandle_t xTimer);
      |             ^~~~~~~~~~~~~~~~~~~
../Core/Src/main.c: In function 'microros_task':
../Core/Src/main.c:565:5: warning: ignoring return value of 'rcutils_set_default_allocator' declared with attribute 'warn_unused_result' [-Wunused-result]
  565 |     rcutils_set_default_allocator(&freeRTOS_allocator);
      |     ^~~~~~~~~~~~~~~~~~~~~~~~~~~~~~~~~~~~~~~~~~~~~~~~~~
../Core/Src/main.c:573:5: warning: ignoring return value of 'rcl_init_options_init' declared with attribute 'warn_unused_result' [-Wunused-result]
  573 |     rcl_init_options_init(
      |     ^~~~~~~~~~~~~~~~~~~~~~
  574 |         &init_options,
      |         ~~~~~~~~~~~~~~
  575 |         allocator
      |         ~~~~~~~~~
  576 |     );
      |     ~
../Core/Src/main.c:577:5: warning: ignoring return value of 'rcl_init_options_set_domain_id' declared with attribute 'warn_unused_result' [-Wunused-result]
  577 |     rcl_init_options_set_domain_id(
      |     ^~~~~~~~~~~~~~~~~~~~~~~~~~~~~~~
  578 |         &init_options,
      |         ~~~~~~~~~~~~~~
  579 |         ROS_DOMAIN_ID
      |         ~~~~~~~~~~~~~
  580 |     );
      |     ~
../Core/Src/main.c:709:9: warning: ignoring return value of 'rcl_publish' declared with attribute 'warn_unused_result' [-Wunused-result]
  709 |         rcl_publish(
      |         ^~~~~~~~~~~~
  710 |             &sensor_vl53_publisher,
      |             ~~~~~~~~~~~~~~~~~~~~~~~
  711 |             &sensor_vl53_msg,
      |             ~~~~~~~~~~~~~~~~~
  712 |             NULL
      |             ~~~~
  713 |         );
      |         ~
../Core/Src/main.c:716:9: warning: ignoring return value of 'rcl_publish' declared with attribute 'warn_unused_result' [-Wunused-result]
  716 |         rcl_publish(
      |         ^~~~~~~~~~~~
  717 |             &sensor_ir_left_publisher,
      |             ~~~~~~~~~~~~~~~~~~~~~~~~~~
  718 |             &sensor_ir_left_msg,
      |             ~~~~~~~~~~~~~~~~~~~~
  719 |             NULL
      |             ~~~~
  720 |         );
      |         ~
../Core/Src/main.c:723:9: warning: ignoring return value of 'rcl_publish' declared with attribute 'warn_unused_result' [-Wunused-result]
  723 |         rcl_publish(
      |         ^~~~~~~~~~~~
  724 |             &sensor_ir_right_publisher,
      |             ~~~~~~~~~~~~~~~~~~~~~~~~~~~
  725 |             &sensor_ir_right_msg,
      |             ~~~~~~~~~~~~~~~~~~~~~
  726 |             NULL
      |             ~~~~
  727 |         );
      |         ~
At top level:
../Core/Src/main.c:50:22: warning: 'xRandomTimer' defined but not used [-Wunused-variable]
   50 | static TimerHandle_t xRandomTimer;
      |                      ^~~~~~~~~~~~
arm-none-eabi-gcc -o "base_robot.elf" @"objects.list"  -lmicroros -mcpu=cortex-m4 -T"/home/e2023/e3pennan/Documents/sen robot/robot_task/base_robot/STM32F411RETX_FLASH.ld" --specs=nosys.specs -Wl,-Map="base_robot.map" -Wl,--gc-sections -static -L"/home/e2023/e3pennan/Documents/sen robot/robot_task/base_robot/micro_ros_stm32cubemx_utils/microros_static_library/libmicroros" --specs=nano.specs -mfpu=fpv4-sp-d16 -mfloat-abi=hard -mthumb -u _printf_float -u _scanf_float -Wl,--start-group -lc -lm -Wl,--end-group
Finished building target: base_robot.elf
 
arm-none-eabi-size   base_robot.elf 
arm-none-eabi-objdump -h -S  base_robot.elf  > "base_robot.list"
   text	   data	    bss	    dec	    hex	filename
 128984	    656	  60544	 190184	  2e6e8	base_robot.elf
Finished building: default.size.stdout
 
Finished building: base_robot.list
 
15:58:48 **** Incremental Build of configuration Debug for project base_robot ****
make -j12 all 
arm-none-eabi-size   base_robot.elf 
   text	   data	    bss	    dec	    hex	filename
 128984	    656	  60544	 190184	  2e6e8	base_robot.elf
Finished building: default.size.stdout
 
16:09:49 **** Incremental Build of configuration Debug for project base_robot ****
make -j12 all 
arm-none-eabi-gcc "../Core/Src/main.c" -mcpu=cortex-m4 -std=gnu11 -g3 -DDEBUG -DUSE_HAL_DRIVER -DSTM32F411xE -c -I../Core/Inc -I../Drivers/STM32F4xx_HAL_Driver/Inc -I"/home/e2023/e3pennan/Documents/sen robot/robot_task/base_robot/micro_ros_stm32cubemx_utils/microros_static_library/libmicroros/microros_include" -I../Drivers/STM32F4xx_HAL_Driver/Inc/Legacy -I../Drivers/CMSIS/Device/ST/STM32F4xx/Include -I../Drivers/CMSIS/Include -I../Middlewares/Third_Party/FreeRTOS/Source/include -I../Middlewares/Third_Party/FreeRTOS/Source/CMSIS_RTOS_V2 -I../Middlewares/Third_Party/FreeRTOS/Source/portable/GCC/ARM_CM4F -O0 -ffunction-sections -fdata-sections -Wall -fstack-usage -MMD -MP -MF"Core/Src/main.d" -MT"Core/Src/main.o" --specs=nano.specs -mfpu=fpv4-sp-d16 -mfloat-abi=hard -mthumb -o "Core/Src/main.o"
../Core/Src/main.c: In function 'task_Sensor':
../Core/Src/main.c:97:17: warning: implicit declaration of function 'captDistIR_ToCm'; did you mean 'captDistIR_Get'? [-Wimplicit-function-declaration]
   97 |         distL = captDistIR_ToCm(tab_distIR[0]);
      |                 ^~~~~~~~~~~~~~~
      |                 captDistIR_Get
../Core/Src/main.c: In function 'task_Manual':
../Core/Src/main.c:185:21: warning: implicit declaration of function 'moveForward' [-Wimplicit-function-declaration]
  185 |                     moveForward(motorSpeed);
      |                     ^~~~~~~~~~~
../Core/Src/main.c:189:21: warning: implicit declaration of function 'moveBackward' [-Wimplicit-function-declaration]
  189 |                     moveBackward(motorSpeed);
      |                     ^~~~~~~~~~~~
../Core/Src/main.c:193:21: warning: implicit declaration of function 'turnLeft' [-Wimplicit-function-declaration]
  193 |                     turnLeft(motorSpeed);
      |                     ^~~~~~~~
../Core/Src/main.c:197:21: warning: implicit declaration of function 'turnRight' [-Wimplicit-function-declaration]
  197 |                     turnRight(motorSpeed);
      |                     ^~~~~~~~~
../Core/Src/main.c:201:21: warning: implicit declaration of function 'stop' [-Wimplicit-function-declaration]
  201 |                     stop();
      |                     ^~~~
../Core/Src/main.c: In function 'main':
../Core/Src/main.c:317:7: warning: unused variable 'tab_dist' [-Wunused-variable]
  317 |   int tab_dist[2];
      |       ^~~~~~~~
../Core/Src/main.c:316:7: warning: variable 'ret' set but not used [-Wunused-but-set-variable]
  316 |   int ret=0;
      |       ^~~
../Core/Src/main.c: At top level:
../Core/Src/main.c:51:13: warning: 'randomTimerCallback' declared 'static' but never defined [-Wunused-function]
   51 | static void randomTimerCallback(TimerHandle_t xTimer);
      |             ^~~~~~~~~~~~~~~~~~~
../Core/Src/main.c: In function 'microros_task':
../Core/Src/main.c:565:5: warning: ignoring return value of 'rcutils_set_default_allocator' declared with attribute 'warn_unused_result' [-Wunused-result]
  565 |     rcutils_set_default_allocator(&freeRTOS_allocator);
      |     ^~~~~~~~~~~~~~~~~~~~~~~~~~~~~~~~~~~~~~~~~~~~~~~~~~
../Core/Src/main.c:573:5: warning: ignoring return value of 'rcl_init_options_init' declared with attribute 'warn_unused_result' [-Wunused-result]
  573 |     rcl_init_options_init(
      |     ^~~~~~~~~~~~~~~~~~~~~~
  574 |         &init_options,
      |         ~~~~~~~~~~~~~~
  575 |         allocator
      |         ~~~~~~~~~
  576 |     );
      |     ~
../Core/Src/main.c:577:5: warning: ignoring return value of 'rcl_init_options_set_domain_id' declared with attribute 'warn_unused_result' [-Wunused-result]
  577 |     rcl_init_options_set_domain_id(
      |     ^~~~~~~~~~~~~~~~~~~~~~~~~~~~~~~
  578 |         &init_options,
      |         ~~~~~~~~~~~~~~
  579 |         ROS_DOMAIN_ID
      |         ~~~~~~~~~~~~~
  580 |     );
      |     ~
../Core/Src/main.c:709:9: warning: ignoring return value of 'rcl_publish' declared with attribute 'warn_unused_result' [-Wunused-result]
  709 |         rcl_publish(
      |         ^~~~~~~~~~~~
  710 |             &sensor_vl53_publisher,
      |             ~~~~~~~~~~~~~~~~~~~~~~~
  711 |             &sensor_vl53_msg,
      |             ~~~~~~~~~~~~~~~~~
  712 |             NULL
      |             ~~~~
  713 |         );
      |         ~
../Core/Src/main.c:716:9: warning: ignoring return value of 'rcl_publish' declared with attribute 'warn_unused_result' [-Wunused-result]
  716 |         rcl_publish(
      |         ^~~~~~~~~~~~
  717 |             &sensor_ir_left_publisher,
      |             ~~~~~~~~~~~~~~~~~~~~~~~~~~
  718 |             &sensor_ir_left_msg,
      |             ~~~~~~~~~~~~~~~~~~~~
  719 |             NULL
      |             ~~~~
  720 |         );
      |         ~
../Core/Src/main.c:723:9: warning: ignoring return value of 'rcl_publish' declared with attribute 'warn_unused_result' [-Wunused-result]
  723 |         rcl_publish(
      |         ^~~~~~~~~~~~
  724 |             &sensor_ir_right_publisher,
      |             ~~~~~~~~~~~~~~~~~~~~~~~~~~~
  725 |             &sensor_ir_right_msg,
      |             ~~~~~~~~~~~~~~~~~~~~~
  726 |             NULL
      |             ~~~~
  727 |         );
      |         ~
At top level:
../Core/Src/main.c:50:22: warning: 'xRandomTimer' defined but not used [-Wunused-variable]
   50 | static TimerHandle_t xRandomTimer;
      |                      ^~~~~~~~~~~~
arm-none-eabi-gcc -o "base_robot.elf" @"objects.list"  -lmicroros -mcpu=cortex-m4 -T"/home/e2023/e3pennan/Documents/sen robot/robot_task/base_robot/STM32F411RETX_FLASH.ld" --specs=nosys.specs -Wl,-Map="base_robot.map" -Wl,--gc-sections -static -L"/home/e2023/e3pennan/Documents/sen robot/robot_task/base_robot/micro_ros_stm32cubemx_utils/microros_static_library/libmicroros" --specs=nano.specs -mfpu=fpv4-sp-d16 -mfloat-abi=hard -mthumb -u _printf_float -u _scanf_float -Wl,--start-group -lc -lm -Wl,--end-group
Finished building target: base_robot.elf
 
arm-none-eabi-size   base_robot.elf 
arm-none-eabi-objdump -h -S  base_robot.elf  > "base_robot.list"
   text	   data	    bss	    dec	    hex	filename
 128984	    656	  60544	 190184	  2e6e8	base_robot.elf
Finished building: default.size.stdout
 
Finished building: base_robot.list
 
16:11:33 **** Incremental Build of configuration Debug for project base_robot ****
make -j12 all 
arm-none-eabi-size   base_robot.elf 
   text	   data	    bss	    dec	    hex	filename
 128984	    656	  60544	 190184	  2e6e8	base_robot.elf
Finished building: default.size.stdout
 
16:17:21 **** Incremental Build of configuration Debug for project base_robot ****
make -j12 all 
arm-none-eabi-gcc "../Core/Src/main.c" -mcpu=cortex-m4 -std=gnu11 -g3 -DDEBUG -DUSE_HAL_DRIVER -DSTM32F411xE -c -I../Core/Inc -I../Drivers/STM32F4xx_HAL_Driver/Inc -I"/home/e2023/e3pennan/Documents/sen robot/robot_task/base_robot/micro_ros_stm32cubemx_utils/microros_static_library/libmicroros/microros_include" -I../Drivers/STM32F4xx_HAL_Driver/Inc/Legacy -I../Drivers/CMSIS/Device/ST/STM32F4xx/Include -I../Drivers/CMSIS/Include -I../Middlewares/Third_Party/FreeRTOS/Source/include -I../Middlewares/Third_Party/FreeRTOS/Source/CMSIS_RTOS_V2 -I../Middlewares/Third_Party/FreeRTOS/Source/portable/GCC/ARM_CM4F -O0 -ffunction-sections -fdata-sections -Wall -fstack-usage -MMD -MP -MF"Core/Src/main.d" -MT"Core/Src/main.o" --specs=nano.specs -mfpu=fpv4-sp-d16 -mfloat-abi=hard -mthumb -o "Core/Src/main.o"
../Core/Src/main.c: In function 'task_Sensor':
../Core/Src/main.c:97:17: warning: implicit declaration of function 'captDistIR_ToCm'; did you mean 'captDistIR_Get'? [-Wimplicit-function-declaration]
   97 |         distL = captDistIR_ToCm(tab_distIR[0]);
      |                 ^~~~~~~~~~~~~~~
      |                 captDistIR_Get
../Core/Src/main.c: In function 'task_Manual':
../Core/Src/main.c:185:21: warning: implicit declaration of function 'moveForward' [-Wimplicit-function-declaration]
  185 |                     moveForward(motorSpeed);
      |                     ^~~~~~~~~~~
../Core/Src/main.c:189:21: warning: implicit declaration of function 'moveBackward' [-Wimplicit-function-declaration]
  189 |                     moveBackward(motorSpeed);
      |                     ^~~~~~~~~~~~
../Core/Src/main.c:193:21: warning: implicit declaration of function 'turnLeft' [-Wimplicit-function-declaration]
  193 |                     turnLeft(motorSpeed);
      |                     ^~~~~~~~
../Core/Src/main.c:197:21: warning: implicit declaration of function 'turnRight' [-Wimplicit-function-declaration]
  197 |                     turnRight(motorSpeed);
      |                     ^~~~~~~~~
../Core/Src/main.c:201:21: warning: implicit declaration of function 'stop' [-Wimplicit-function-declaration]
  201 |                     stop();
      |                     ^~~~
../Core/Src/main.c: In function 'main':
../Core/Src/main.c:317:7: warning: unused variable 'tab_dist' [-Wunused-variable]
  317 |   int tab_dist[2];
      |       ^~~~~~~~
../Core/Src/main.c:316:7: warning: variable 'ret' set but not used [-Wunused-but-set-variable]
  316 |   int ret=0;
      |       ^~~
../Core/Src/main.c: At top level:
../Core/Src/main.c:51:13: warning: 'randomTimerCallback' declared 'static' but never defined [-Wunused-function]
   51 | static void randomTimerCallback(TimerHandle_t xTimer);
      |             ^~~~~~~~~~~~~~~~~~~
../Core/Src/main.c: In function 'microros_task':
../Core/Src/main.c:565:5: warning: ignoring return value of 'rcutils_set_default_allocator' declared with attribute 'warn_unused_result' [-Wunused-result]
  565 |     rcutils_set_default_allocator(&freeRTOS_allocator);
      |     ^~~~~~~~~~~~~~~~~~~~~~~~~~~~~~~~~~~~~~~~~~~~~~~~~~
../Core/Src/main.c:573:5: warning: ignoring return value of 'rcl_init_options_init' declared with attribute 'warn_unused_result' [-Wunused-result]
  573 |     rcl_init_options_init(
      |     ^~~~~~~~~~~~~~~~~~~~~~
  574 |         &init_options,
      |         ~~~~~~~~~~~~~~
  575 |         allocator
      |         ~~~~~~~~~
  576 |     );
      |     ~
../Core/Src/main.c:577:5: warning: ignoring return value of 'rcl_init_options_set_domain_id' declared with attribute 'warn_unused_result' [-Wunused-result]
  577 |     rcl_init_options_set_domain_id(
      |     ^~~~~~~~~~~~~~~~~~~~~~~~~~~~~~~
  578 |         &init_options,
      |         ~~~~~~~~~~~~~~
  579 |         ROS_DOMAIN_ID
      |         ~~~~~~~~~~~~~
  580 |     );
      |     ~
../Core/Src/main.c:709:9: warning: ignoring return value of 'rcl_publish' declared with attribute 'warn_unused_result' [-Wunused-result]
  709 |         rcl_publish(
      |         ^~~~~~~~~~~~
  710 |             &sensor_vl53_publisher,
      |             ~~~~~~~~~~~~~~~~~~~~~~~
  711 |             &sensor_vl53_msg,
      |             ~~~~~~~~~~~~~~~~~
  712 |             NULL
      |             ~~~~
  713 |         );
      |         ~
../Core/Src/main.c:716:9: warning: ignoring return value of 'rcl_publish' declared with attribute 'warn_unused_result' [-Wunused-result]
  716 |         rcl_publish(
      |         ^~~~~~~~~~~~
  717 |             &sensor_ir_left_publisher,
      |             ~~~~~~~~~~~~~~~~~~~~~~~~~~
  718 |             &sensor_ir_left_msg,
      |             ~~~~~~~~~~~~~~~~~~~~
  719 |             NULL
      |             ~~~~
  720 |         );
      |         ~
../Core/Src/main.c:723:9: warning: ignoring return value of 'rcl_publish' declared with attribute 'warn_unused_result' [-Wunused-result]
  723 |         rcl_publish(
      |         ^~~~~~~~~~~~
  724 |             &sensor_ir_right_publisher,
      |             ~~~~~~~~~~~~~~~~~~~~~~~~~~~
  725 |             &sensor_ir_right_msg,
      |             ~~~~~~~~~~~~~~~~~~~~~
  726 |             NULL
      |             ~~~~
  727 |         );
      |         ~
At top level:
../Core/Src/main.c:50:22: warning: 'xRandomTimer' defined but not used [-Wunused-variable]
   50 | static TimerHandle_t xRandomTimer;
      |                      ^~~~~~~~~~~~
arm-none-eabi-gcc -o "base_robot.elf" @"objects.list"  -lmicroros -mcpu=cortex-m4 -T"/home/e2023/e3pennan/Documents/sen robot/robot_task/base_robot/STM32F411RETX_FLASH.ld" --specs=nosys.specs -Wl,-Map="base_robot.map" -Wl,--gc-sections -static -L"/home/e2023/e3pennan/Documents/sen robot/robot_task/base_robot/micro_ros_stm32cubemx_utils/microros_static_library/libmicroros" --specs=nano.specs -mfpu=fpv4-sp-d16 -mfloat-abi=hard -mthumb -u _printf_float -u _scanf_float -Wl,--start-group -lc -lm -Wl,--end-group
Finished building target: base_robot.elf
 
arm-none-eabi-size   base_robot.elf 
arm-none-eabi-objdump -h -S  base_robot.elf  > "base_robot.list"
   text	   data	    bss	    dec	    hex	filename
 128984	    656	  60544	 190184	  2e6e8	base_robot.elf
Finished building: default.size.stdout
 
Finished building: base_robot.list
 
16:18:39 **** Incremental Build of configuration Debug for project base_robot ****
make -j12 all 
arm-none-eabi-gcc "../Core/Src/main.c" -mcpu=cortex-m4 -std=gnu11 -g3 -DDEBUG -DUSE_HAL_DRIVER -DSTM32F411xE -c -I../Core/Inc -I../Drivers/STM32F4xx_HAL_Driver/Inc -I"/home/e2023/e3pennan/Documents/sen robot/robot_task/base_robot/micro_ros_stm32cubemx_utils/microros_static_library/libmicroros/microros_include" -I../Drivers/STM32F4xx_HAL_Driver/Inc/Legacy -I../Drivers/CMSIS/Device/ST/STM32F4xx/Include -I../Drivers/CMSIS/Include -I../Middlewares/Third_Party/FreeRTOS/Source/include -I../Middlewares/Third_Party/FreeRTOS/Source/CMSIS_RTOS_V2 -I../Middlewares/Third_Party/FreeRTOS/Source/portable/GCC/ARM_CM4F -O0 -ffunction-sections -fdata-sections -Wall -fstack-usage -MMD -MP -MF"Core/Src/main.d" -MT"Core/Src/main.o" --specs=nano.specs -mfpu=fpv4-sp-d16 -mfloat-abi=hard -mthumb -o "Core/Src/main.o"
../Core/Src/main.c: In function 'task_Sensor':
../Core/Src/main.c:97:17: warning: implicit declaration of function 'captDistIR_ToCm'; did you mean 'captDistIR_Get'? [-Wimplicit-function-declaration]
   97 |         distL = captDistIR_ToCm(tab_distIR[0]);
      |                 ^~~~~~~~~~~~~~~
      |                 captDistIR_Get
../Core/Src/main.c: In function 'task_Manual':
../Core/Src/main.c:185:21: warning: implicit declaration of function 'moveForward' [-Wimplicit-function-declaration]
  185 |                     moveForward(motorSpeed);
      |                     ^~~~~~~~~~~
../Core/Src/main.c:189:21: warning: implicit declaration of function 'moveBackward' [-Wimplicit-function-declaration]
  189 |                     moveBackward(motorSpeed);
      |                     ^~~~~~~~~~~~
../Core/Src/main.c:193:21: warning: implicit declaration of function 'turnLeft' [-Wimplicit-function-declaration]
  193 |                     turnLeft(motorSpeed);
      |                     ^~~~~~~~
../Core/Src/main.c:197:21: warning: implicit declaration of function 'turnRight' [-Wimplicit-function-declaration]
  197 |                     turnRight(motorSpeed);
      |                     ^~~~~~~~~
../Core/Src/main.c:201:21: warning: implicit declaration of function 'stop' [-Wimplicit-function-declaration]
  201 |                     stop();
      |                     ^~~~
../Core/Src/main.c: In function 'main':
../Core/Src/main.c:317:7: warning: unused variable 'tab_dist' [-Wunused-variable]
  317 |   int tab_dist[2];
      |       ^~~~~~~~
../Core/Src/main.c:316:7: warning: variable 'ret' set but not used [-Wunused-but-set-variable]
  316 |   int ret=0;
      |       ^~~
../Core/Src/main.c: At top level:
../Core/Src/main.c:51:13: warning: 'randomTimerCallback' declared 'static' but never defined [-Wunused-function]
   51 | static void randomTimerCallback(TimerHandle_t xTimer);
      |             ^~~~~~~~~~~~~~~~~~~
../Core/Src/main.c: In function 'microros_task':
../Core/Src/main.c:552:5: warning: ignoring return value of 'rcutils_set_default_allocator' declared with attribute 'warn_unused_result' [-Wunused-result]
  552 |     rcutils_set_default_allocator(&freeRTOS_allocator);
      |     ^~~~~~~~~~~~~~~~~~~~~~~~~~~~~~~~~~~~~~~~~~~~~~~~~~
../Core/Src/main.c:560:5: warning: ignoring return value of 'rcl_init_options_init' declared with attribute 'warn_unused_result' [-Wunused-result]
  560 |     rcl_init_options_init(
      |     ^~~~~~~~~~~~~~~~~~~~~~
  561 |         &init_options,
      |         ~~~~~~~~~~~~~~
  562 |         allocator
      |         ~~~~~~~~~
  563 |     );
      |     ~
../Core/Src/main.c:564:5: warning: ignoring return value of 'rcl_init_options_set_domain_id' declared with attribute 'warn_unused_result' [-Wunused-result]
  564 |     rcl_init_options_set_domain_id(
      |     ^~~~~~~~~~~~~~~~~~~~~~~~~~~~~~~
  565 |         &init_options,
      |         ~~~~~~~~~~~~~~
  566 |         ROS_DOMAIN_ID
      |         ~~~~~~~~~~~~~
  567 |     );
      |     ~
../Core/Src/main.c:696:9: warning: ignoring return value of 'rcl_publish' declared with attribute 'warn_unused_result' [-Wunused-result]
  696 |         rcl_publish(
      |         ^~~~~~~~~~~~
  697 |             &sensor_vl53_publisher,
      |             ~~~~~~~~~~~~~~~~~~~~~~~
  698 |             &sensor_vl53_msg,
      |             ~~~~~~~~~~~~~~~~~
  699 |             NULL
      |             ~~~~
  700 |         );
      |         ~
../Core/Src/main.c:703:9: warning: ignoring return value of 'rcl_publish' declared with attribute 'warn_unused_result' [-Wunused-result]
  703 |         rcl_publish(
      |         ^~~~~~~~~~~~
  704 |             &sensor_ir_left_publisher,
      |             ~~~~~~~~~~~~~~~~~~~~~~~~~~
  705 |             &sensor_ir_left_msg,
      |             ~~~~~~~~~~~~~~~~~~~~
  706 |             NULL
      |             ~~~~
  707 |         );
      |         ~
../Core/Src/main.c:710:9: warning: ignoring return value of 'rcl_publish' declared with attribute 'warn_unused_result' [-Wunused-result]
  710 |         rcl_publish(
      |         ^~~~~~~~~~~~
  711 |             &sensor_ir_right_publisher,
      |             ~~~~~~~~~~~~~~~~~~~~~~~~~~~
  712 |             &sensor_ir_right_msg,
      |             ~~~~~~~~~~~~~~~~~~~~~
  713 |             NULL
      |             ~~~~
  714 |         );
      |         ~
At top level:
../Core/Src/main.c:50:22: warning: 'xRandomTimer' defined but not used [-Wunused-variable]
   50 | static TimerHandle_t xRandomTimer;
      |                      ^~~~~~~~~~~~
arm-none-eabi-gcc -o "base_robot.elf" @"objects.list"  -lmicroros -mcpu=cortex-m4 -T"/home/e2023/e3pennan/Documents/sen robot/robot_task/base_robot/STM32F411RETX_FLASH.ld" --specs=nosys.specs -Wl,-Map="base_robot.map" -Wl,--gc-sections -static -L"/home/e2023/e3pennan/Documents/sen robot/robot_task/base_robot/micro_ros_stm32cubemx_utils/microros_static_library/libmicroros" --specs=nano.specs -mfpu=fpv4-sp-d16 -mfloat-abi=hard -mthumb -u _printf_float -u _scanf_float -Wl,--start-group -lc -lm -Wl,--end-group
Finished building target: base_robot.elf
 
arm-none-eabi-size   base_robot.elf 
arm-none-eabi-objdump -h -S  base_robot.elf  > "base_robot.list"
   text	   data	    bss	    dec	    hex	filename
 128984	    656	  60544	 190184	  2e6e8	base_robot.elf
Finished building: default.size.stdout
 
Finished building: base_robot.list
 
16:20:19 **** Incremental Build of configuration Debug for project base_robot ****
make -j12 all 
arm-none-eabi-gcc "../Core/Src/main.c" -mcpu=cortex-m4 -std=gnu11 -g3 -DDEBUG -DUSE_HAL_DRIVER -DSTM32F411xE -c -I../Core/Inc -I../Drivers/STM32F4xx_HAL_Driver/Inc -I"/home/e2023/e3pennan/Documents/sen robot/robot_task/base_robot/micro_ros_stm32cubemx_utils/microros_static_library/libmicroros/microros_include" -I../Drivers/STM32F4xx_HAL_Driver/Inc/Legacy -I../Drivers/CMSIS/Device/ST/STM32F4xx/Include -I../Drivers/CMSIS/Include -I../Middlewares/Third_Party/FreeRTOS/Source/include -I../Middlewares/Third_Party/FreeRTOS/Source/CMSIS_RTOS_V2 -I../Middlewares/Third_Party/FreeRTOS/Source/portable/GCC/ARM_CM4F -O0 -ffunction-sections -fdata-sections -Wall -fstack-usage -MMD -MP -MF"Core/Src/main.d" -MT"Core/Src/main.o" --specs=nano.specs -mfpu=fpv4-sp-d16 -mfloat-abi=hard -mthumb -o "Core/Src/main.o"
../Core/Src/main.c: In function 'task_Sensor':
../Core/Src/main.c:97:17: warning: implicit declaration of function 'captDistIR_ToCm'; did you mean 'captDistIR_Get'? [-Wimplicit-function-declaration]
   97 |         distL = captDistIR_ToCm(tab_distIR[0]);
      |                 ^~~~~~~~~~~~~~~
      |                 captDistIR_Get
../Core/Src/main.c: In function 'task_Manual':
../Core/Src/main.c:185:21: warning: implicit declaration of function 'moveForward' [-Wimplicit-function-declaration]
  185 |                     moveForward(motorSpeed);
      |                     ^~~~~~~~~~~
../Core/Src/main.c:189:21: warning: implicit declaration of function 'moveBackward' [-Wimplicit-function-declaration]
  189 |                     moveBackward(motorSpeed);
      |                     ^~~~~~~~~~~~
../Core/Src/main.c:193:21: warning: implicit declaration of function 'turnLeft' [-Wimplicit-function-declaration]
  193 |                     turnLeft(motorSpeed);
      |                     ^~~~~~~~
../Core/Src/main.c:197:21: warning: implicit declaration of function 'turnRight' [-Wimplicit-function-declaration]
  197 |                     turnRight(motorSpeed);
      |                     ^~~~~~~~~
../Core/Src/main.c:201:21: warning: implicit declaration of function 'stop' [-Wimplicit-function-declaration]
  201 |                     stop();
      |                     ^~~~
../Core/Src/main.c: In function 'main':
../Core/Src/main.c:317:7: warning: unused variable 'tab_dist' [-Wunused-variable]
  317 |   int tab_dist[2];
      |       ^~~~~~~~
../Core/Src/main.c:316:7: warning: variable 'ret' set but not used [-Wunused-but-set-variable]
  316 |   int ret=0;
      |       ^~~
../Core/Src/main.c: At top level:
../Core/Src/main.c:51:13: warning: 'randomTimerCallback' declared 'static' but never defined [-Wunused-function]
   51 | static void randomTimerCallback(TimerHandle_t xTimer);
      |             ^~~~~~~~~~~~~~~~~~~
../Core/Src/main.c: In function 'microros_task':
../Core/Src/main.c:552:5: warning: ignoring return value of 'rcutils_set_default_allocator' declared with attribute 'warn_unused_result' [-Wunused-result]
  552 |     rcutils_set_default_allocator(&freeRTOS_allocator);
      |     ^~~~~~~~~~~~~~~~~~~~~~~~~~~~~~~~~~~~~~~~~~~~~~~~~~
../Core/Src/main.c:560:5: warning: ignoring return value of 'rcl_init_options_init' declared with attribute 'warn_unused_result' [-Wunused-result]
  560 |     rcl_init_options_init(
      |     ^~~~~~~~~~~~~~~~~~~~~~
  561 |         &init_options,
      |         ~~~~~~~~~~~~~~
  562 |         allocator
      |         ~~~~~~~~~
  563 |     );
      |     ~
../Core/Src/main.c:564:5: warning: ignoring return value of 'rcl_init_options_set_domain_id' declared with attribute 'warn_unused_result' [-Wunused-result]
  564 |     rcl_init_options_set_domain_id(
      |     ^~~~~~~~~~~~~~~~~~~~~~~~~~~~~~~
  565 |         &init_options,
      |         ~~~~~~~~~~~~~~
  566 |         ROS_DOMAIN_ID
      |         ~~~~~~~~~~~~~
  567 |     );
      |     ~
../Core/Src/main.c:696:9: warning: ignoring return value of 'rcl_publish' declared with attribute 'warn_unused_result' [-Wunused-result]
  696 |         rcl_publish(
      |         ^~~~~~~~~~~~
  697 |             &sensor_vl53_publisher,
      |             ~~~~~~~~~~~~~~~~~~~~~~~
  698 |             &sensor_vl53_msg,
      |             ~~~~~~~~~~~~~~~~~
  699 |             NULL
      |             ~~~~
  700 |         );
      |         ~
../Core/Src/main.c:703:9: warning: ignoring return value of 'rcl_publish' declared with attribute 'warn_unused_result' [-Wunused-result]
  703 |         rcl_publish(
      |         ^~~~~~~~~~~~
  704 |             &sensor_ir_left_publisher,
      |             ~~~~~~~~~~~~~~~~~~~~~~~~~~
  705 |             &sensor_ir_left_msg,
      |             ~~~~~~~~~~~~~~~~~~~~
  706 |             NULL
      |             ~~~~
  707 |         );
      |         ~
../Core/Src/main.c:710:9: warning: ignoring return value of 'rcl_publish' declared with attribute 'warn_unused_result' [-Wunused-result]
  710 |         rcl_publish(
      |         ^~~~~~~~~~~~
  711 |             &sensor_ir_right_publisher,
      |             ~~~~~~~~~~~~~~~~~~~~~~~~~~~
  712 |             &sensor_ir_right_msg,
      |             ~~~~~~~~~~~~~~~~~~~~~
  713 |             NULL
      |             ~~~~
  714 |         );
      |         ~
At top level:
../Core/Src/main.c:50:22: warning: 'xRandomTimer' defined but not used [-Wunused-variable]
   50 | static TimerHandle_t xRandomTimer;
      |                      ^~~~~~~~~~~~
arm-none-eabi-gcc -o "base_robot.elf" @"objects.list"  -lmicroros -mcpu=cortex-m4 -T"/home/e2023/e3pennan/Documents/sen robot/robot_task/base_robot/STM32F411RETX_FLASH.ld" --specs=nosys.specs -Wl,-Map="base_robot.map" -Wl,--gc-sections -static -L"/home/e2023/e3pennan/Documents/sen robot/robot_task/base_robot/micro_ros_stm32cubemx_utils/microros_static_library/libmicroros" --specs=nano.specs -mfpu=fpv4-sp-d16 -mfloat-abi=hard -mthumb -u _printf_float -u _scanf_float -Wl,--start-group -lc -lm -Wl,--end-group
Finished building target: base_robot.elf
 
arm-none-eabi-size   base_robot.elf 
arm-none-eabi-objdump -h -S  base_robot.elf  > "base_robot.list"
   text	   data	    bss	    dec	    hex	filename
 128984	    656	  60544	 190184	  2e6e8	base_robot.elf
Finished building: default.size.stdout
 
Finished building: base_robot.list
 
16:21:40 **** Incremental Build of configuration Debug for project base_robot ****
make -j12 all 
arm-none-eabi-size   base_robot.elf 
   text	   data	    bss	    dec	    hex	filename
 128984	    656	  60544	 190184	  2e6e8	base_robot.elf
Finished building: default.size.stdout
 
16:23:11 **** Incremental Build of configuration Debug for project base_robot ****
make -j12 all 
arm-none-eabi-gcc "../Core/Src/main.c" -mcpu=cortex-m4 -std=gnu11 -g3 -DDEBUG -DUSE_HAL_DRIVER -DSTM32F411xE -c -I../Core/Inc -I../Drivers/STM32F4xx_HAL_Driver/Inc -I"/home/e2023/e3pennan/Documents/sen robot/robot_task/base_robot/micro_ros_stm32cubemx_utils/microros_static_library/libmicroros/microros_include" -I../Drivers/STM32F4xx_HAL_Driver/Inc/Legacy -I../Drivers/CMSIS/Device/ST/STM32F4xx/Include -I../Drivers/CMSIS/Include -I../Middlewares/Third_Party/FreeRTOS/Source/include -I../Middlewares/Third_Party/FreeRTOS/Source/CMSIS_RTOS_V2 -I../Middlewares/Third_Party/FreeRTOS/Source/portable/GCC/ARM_CM4F -O0 -ffunction-sections -fdata-sections -Wall -fstack-usage -MMD -MP -MF"Core/Src/main.d" -MT"Core/Src/main.o" --specs=nano.specs -mfpu=fpv4-sp-d16 -mfloat-abi=hard -mthumb -o "Core/Src/main.o"
../Core/Src/main.c: In function 'task_Sensor':
../Core/Src/main.c:97:17: warning: implicit declaration of function 'captDistIR_ToCm'; did you mean 'captDistIR_Get'? [-Wimplicit-function-declaration]
   97 |         distL = captDistIR_ToCm(tab_distIR[0]);
      |                 ^~~~~~~~~~~~~~~
      |                 captDistIR_Get
../Core/Src/main.c: In function 'task_Manual':
../Core/Src/main.c:185:21: warning: implicit declaration of function 'moveForward' [-Wimplicit-function-declaration]
  185 |                     moveForward(motorSpeed);
      |                     ^~~~~~~~~~~
../Core/Src/main.c:189:21: warning: implicit declaration of function 'moveBackward' [-Wimplicit-function-declaration]
  189 |                     moveBackward(motorSpeed);
      |                     ^~~~~~~~~~~~
../Core/Src/main.c:193:21: warning: implicit declaration of function 'turnLeft' [-Wimplicit-function-declaration]
  193 |                     turnLeft(motorSpeed);
      |                     ^~~~~~~~
../Core/Src/main.c:197:21: warning: implicit declaration of function 'turnRight' [-Wimplicit-function-declaration]
  197 |                     turnRight(motorSpeed);
      |                     ^~~~~~~~~
../Core/Src/main.c:201:21: warning: implicit declaration of function 'stop' [-Wimplicit-function-declaration]
  201 |                     stop();
      |                     ^~~~
../Core/Src/main.c: In function 'main':
../Core/Src/main.c:317:7: warning: unused variable 'tab_dist' [-Wunused-variable]
  317 |   int tab_dist[2];
      |       ^~~~~~~~
../Core/Src/main.c:316:7: warning: variable 'ret' set but not used [-Wunused-but-set-variable]
  316 |   int ret=0;
      |       ^~~
../Core/Src/main.c: At top level:
../Core/Src/main.c:51:13: warning: 'randomTimerCallback' declared 'static' but never defined [-Wunused-function]
   51 | static void randomTimerCallback(TimerHandle_t xTimer);
      |             ^~~~~~~~~~~~~~~~~~~
../Core/Src/main.c: In function 'microros_task':
../Core/Src/main.c:552:5: warning: ignoring return value of 'rcutils_set_default_allocator' declared with attribute 'warn_unused_result' [-Wunused-result]
  552 |     rcutils_set_default_allocator(&freeRTOS_allocator);
      |     ^~~~~~~~~~~~~~~~~~~~~~~~~~~~~~~~~~~~~~~~~~~~~~~~~~
../Core/Src/main.c:560:5: warning: ignoring return value of 'rcl_init_options_init' declared with attribute 'warn_unused_result' [-Wunused-result]
  560 |     rcl_init_options_init(
      |     ^~~~~~~~~~~~~~~~~~~~~~
  561 |         &init_options,
      |         ~~~~~~~~~~~~~~
  562 |         allocator
      |         ~~~~~~~~~
  563 |     );
      |     ~
../Core/Src/main.c:564:5: warning: ignoring return value of 'rcl_init_options_set_domain_id' declared with attribute 'warn_unused_result' [-Wunused-result]
  564 |     rcl_init_options_set_domain_id(
      |     ^~~~~~~~~~~~~~~~~~~~~~~~~~~~~~~
  565 |         &init_options,
      |         ~~~~~~~~~~~~~~
  566 |         ROS_DOMAIN_ID
      |         ~~~~~~~~~~~~~
  567 |     );
      |     ~
../Core/Src/main.c:696:9: warning: ignoring return value of 'rcl_publish' declared with attribute 'warn_unused_result' [-Wunused-result]
  696 |         rcl_publish(
      |         ^~~~~~~~~~~~
  697 |             &sensor_vl53_publisher,
      |             ~~~~~~~~~~~~~~~~~~~~~~~
  698 |             &sensor_vl53_msg,
      |             ~~~~~~~~~~~~~~~~~
  699 |             NULL
      |             ~~~~
  700 |         );
      |         ~
../Core/Src/main.c:703:9: warning: ignoring return value of 'rcl_publish' declared with attribute 'warn_unused_result' [-Wunused-result]
  703 |         rcl_publish(
      |         ^~~~~~~~~~~~
  704 |             &sensor_ir_left_publisher,
      |             ~~~~~~~~~~~~~~~~~~~~~~~~~~
  705 |             &sensor_ir_left_msg,
      |             ~~~~~~~~~~~~~~~~~~~~
  706 |             NULL
      |             ~~~~
  707 |         );
      |         ~
../Core/Src/main.c:710:9: warning: ignoring return value of 'rcl_publish' declared with attribute 'warn_unused_result' [-Wunused-result]
  710 |         rcl_publish(
      |         ^~~~~~~~~~~~
  711 |             &sensor_ir_right_publisher,
      |             ~~~~~~~~~~~~~~~~~~~~~~~~~~~
  712 |             &sensor_ir_right_msg,
      |             ~~~~~~~~~~~~~~~~~~~~~
  713 |             NULL
      |             ~~~~
  714 |         );
      |         ~
At top level:
../Core/Src/main.c:50:22: warning: 'xRandomTimer' defined but not used [-Wunused-variable]
   50 | static TimerHandle_t xRandomTimer;
      |                      ^~~~~~~~~~~~
arm-none-eabi-gcc -o "base_robot.elf" @"objects.list"  -lmicroros -mcpu=cortex-m4 -T"/home/e2023/e3pennan/Documents/sen robot/robot_task/base_robot/STM32F411RETX_FLASH.ld" --specs=nosys.specs -Wl,-Map="base_robot.map" -Wl,--gc-sections -static -L"/home/e2023/e3pennan/Documents/sen robot/robot_task/base_robot/micro_ros_stm32cubemx_utils/microros_static_library/libmicroros" --specs=nano.specs -mfpu=fpv4-sp-d16 -mfloat-abi=hard -mthumb -u _printf_float -u _scanf_float -Wl,--start-group -lc -lm -Wl,--end-group
Finished building target: base_robot.elf
 
arm-none-eabi-size   base_robot.elf 
arm-none-eabi-objdump -h -S  base_robot.elf  > "base_robot.list"
   text	   data	    bss	    dec	    hex	filename
 128984	    656	  60544	 190184	  2e6e8	base_robot.elf
Finished building: default.size.stdout
 
Finished building: base_robot.list
 
16:24:13 **** Incremental Build of configuration Debug for project base_robot ****
make -j12 all 
arm-none-eabi-gcc "../Core/Src/main.c" -mcpu=cortex-m4 -std=gnu11 -g3 -DDEBUG -DUSE_HAL_DRIVER -DSTM32F411xE -c -I../Core/Inc -I../Drivers/STM32F4xx_HAL_Driver/Inc -I"/home/e2023/e3pennan/Documents/sen robot/robot_task/base_robot/micro_ros_stm32cubemx_utils/microros_static_library/libmicroros/microros_include" -I../Drivers/STM32F4xx_HAL_Driver/Inc/Legacy -I../Drivers/CMSIS/Device/ST/STM32F4xx/Include -I../Drivers/CMSIS/Include -I../Middlewares/Third_Party/FreeRTOS/Source/include -I../Middlewares/Third_Party/FreeRTOS/Source/CMSIS_RTOS_V2 -I../Middlewares/Third_Party/FreeRTOS/Source/portable/GCC/ARM_CM4F -O0 -ffunction-sections -fdata-sections -Wall -fstack-usage -MMD -MP -MF"Core/Src/main.d" -MT"Core/Src/main.o" --specs=nano.specs -mfpu=fpv4-sp-d16 -mfloat-abi=hard -mthumb -o "Core/Src/main.o"
../Core/Src/main.c: In function 'task_Sensor':
../Core/Src/main.c:97:17: warning: implicit declaration of function 'captDistIR_ToCm'; did you mean 'captDistIR_Get'? [-Wimplicit-function-declaration]
   97 |         distL = captDistIR_ToCm(tab_distIR[0]);
      |                 ^~~~~~~~~~~~~~~
      |                 captDistIR_Get
../Core/Src/main.c: In function 'task_Manual':
../Core/Src/main.c:185:21: warning: implicit declaration of function 'moveForward' [-Wimplicit-function-declaration]
  185 |                     moveForward(motorSpeed);
      |                     ^~~~~~~~~~~
../Core/Src/main.c:189:21: warning: implicit declaration of function 'moveBackward' [-Wimplicit-function-declaration]
  189 |                     moveBackward(motorSpeed);
      |                     ^~~~~~~~~~~~
../Core/Src/main.c:193:21: warning: implicit declaration of function 'turnLeft' [-Wimplicit-function-declaration]
  193 |                     turnLeft(motorSpeed);
      |                     ^~~~~~~~
../Core/Src/main.c:197:21: warning: implicit declaration of function 'turnRight' [-Wimplicit-function-declaration]
  197 |                     turnRight(motorSpeed);
      |                     ^~~~~~~~~
../Core/Src/main.c:201:21: warning: implicit declaration of function 'stop' [-Wimplicit-function-declaration]
  201 |                     stop();
      |                     ^~~~
../Core/Src/main.c: In function 'main':
../Core/Src/main.c:317:7: warning: unused variable 'tab_dist' [-Wunused-variable]
  317 |   int tab_dist[2];
      |       ^~~~~~~~
../Core/Src/main.c:316:7: warning: variable 'ret' set but not used [-Wunused-but-set-variable]
  316 |   int ret=0;
      |       ^~~
../Core/Src/main.c: At top level:
../Core/Src/main.c:51:13: warning: 'randomTimerCallback' declared 'static' but never defined [-Wunused-function]
   51 | static void randomTimerCallback(TimerHandle_t xTimer);
      |             ^~~~~~~~~~~~~~~~~~~
../Core/Src/main.c: In function 'microros_task':
../Core/Src/main.c:552:5: warning: ignoring return value of 'rcutils_set_default_allocator' declared with attribute 'warn_unused_result' [-Wunused-result]
  552 |     rcutils_set_default_allocator(&freeRTOS_allocator);
      |     ^~~~~~~~~~~~~~~~~~~~~~~~~~~~~~~~~~~~~~~~~~~~~~~~~~
../Core/Src/main.c:560:5: warning: ignoring return value of 'rcl_init_options_init' declared with attribute 'warn_unused_result' [-Wunused-result]
  560 |     rcl_init_options_init(
      |     ^~~~~~~~~~~~~~~~~~~~~~
  561 |         &init_options,
      |         ~~~~~~~~~~~~~~
  562 |         allocator
      |         ~~~~~~~~~
  563 |     );
      |     ~
../Core/Src/main.c:564:5: warning: ignoring return value of 'rcl_init_options_set_domain_id' declared with attribute 'warn_unused_result' [-Wunused-result]
  564 |     rcl_init_options_set_domain_id(
      |     ^~~~~~~~~~~~~~~~~~~~~~~~~~~~~~~
  565 |         &init_options,
      |         ~~~~~~~~~~~~~~
  566 |         ROS_DOMAIN_ID
      |         ~~~~~~~~~~~~~
  567 |     );
      |     ~
../Core/Src/main.c:696:9: warning: ignoring return value of 'rcl_publish' declared with attribute 'warn_unused_result' [-Wunused-result]
  696 |         rcl_publish(
      |         ^~~~~~~~~~~~
  697 |             &sensor_vl53_publisher,
      |             ~~~~~~~~~~~~~~~~~~~~~~~
  698 |             &sensor_vl53_msg,
      |             ~~~~~~~~~~~~~~~~~
  699 |             NULL
      |             ~~~~
  700 |         );
      |         ~
../Core/Src/main.c:703:9: warning: ignoring return value of 'rcl_publish' declared with attribute 'warn_unused_result' [-Wunused-result]
  703 |         rcl_publish(
      |         ^~~~~~~~~~~~
  704 |             &sensor_ir_left_publisher,
      |             ~~~~~~~~~~~~~~~~~~~~~~~~~~
  705 |             &sensor_ir_left_msg,
      |             ~~~~~~~~~~~~~~~~~~~~
  706 |             NULL
      |             ~~~~
  707 |         );
      |         ~
../Core/Src/main.c:710:9: warning: ignoring return value of 'rcl_publish' declared with attribute 'warn_unused_result' [-Wunused-result]
  710 |         rcl_publish(
      |         ^~~~~~~~~~~~
  711 |             &sensor_ir_right_publisher,
      |             ~~~~~~~~~~~~~~~~~~~~~~~~~~~
  712 |             &sensor_ir_right_msg,
      |             ~~~~~~~~~~~~~~~~~~~~~
  713 |             NULL
      |             ~~~~
  714 |         );
      |         ~
At top level:
../Core/Src/main.c:50:22: warning: 'xRandomTimer' defined but not used [-Wunused-variable]
   50 | static TimerHandle_t xRandomTimer;
      |                      ^~~~~~~~~~~~
arm-none-eabi-gcc -o "base_robot.elf" @"objects.list"  -lmicroros -mcpu=cortex-m4 -T"/home/e2023/e3pennan/Documents/sen robot/robot_task/base_robot/STM32F411RETX_FLASH.ld" --specs=nosys.specs -Wl,-Map="base_robot.map" -Wl,--gc-sections -static -L"/home/e2023/e3pennan/Documents/sen robot/robot_task/base_robot/micro_ros_stm32cubemx_utils/microros_static_library/libmicroros" --specs=nano.specs -mfpu=fpv4-sp-d16 -mfloat-abi=hard -mthumb -u _printf_float -u _scanf_float -Wl,--start-group -lc -lm -Wl,--end-group
Finished building target: base_robot.elf
 
arm-none-eabi-size   base_robot.elf 
arm-none-eabi-objdump -h -S  base_robot.elf  > "base_robot.list"
   text	   data	    bss	    dec	    hex	filename
 128984	    656	  60544	 190184	  2e6e8	base_robot.elf
Finished building: default.size.stdout
 
Finished building: base_robot.list
 
16:25:10 **** Incremental Build of configuration Debug for project base_robot ****
make -j12 all 
arm-none-eabi-size   base_robot.elf 
   text	   data	    bss	    dec	    hex	filename
 128984	    656	  60544	 190184	  2e6e8	base_robot.elf
Finished building: default.size.stdout
 
16:25:49 **** Incremental Build of configuration Debug for project base_robot ****
make -j12 all 
arm-none-eabi-size   base_robot.elf 
   text	   data	    bss	    dec	    hex	filename
 128984	    656	  60544	 190184	  2e6e8	base_robot.elf
Finished building: default.size.stdout
 
16:25:52 **** Incremental Build of configuration Debug for project base_robot ****
make -j12 all 
arm-none-eabi-size   base_robot.elf 
   text	   data	    bss	    dec	    hex	filename
 128984	    656	  60544	 190184	  2e6e8	base_robot.elf
Finished building: default.size.stdout
 
16:29:56 **** Incremental Build of configuration Debug for project base_robot ****
make -j12 all 
arm-none-eabi-gcc "../Core/Src/main.c" -mcpu=cortex-m4 -std=gnu11 -g3 -DDEBUG -DUSE_HAL_DRIVER -DSTM32F411xE -c -I../Core/Inc -I../Drivers/STM32F4xx_HAL_Driver/Inc -I"/home/e2023/e3pennan/Documents/sen robot/robot_task/base_robot/micro_ros_stm32cubemx_utils/microros_static_library/libmicroros/microros_include" -I../Drivers/STM32F4xx_HAL_Driver/Inc/Legacy -I../Drivers/CMSIS/Device/ST/STM32F4xx/Include -I../Drivers/CMSIS/Include -I../Middlewares/Third_Party/FreeRTOS/Source/include -I../Middlewares/Third_Party/FreeRTOS/Source/CMSIS_RTOS_V2 -I../Middlewares/Third_Party/FreeRTOS/Source/portable/GCC/ARM_CM4F -O0 -ffunction-sections -fdata-sections -Wall -fstack-usage -MMD -MP -MF"Core/Src/main.d" -MT"Core/Src/main.o" --specs=nano.specs -mfpu=fpv4-sp-d16 -mfloat-abi=hard -mthumb -o "Core/Src/main.o"
../Core/Src/main.c: In function 'task_Sensor':
../Core/Src/main.c:97:17: warning: implicit declaration of function 'captDistIR_ToCm'; did you mean 'captDistIR_Get'? [-Wimplicit-function-declaration]
   97 |         distL = captDistIR_ToCm(tab_distIR[0]);
      |                 ^~~~~~~~~~~~~~~
      |                 captDistIR_Get
../Core/Src/main.c: In function 'task_Manual':
../Core/Src/main.c:186:21: warning: implicit declaration of function 'moveForward' [-Wimplicit-function-declaration]
  186 |                     moveForward(motorSpeed);
      |                     ^~~~~~~~~~~
../Core/Src/main.c:190:21: warning: implicit declaration of function 'moveBackward' [-Wimplicit-function-declaration]
  190 |                     moveBackward(motorSpeed);
      |                     ^~~~~~~~~~~~
../Core/Src/main.c:194:21: warning: implicit declaration of function 'turnLeft' [-Wimplicit-function-declaration]
  194 |                     turnLeft(motorSpeed);
      |                     ^~~~~~~~
../Core/Src/main.c:198:21: warning: implicit declaration of function 'turnRight' [-Wimplicit-function-declaration]
  198 |                     turnRight(motorSpeed);
      |                     ^~~~~~~~~
../Core/Src/main.c:202:21: warning: implicit declaration of function 'stop' [-Wimplicit-function-declaration]
  202 |                     stop();
      |                     ^~~~
../Core/Src/main.c: In function 'main':
../Core/Src/main.c:318:7: warning: unused variable 'tab_dist' [-Wunused-variable]
  318 |   int tab_dist[2];
      |       ^~~~~~~~
../Core/Src/main.c:317:7: warning: variable 'ret' set but not used [-Wunused-but-set-variable]
  317 |   int ret=0;
      |       ^~~
../Core/Src/main.c: At top level:
../Core/Src/main.c:51:13: warning: 'randomTimerCallback' declared 'static' but never defined [-Wunused-function]
   51 | static void randomTimerCallback(TimerHandle_t xTimer);
      |             ^~~~~~~~~~~~~~~~~~~
../Core/Src/main.c: In function 'microros_task':
../Core/Src/main.c:555:5: warning: ignoring return value of 'rcutils_set_default_allocator' declared with attribute 'warn_unused_result' [-Wunused-result]
  555 |     rcutils_set_default_allocator(&freeRTOS_allocator);
      |     ^~~~~~~~~~~~~~~~~~~~~~~~~~~~~~~~~~~~~~~~~~~~~~~~~~
../Core/Src/main.c:563:5: warning: ignoring return value of 'rcl_init_options_init' declared with attribute 'warn_unused_result' [-Wunused-result]
  563 |     rcl_init_options_init(
      |     ^~~~~~~~~~~~~~~~~~~~~~
  564 |         &init_options,
      |         ~~~~~~~~~~~~~~
  565 |         allocator
      |         ~~~~~~~~~
  566 |     );
      |     ~
../Core/Src/main.c:567:5: warning: ignoring return value of 'rcl_init_options_set_domain_id' declared with attribute 'warn_unused_result' [-Wunused-result]
  567 |     rcl_init_options_set_domain_id(
      |     ^~~~~~~~~~~~~~~~~~~~~~~~~~~~~~~
  568 |         &init_options,
      |         ~~~~~~~~~~~~~~
  569 |         ROS_DOMAIN_ID
      |         ~~~~~~~~~~~~~
  570 |     );
      |     ~
../Core/Src/main.c:699:9: warning: ignoring return value of 'rcl_publish' declared with attribute 'warn_unused_result' [-Wunused-result]
  699 |         rcl_publish(
      |         ^~~~~~~~~~~~
  700 |             &sensor_vl53_publisher,
      |             ~~~~~~~~~~~~~~~~~~~~~~~
  701 |             &sensor_vl53_msg,
      |             ~~~~~~~~~~~~~~~~~
  702 |             NULL
      |             ~~~~
  703 |         );
      |         ~
../Core/Src/main.c:706:9: warning: ignoring return value of 'rcl_publish' declared with attribute 'warn_unused_result' [-Wunused-result]
  706 |         rcl_publish(
      |         ^~~~~~~~~~~~
  707 |             &sensor_ir_left_publisher,
      |             ~~~~~~~~~~~~~~~~~~~~~~~~~~
  708 |             &sensor_ir_left_msg,
      |             ~~~~~~~~~~~~~~~~~~~~
  709 |             NULL
      |             ~~~~
  710 |         );
      |         ~
../Core/Src/main.c:713:9: warning: ignoring return value of 'rcl_publish' declared with attribute 'warn_unused_result' [-Wunused-result]
  713 |         rcl_publish(
      |         ^~~~~~~~~~~~
  714 |             &sensor_ir_right_publisher,
      |             ~~~~~~~~~~~~~~~~~~~~~~~~~~~
  715 |             &sensor_ir_right_msg,
      |             ~~~~~~~~~~~~~~~~~~~~~
  716 |             NULL
      |             ~~~~
  717 |         );
      |         ~
At top level:
../Core/Src/main.c:50:22: warning: 'xRandomTimer' defined but not used [-Wunused-variable]
   50 | static TimerHandle_t xRandomTimer;
      |                      ^~~~~~~~~~~~
arm-none-eabi-gcc -o "base_robot.elf" @"objects.list"  -lmicroros -mcpu=cortex-m4 -T"/home/e2023/e3pennan/Documents/sen robot/robot_task/base_robot/STM32F411RETX_FLASH.ld" --specs=nosys.specs -Wl,-Map="base_robot.map" -Wl,--gc-sections -static -L"/home/e2023/e3pennan/Documents/sen robot/robot_task/base_robot/micro_ros_stm32cubemx_utils/microros_static_library/libmicroros" --specs=nano.specs -mfpu=fpv4-sp-d16 -mfloat-abi=hard -mthumb -u _printf_float -u _scanf_float -Wl,--start-group -lc -lm -Wl,--end-group
Finished building target: base_robot.elf
 
arm-none-eabi-size   base_robot.elf 
arm-none-eabi-objdump -h -S  base_robot.elf  > "base_robot.list"
   text	   data	    bss	    dec	    hex	filename
 128952	    656	  60544	 190152	  2e6c8	base_robot.elf
Finished building: default.size.stdout
 
Finished building: base_robot.list
 
16:33:06 **** Incremental Build of configuration Debug for project base_robot ****
make -j12 all 
arm-none-eabi-gcc "../Core/Src/main.c" -mcpu=cortex-m4 -std=gnu11 -g3 -DDEBUG -DUSE_HAL_DRIVER -DSTM32F411xE -c -I../Core/Inc -I../Drivers/STM32F4xx_HAL_Driver/Inc -I"/home/e2023/e3pennan/Documents/sen robot/robot_task/base_robot/micro_ros_stm32cubemx_utils/microros_static_library/libmicroros/microros_include" -I../Drivers/STM32F4xx_HAL_Driver/Inc/Legacy -I../Drivers/CMSIS/Device/ST/STM32F4xx/Include -I../Drivers/CMSIS/Include -I../Middlewares/Third_Party/FreeRTOS/Source/include -I../Middlewares/Third_Party/FreeRTOS/Source/CMSIS_RTOS_V2 -I../Middlewares/Third_Party/FreeRTOS/Source/portable/GCC/ARM_CM4F -O0 -ffunction-sections -fdata-sections -Wall -fstack-usage -MMD -MP -MF"Core/Src/main.d" -MT"Core/Src/main.o" --specs=nano.specs -mfpu=fpv4-sp-d16 -mfloat-abi=hard -mthumb -o "Core/Src/main.o"
../Core/Src/main.c: In function 'task_Sensor':
../Core/Src/main.c:97:17: warning: implicit declaration of function 'captDistIR_ToCm'; did you mean 'captDistIR_Get'? [-Wimplicit-function-declaration]
   97 |         distL = captDistIR_ToCm(tab_distIR[0]);
      |                 ^~~~~~~~~~~~~~~
      |                 captDistIR_Get
../Core/Src/main.c: In function 'task_Manual':
../Core/Src/main.c:186:21: warning: implicit declaration of function 'moveForward' [-Wimplicit-function-declaration]
  186 |                     moveForward(motorSpeed);
      |                     ^~~~~~~~~~~
../Core/Src/main.c:190:21: warning: implicit declaration of function 'moveBackward' [-Wimplicit-function-declaration]
  190 |                     moveBackward(motorSpeed);
      |                     ^~~~~~~~~~~~
../Core/Src/main.c:194:21: warning: implicit declaration of function 'turnLeft' [-Wimplicit-function-declaration]
  194 |                     turnLeft(motorSpeed);
      |                     ^~~~~~~~
../Core/Src/main.c:198:21: warning: implicit declaration of function 'turnRight' [-Wimplicit-function-declaration]
  198 |                     turnRight(motorSpeed);
      |                     ^~~~~~~~~
../Core/Src/main.c:202:21: warning: implicit declaration of function 'stop' [-Wimplicit-function-declaration]
  202 |                     stop();
      |                     ^~~~
../Core/Src/main.c: In function 'main':
../Core/Src/main.c:318:7: warning: unused variable 'tab_dist' [-Wunused-variable]
  318 |   int tab_dist[2];
      |       ^~~~~~~~
../Core/Src/main.c:317:7: warning: variable 'ret' set but not used [-Wunused-but-set-variable]
  317 |   int ret=0;
      |       ^~~
../Core/Src/main.c: At top level:
../Core/Src/main.c:51:13: warning: 'randomTimerCallback' declared 'static' but never defined [-Wunused-function]
   51 | static void randomTimerCallback(TimerHandle_t xTimer);
      |             ^~~~~~~~~~~~~~~~~~~
../Core/Src/main.c: In function 'microros_task':
../Core/Src/main.c:555:5: warning: ignoring return value of 'rcutils_set_default_allocator' declared with attribute 'warn_unused_result' [-Wunused-result]
  555 |     rcutils_set_default_allocator(&freeRTOS_allocator);
      |     ^~~~~~~~~~~~~~~~~~~~~~~~~~~~~~~~~~~~~~~~~~~~~~~~~~
../Core/Src/main.c:563:5: warning: ignoring return value of 'rcl_init_options_init' declared with attribute 'warn_unused_result' [-Wunused-result]
  563 |     rcl_init_options_init(
      |     ^~~~~~~~~~~~~~~~~~~~~~
  564 |         &init_options,
      |         ~~~~~~~~~~~~~~
  565 |         allocator
      |         ~~~~~~~~~
  566 |     );
      |     ~
../Core/Src/main.c:567:5: warning: ignoring return value of 'rcl_init_options_set_domain_id' declared with attribute 'warn_unused_result' [-Wunused-result]
  567 |     rcl_init_options_set_domain_id(
      |     ^~~~~~~~~~~~~~~~~~~~~~~~~~~~~~~
  568 |         &init_options,
      |         ~~~~~~~~~~~~~~
  569 |         ROS_DOMAIN_ID
      |         ~~~~~~~~~~~~~
  570 |     );
      |     ~
../Core/Src/main.c:699:9: warning: ignoring return value of 'rcl_publish' declared with attribute 'warn_unused_result' [-Wunused-result]
  699 |         rcl_publish(
      |         ^~~~~~~~~~~~
  700 |             &sensor_vl53_publisher,
      |             ~~~~~~~~~~~~~~~~~~~~~~~
  701 |             &sensor_vl53_msg,
      |             ~~~~~~~~~~~~~~~~~
  702 |             NULL
      |             ~~~~
  703 |         );
      |         ~
../Core/Src/main.c:706:9: warning: ignoring return value of 'rcl_publish' declared with attribute 'warn_unused_result' [-Wunused-result]
  706 |         rcl_publish(
      |         ^~~~~~~~~~~~
  707 |             &sensor_ir_left_publisher,
      |             ~~~~~~~~~~~~~~~~~~~~~~~~~~
  708 |             &sensor_ir_left_msg,
      |             ~~~~~~~~~~~~~~~~~~~~
  709 |             NULL
      |             ~~~~
  710 |         );
      |         ~
../Core/Src/main.c:713:9: warning: ignoring return value of 'rcl_publish' declared with attribute 'warn_unused_result' [-Wunused-result]
  713 |         rcl_publish(
      |         ^~~~~~~~~~~~
  714 |             &sensor_ir_right_publisher,
      |             ~~~~~~~~~~~~~~~~~~~~~~~~~~~
  715 |             &sensor_ir_right_msg,
      |             ~~~~~~~~~~~~~~~~~~~~~
  716 |             NULL
      |             ~~~~
  717 |         );
      |         ~
At top level:
../Core/Src/main.c:50:22: warning: 'xRandomTimer' defined but not used [-Wunused-variable]
   50 | static TimerHandle_t xRandomTimer;
      |                      ^~~~~~~~~~~~
arm-none-eabi-gcc -o "base_robot.elf" @"objects.list"  -lmicroros -mcpu=cortex-m4 -T"/home/e2023/e3pennan/Documents/sen robot/robot_task/base_robot/STM32F411RETX_FLASH.ld" --specs=nosys.specs -Wl,-Map="base_robot.map" -Wl,--gc-sections -static -L"/home/e2023/e3pennan/Documents/sen robot/robot_task/base_robot/micro_ros_stm32cubemx_utils/microros_static_library/libmicroros" --specs=nano.specs -mfpu=fpv4-sp-d16 -mfloat-abi=hard -mthumb -u _printf_float -u _scanf_float -Wl,--start-group -lc -lm -Wl,--end-group
Finished building target: base_robot.elf
 
arm-none-eabi-size   base_robot.elf 
arm-none-eabi-objdump -h -S  base_robot.elf  > "base_robot.list"
   text	   data	    bss	    dec	    hex	filename
 128936	    656	  60544	 190136	  2e6b8	base_robot.elf
Finished building: default.size.stdout
 
Finished building: base_robot.list
 
16:34:00 **** Incremental Build of configuration Debug for project base_robot ****
make -j12 all 
arm-none-eabi-gcc "../Core/Src/main.c" -mcpu=cortex-m4 -std=gnu11 -g3 -DDEBUG -DUSE_HAL_DRIVER -DSTM32F411xE -c -I../Core/Inc -I../Drivers/STM32F4xx_HAL_Driver/Inc -I"/home/e2023/e3pennan/Documents/sen robot/robot_task/base_robot/micro_ros_stm32cubemx_utils/microros_static_library/libmicroros/microros_include" -I../Drivers/STM32F4xx_HAL_Driver/Inc/Legacy -I../Drivers/CMSIS/Device/ST/STM32F4xx/Include -I../Drivers/CMSIS/Include -I../Middlewares/Third_Party/FreeRTOS/Source/include -I../Middlewares/Third_Party/FreeRTOS/Source/CMSIS_RTOS_V2 -I../Middlewares/Third_Party/FreeRTOS/Source/portable/GCC/ARM_CM4F -O0 -ffunction-sections -fdata-sections -Wall -fstack-usage -MMD -MP -MF"Core/Src/main.d" -MT"Core/Src/main.o" --specs=nano.specs -mfpu=fpv4-sp-d16 -mfloat-abi=hard -mthumb -o "Core/Src/main.o"
../Core/Src/main.c: In function 'task_Sensor':
../Core/Src/main.c:97:17: warning: implicit declaration of function 'captDistIR_ToCm'; did you mean 'captDistIR_Get'? [-Wimplicit-function-declaration]
   97 |         distL = captDistIR_ToCm(tab_distIR[0]);
      |                 ^~~~~~~~~~~~~~~
      |                 captDistIR_Get
../Core/Src/main.c: In function 'task_Manual':
../Core/Src/main.c:186:21: warning: implicit declaration of function 'moveForward' [-Wimplicit-function-declaration]
  186 |                     moveForward(motorSpeed);
      |                     ^~~~~~~~~~~
../Core/Src/main.c:190:21: warning: implicit declaration of function 'moveBackward' [-Wimplicit-function-declaration]
  190 |                     moveBackward(motorSpeed);
      |                     ^~~~~~~~~~~~
../Core/Src/main.c:194:21: warning: implicit declaration of function 'turnLeft' [-Wimplicit-function-declaration]
  194 |                     turnLeft(motorSpeed);
      |                     ^~~~~~~~
../Core/Src/main.c:198:21: warning: implicit declaration of function 'turnRight' [-Wimplicit-function-declaration]
  198 |                     turnRight(motorSpeed);
      |                     ^~~~~~~~~
../Core/Src/main.c:202:21: warning: implicit declaration of function 'stop' [-Wimplicit-function-declaration]
  202 |                     stop();
      |                     ^~~~
../Core/Src/main.c: In function 'main':
../Core/Src/main.c:316:7: warning: unused variable 'tab_dist' [-Wunused-variable]
  316 |   int tab_dist[2];
      |       ^~~~~~~~
../Core/Src/main.c:315:7: warning: variable 'ret' set but not used [-Wunused-but-set-variable]
  315 |   int ret=0;
      |       ^~~
../Core/Src/main.c: At top level:
../Core/Src/main.c:51:13: warning: 'randomTimerCallback' declared 'static' but never defined [-Wunused-function]
   51 | static void randomTimerCallback(TimerHandle_t xTimer);
      |             ^~~~~~~~~~~~~~~~~~~
../Core/Src/main.c: In function 'microros_task':
../Core/Src/main.c:553:5: warning: ignoring return value of 'rcutils_set_default_allocator' declared with attribute 'warn_unused_result' [-Wunused-result]
  553 |     rcutils_set_default_allocator(&freeRTOS_allocator);
      |     ^~~~~~~~~~~~~~~~~~~~~~~~~~~~~~~~~~~~~~~~~~~~~~~~~~
../Core/Src/main.c:561:5: warning: ignoring return value of 'rcl_init_options_init' declared with attribute 'warn_unused_result' [-Wunused-result]
  561 |     rcl_init_options_init(
      |     ^~~~~~~~~~~~~~~~~~~~~~
  562 |         &init_options,
      |         ~~~~~~~~~~~~~~
  563 |         allocator
      |         ~~~~~~~~~
  564 |     );
      |     ~
../Core/Src/main.c:565:5: warning: ignoring return value of 'rcl_init_options_set_domain_id' declared with attribute 'warn_unused_result' [-Wunused-result]
  565 |     rcl_init_options_set_domain_id(
      |     ^~~~~~~~~~~~~~~~~~~~~~~~~~~~~~~
  566 |         &init_options,
      |         ~~~~~~~~~~~~~~
  567 |         ROS_DOMAIN_ID
      |         ~~~~~~~~~~~~~
  568 |     );
      |     ~
../Core/Src/main.c:697:9: warning: ignoring return value of 'rcl_publish' declared with attribute 'warn_unused_result' [-Wunused-result]
  697 |         rcl_publish(
      |         ^~~~~~~~~~~~
  698 |             &sensor_vl53_publisher,
      |             ~~~~~~~~~~~~~~~~~~~~~~~
  699 |             &sensor_vl53_msg,
      |             ~~~~~~~~~~~~~~~~~
  700 |             NULL
      |             ~~~~
  701 |         );
      |         ~
../Core/Src/main.c:704:9: warning: ignoring return value of 'rcl_publish' declared with attribute 'warn_unused_result' [-Wunused-result]
  704 |         rcl_publish(
      |         ^~~~~~~~~~~~
  705 |             &sensor_ir_left_publisher,
      |             ~~~~~~~~~~~~~~~~~~~~~~~~~~
  706 |             &sensor_ir_left_msg,
      |             ~~~~~~~~~~~~~~~~~~~~
  707 |             NULL
      |             ~~~~
  708 |         );
      |         ~
../Core/Src/main.c:711:9: warning: ignoring return value of 'rcl_publish' declared with attribute 'warn_unused_result' [-Wunused-result]
  711 |         rcl_publish(
      |         ^~~~~~~~~~~~
  712 |             &sensor_ir_right_publisher,
      |             ~~~~~~~~~~~~~~~~~~~~~~~~~~~
  713 |             &sensor_ir_right_msg,
      |             ~~~~~~~~~~~~~~~~~~~~~
  714 |             NULL
      |             ~~~~
  715 |         );
      |         ~
At top level:
../Core/Src/main.c:50:22: warning: 'xRandomTimer' defined but not used [-Wunused-variable]
   50 | static TimerHandle_t xRandomTimer;
      |                      ^~~~~~~~~~~~
arm-none-eabi-gcc -o "base_robot.elf" @"objects.list"  -lmicroros -mcpu=cortex-m4 -T"/home/e2023/e3pennan/Documents/sen robot/robot_task/base_robot/STM32F411RETX_FLASH.ld" --specs=nosys.specs -Wl,-Map="base_robot.map" -Wl,--gc-sections -static -L"/home/e2023/e3pennan/Documents/sen robot/robot_task/base_robot/micro_ros_stm32cubemx_utils/microros_static_library/libmicroros" --specs=nano.specs -mfpu=fpv4-sp-d16 -mfloat-abi=hard -mthumb -u _printf_float -u _scanf_float -Wl,--start-group -lc -lm -Wl,--end-group
Finished building target: base_robot.elf
 
arm-none-eabi-size   base_robot.elf 
arm-none-eabi-objdump -h -S  base_robot.elf  > "base_robot.list"
   text	   data	    bss	    dec	    hex	filename
 128952	    656	  60544	 190152	  2e6c8	base_robot.elf
Finished building: default.size.stdout
 
Finished building: base_robot.list
 
16:35:27 **** Incremental Build of configuration Debug for project base_robot ****
make -j12 all 
arm-none-eabi-gcc "../Core/Src/main.c" -mcpu=cortex-m4 -std=gnu11 -g3 -DDEBUG -DUSE_HAL_DRIVER -DSTM32F411xE -c -I../Core/Inc -I../Drivers/STM32F4xx_HAL_Driver/Inc -I"/home/e2023/e3pennan/Documents/sen robot/robot_task/base_robot/micro_ros_stm32cubemx_utils/microros_static_library/libmicroros/microros_include" -I../Drivers/STM32F4xx_HAL_Driver/Inc/Legacy -I../Drivers/CMSIS/Device/ST/STM32F4xx/Include -I../Drivers/CMSIS/Include -I../Middlewares/Third_Party/FreeRTOS/Source/include -I../Middlewares/Third_Party/FreeRTOS/Source/CMSIS_RTOS_V2 -I../Middlewares/Third_Party/FreeRTOS/Source/portable/GCC/ARM_CM4F -O0 -ffunction-sections -fdata-sections -Wall -fstack-usage -MMD -MP -MF"Core/Src/main.d" -MT"Core/Src/main.o" --specs=nano.specs -mfpu=fpv4-sp-d16 -mfloat-abi=hard -mthumb -o "Core/Src/main.o"
../Core/Src/main.c: In function 'task_Sensor':
../Core/Src/main.c:97:17: warning: implicit declaration of function 'captDistIR_ToCm'; did you mean 'captDistIR_Get'? [-Wimplicit-function-declaration]
   97 |         distL = captDistIR_ToCm(tab_distIR[0]);
      |                 ^~~~~~~~~~~~~~~
      |                 captDistIR_Get
../Core/Src/main.c: In function 'task_Manual':
../Core/Src/main.c:180:21: warning: implicit declaration of function 'moveForward' [-Wimplicit-function-declaration]
  180 |                     moveForward(motorSpeed);
      |                     ^~~~~~~~~~~
../Core/Src/main.c:184:21: warning: implicit declaration of function 'moveBackward' [-Wimplicit-function-declaration]
  184 |                     moveBackward(motorSpeed);
      |                     ^~~~~~~~~~~~
../Core/Src/main.c:188:21: warning: implicit declaration of function 'turnLeft' [-Wimplicit-function-declaration]
  188 |                     turnLeft(motorSpeed);
      |                     ^~~~~~~~
../Core/Src/main.c:192:21: warning: implicit declaration of function 'turnRight' [-Wimplicit-function-declaration]
  192 |                     turnRight(motorSpeed);
      |                     ^~~~~~~~~
../Core/Src/main.c:196:21: warning: implicit declaration of function 'stop' [-Wimplicit-function-declaration]
  196 |                     stop();
      |                     ^~~~
../Core/Src/main.c: In function 'main':
../Core/Src/main.c:310:7: warning: unused variable 'tab_dist' [-Wunused-variable]
  310 |   int tab_dist[2];
      |       ^~~~~~~~
../Core/Src/main.c:309:7: warning: variable 'ret' set but not used [-Wunused-but-set-variable]
  309 |   int ret=0;
      |       ^~~
../Core/Src/main.c: At top level:
../Core/Src/main.c:51:13: warning: 'randomTimerCallback' declared 'static' but never defined [-Wunused-function]
   51 | static void randomTimerCallback(TimerHandle_t xTimer);
      |             ^~~~~~~~~~~~~~~~~~~
../Core/Src/main.c: In function 'microros_task':
../Core/Src/main.c:547:5: warning: ignoring return value of 'rcutils_set_default_allocator' declared with attribute 'warn_unused_result' [-Wunused-result]
  547 |     rcutils_set_default_allocator(&freeRTOS_allocator);
      |     ^~~~~~~~~~~~~~~~~~~~~~~~~~~~~~~~~~~~~~~~~~~~~~~~~~
../Core/Src/main.c:555:5: warning: ignoring return value of 'rcl_init_options_init' declared with attribute 'warn_unused_result' [-Wunused-result]
  555 |     rcl_init_options_init(
      |     ^~~~~~~~~~~~~~~~~~~~~~
  556 |         &init_options,
      |         ~~~~~~~~~~~~~~
  557 |         allocator
      |         ~~~~~~~~~
  558 |     );
      |     ~
../Core/Src/main.c:559:5: warning: ignoring return value of 'rcl_init_options_set_domain_id' declared with attribute 'warn_unused_result' [-Wunused-result]
  559 |     rcl_init_options_set_domain_id(
      |     ^~~~~~~~~~~~~~~~~~~~~~~~~~~~~~~
  560 |         &init_options,
      |         ~~~~~~~~~~~~~~
  561 |         ROS_DOMAIN_ID
      |         ~~~~~~~~~~~~~
  562 |     );
      |     ~
../Core/Src/main.c:691:9: warning: ignoring return value of 'rcl_publish' declared with attribute 'warn_unused_result' [-Wunused-result]
  691 |         rcl_publish(
      |         ^~~~~~~~~~~~
  692 |             &sensor_vl53_publisher,
      |             ~~~~~~~~~~~~~~~~~~~~~~~
  693 |             &sensor_vl53_msg,
      |             ~~~~~~~~~~~~~~~~~
  694 |             NULL
      |             ~~~~
  695 |         );
      |         ~
../Core/Src/main.c:698:9: warning: ignoring return value of 'rcl_publish' declared with attribute 'warn_unused_result' [-Wunused-result]
  698 |         rcl_publish(
      |         ^~~~~~~~~~~~
  699 |             &sensor_ir_left_publisher,
      |             ~~~~~~~~~~~~~~~~~~~~~~~~~~
  700 |             &sensor_ir_left_msg,
      |             ~~~~~~~~~~~~~~~~~~~~
  701 |             NULL
      |             ~~~~
  702 |         );
      |         ~
../Core/Src/main.c:705:9: warning: ignoring return value of 'rcl_publish' declared with attribute 'warn_unused_result' [-Wunused-result]
  705 |         rcl_publish(
      |         ^~~~~~~~~~~~
  706 |             &sensor_ir_right_publisher,
      |             ~~~~~~~~~~~~~~~~~~~~~~~~~~~
  707 |             &sensor_ir_right_msg,
      |             ~~~~~~~~~~~~~~~~~~~~~
  708 |             NULL
      |             ~~~~
  709 |         );
      |         ~
At top level:
../Core/Src/main.c:50:22: warning: 'xRandomTimer' defined but not used [-Wunused-variable]
   50 | static TimerHandle_t xRandomTimer;
      |                      ^~~~~~~~~~~~
arm-none-eabi-gcc -o "base_robot.elf" @"objects.list"  -lmicroros -mcpu=cortex-m4 -T"/home/e2023/e3pennan/Documents/sen robot/robot_task/base_robot/STM32F411RETX_FLASH.ld" --specs=nosys.specs -Wl,-Map="base_robot.map" -Wl,--gc-sections -static -L"/home/e2023/e3pennan/Documents/sen robot/robot_task/base_robot/micro_ros_stm32cubemx_utils/microros_static_library/libmicroros" --specs=nano.specs -mfpu=fpv4-sp-d16 -mfloat-abi=hard -mthumb -u _printf_float -u _scanf_float -Wl,--start-group -lc -lm -Wl,--end-group
Finished building target: base_robot.elf
 
arm-none-eabi-size   base_robot.elf 
arm-none-eabi-objdump -h -S  base_robot.elf  > "base_robot.list"
   text	   data	    bss	    dec	    hex	filename
 128952	    656	  60544	 190152	  2e6c8	base_robot.elf
Finished building: default.size.stdout
 
Finished building: base_robot.list
 
16:36:27 **** Incremental Build of configuration Debug for project base_robot ****
make -j12 all 
arm-none-eabi-size   base_robot.elf 
   text	   data	    bss	    dec	    hex	filename
 128952	    656	  60544	 190152	  2e6c8	base_robot.elf
Finished building: default.size.stdout
 
16:37:44 **** Incremental Build of configuration Debug for project base_robot ****
make -j12 all 
arm-none-eabi-size   base_robot.elf 
   text	   data	    bss	    dec	    hex	filename
 128952	    656	  60544	 190152	  2e6c8	base_robot.elf
Finished building: default.size.stdout
 
16:38:18 **** Incremental Build of configuration Debug for project base_robot ****
make -j12 all 
arm-none-eabi-size   base_robot.elf 
   text	   data	    bss	    dec	    hex	filename
 128952	    656	  60544	 190152	  2e6c8	base_robot.elf
Finished building: default.size.stdout
 
16:39:19 **** Incremental Build of configuration Debug for project base_robot ****
make -j12 all 
arm-none-eabi-size   base_robot.elf 
   text	   data	    bss	    dec	    hex	filename
 128952	    656	  60544	 190152	  2e6c8	base_robot.elf
Finished building: default.size.stdout
 
16:40:32 **** Incremental Build of configuration Debug for project base_robot ****
make -j12 all 
arm-none-eabi-gcc "../Core/Src/main.c" -mcpu=cortex-m4 -std=gnu11 -g3 -DDEBUG -DUSE_HAL_DRIVER -DSTM32F411xE -c -I../Core/Inc -I../Drivers/STM32F4xx_HAL_Driver/Inc -I"/home/e2023/e3pennan/Documents/sen robot/robot_task/base_robot/micro_ros_stm32cubemx_utils/microros_static_library/libmicroros/microros_include" -I../Drivers/STM32F4xx_HAL_Driver/Inc/Legacy -I../Drivers/CMSIS/Device/ST/STM32F4xx/Include -I../Drivers/CMSIS/Include -I../Middlewares/Third_Party/FreeRTOS/Source/include -I../Middlewares/Third_Party/FreeRTOS/Source/CMSIS_RTOS_V2 -I../Middlewares/Third_Party/FreeRTOS/Source/portable/GCC/ARM_CM4F -O0 -ffunction-sections -fdata-sections -Wall -fstack-usage -MMD -MP -MF"Core/Src/main.d" -MT"Core/Src/main.o" --specs=nano.specs -mfpu=fpv4-sp-d16 -mfloat-abi=hard -mthumb -o "Core/Src/main.o"
../Core/Src/main.c: In function 'task_Sensor':
../Core/Src/main.c:97:17: warning: implicit declaration of function 'captDistIR_ToCm'; did you mean 'captDistIR_Get'? [-Wimplicit-function-declaration]
   97 |         distL = captDistIR_ToCm(tab_distIR[0]);
      |                 ^~~~~~~~~~~~~~~
      |                 captDistIR_Get
../Core/Src/main.c: In function 'task_Manual':
../Core/Src/main.c:180:21: warning: implicit declaration of function 'moveForward' [-Wimplicit-function-declaration]
  180 |                     moveForward(motorSpeed);
      |                     ^~~~~~~~~~~
../Core/Src/main.c:184:21: warning: implicit declaration of function 'moveBackward' [-Wimplicit-function-declaration]
  184 |                     moveBackward(motorSpeed);
      |                     ^~~~~~~~~~~~
../Core/Src/main.c:188:21: warning: implicit declaration of function 'turnLeft' [-Wimplicit-function-declaration]
  188 |                     turnLeft(motorSpeed);
      |                     ^~~~~~~~
../Core/Src/main.c:192:21: warning: implicit declaration of function 'turnRight' [-Wimplicit-function-declaration]
  192 |                     turnRight(motorSpeed);
      |                     ^~~~~~~~~
../Core/Src/main.c:196:21: warning: implicit declaration of function 'stop' [-Wimplicit-function-declaration]
  196 |                     stop();
      |                     ^~~~
../Core/Src/main.c: In function 'main':
../Core/Src/main.c:310:7: warning: unused variable 'tab_dist' [-Wunused-variable]
  310 |   int tab_dist[2];
      |       ^~~~~~~~
../Core/Src/main.c:309:7: warning: variable 'ret' set but not used [-Wunused-but-set-variable]
  309 |   int ret=0;
      |       ^~~
../Core/Src/main.c: At top level:
../Core/Src/main.c:51:13: warning: 'randomTimerCallback' declared 'static' but never defined [-Wunused-function]
   51 | static void randomTimerCallback(TimerHandle_t xTimer);
      |             ^~~~~~~~~~~~~~~~~~~
../Core/Src/main.c: In function 'microros_task':
../Core/Src/main.c:545:5: warning: ignoring return value of 'rcutils_set_default_allocator' declared with attribute 'warn_unused_result' [-Wunused-result]
  545 |     rcutils_set_default_allocator(&freeRTOS_allocator);
      |     ^~~~~~~~~~~~~~~~~~~~~~~~~~~~~~~~~~~~~~~~~~~~~~~~~~
../Core/Src/main.c:553:5: warning: ignoring return value of 'rcl_init_options_init' declared with attribute 'warn_unused_result' [-Wunused-result]
  553 |     rcl_init_options_init(
      |     ^~~~~~~~~~~~~~~~~~~~~~
  554 |         &init_options,
      |         ~~~~~~~~~~~~~~
  555 |         allocator
      |         ~~~~~~~~~
  556 |     );
      |     ~
../Core/Src/main.c:557:5: warning: ignoring return value of 'rcl_init_options_set_domain_id' declared with attribute 'warn_unused_result' [-Wunused-result]
  557 |     rcl_init_options_set_domain_id(
      |     ^~~~~~~~~~~~~~~~~~~~~~~~~~~~~~~
  558 |         &init_options,
      |         ~~~~~~~~~~~~~~
  559 |         ROS_DOMAIN_ID
      |         ~~~~~~~~~~~~~
  560 |     );
      |     ~
../Core/Src/main.c:689:9: warning: ignoring return value of 'rcl_publish' declared with attribute 'warn_unused_result' [-Wunused-result]
  689 |         rcl_publish(
      |         ^~~~~~~~~~~~
  690 |             &sensor_vl53_publisher,
      |             ~~~~~~~~~~~~~~~~~~~~~~~
  691 |             &sensor_vl53_msg,
      |             ~~~~~~~~~~~~~~~~~
  692 |             NULL
      |             ~~~~
  693 |         );
      |         ~
../Core/Src/main.c:696:9: warning: ignoring return value of 'rcl_publish' declared with attribute 'warn_unused_result' [-Wunused-result]
  696 |         rcl_publish(
      |         ^~~~~~~~~~~~
  697 |             &sensor_ir_left_publisher,
      |             ~~~~~~~~~~~~~~~~~~~~~~~~~~
  698 |             &sensor_ir_left_msg,
      |             ~~~~~~~~~~~~~~~~~~~~
  699 |             NULL
      |             ~~~~
  700 |         );
      |         ~
../Core/Src/main.c:703:9: warning: ignoring return value of 'rcl_publish' declared with attribute 'warn_unused_result' [-Wunused-result]
  703 |         rcl_publish(
      |         ^~~~~~~~~~~~
  704 |             &sensor_ir_right_publisher,
      |             ~~~~~~~~~~~~~~~~~~~~~~~~~~~
  705 |             &sensor_ir_right_msg,
      |             ~~~~~~~~~~~~~~~~~~~~~
  706 |             NULL
      |             ~~~~
  707 |         );
      |         ~
At top level:
../Core/Src/main.c:50:22: warning: 'xRandomTimer' defined but not used [-Wunused-variable]
   50 | static TimerHandle_t xRandomTimer;
      |                      ^~~~~~~~~~~~
arm-none-eabi-gcc -o "base_robot.elf" @"objects.list"  -lmicroros -mcpu=cortex-m4 -T"/home/e2023/e3pennan/Documents/sen robot/robot_task/base_robot/STM32F411RETX_FLASH.ld" --specs=nosys.specs -Wl,-Map="base_robot.map" -Wl,--gc-sections -static -L"/home/e2023/e3pennan/Documents/sen robot/robot_task/base_robot/micro_ros_stm32cubemx_utils/microros_static_library/libmicroros" --specs=nano.specs -mfpu=fpv4-sp-d16 -mfloat-abi=hard -mthumb -u _printf_float -u _scanf_float -Wl,--start-group -lc -lm -Wl,--end-group
Finished building target: base_robot.elf
 
arm-none-eabi-size   base_robot.elf 
arm-none-eabi-objdump -h -S  base_robot.elf  > "base_robot.list"
   text	   data	    bss	    dec	    hex	filename
 128952	    656	  60544	 190152	  2e6c8	base_robot.elf
Finished building: default.size.stdout
 
Finished building: base_robot.list
 
16:46:57 **** Incremental Build of configuration Debug for project base_robot ****
make -j12 all 
arm-none-eabi-gcc "../Core/Src/main.c" -mcpu=cortex-m4 -std=gnu11 -g3 -DDEBUG -DUSE_HAL_DRIVER -DSTM32F411xE -c -I../Core/Inc -I../Drivers/STM32F4xx_HAL_Driver/Inc -I"/home/e2023/e3pennan/Documents/sen robot/robot_task/base_robot/micro_ros_stm32cubemx_utils/microros_static_library/libmicroros/microros_include" -I../Drivers/STM32F4xx_HAL_Driver/Inc/Legacy -I../Drivers/CMSIS/Device/ST/STM32F4xx/Include -I../Drivers/CMSIS/Include -I../Middlewares/Third_Party/FreeRTOS/Source/include -I../Middlewares/Third_Party/FreeRTOS/Source/CMSIS_RTOS_V2 -I../Middlewares/Third_Party/FreeRTOS/Source/portable/GCC/ARM_CM4F -O0 -ffunction-sections -fdata-sections -Wall -fstack-usage -MMD -MP -MF"Core/Src/main.d" -MT"Core/Src/main.o" --specs=nano.specs -mfpu=fpv4-sp-d16 -mfloat-abi=hard -mthumb -o "Core/Src/main.o"
../Core/Src/main.c: In function 'task_Sensor':
../Core/Src/main.c:97:17: warning: implicit declaration of function 'captDistIR_ToCm'; did you mean 'captDistIR_Get'? [-Wimplicit-function-declaration]
   97 |         distL = captDistIR_ToCm(tab_distIR[0]);
      |                 ^~~~~~~~~~~~~~~
      |                 captDistIR_Get
../Core/Src/main.c:114:16: warning: implicit declaration of function 'moveForward' [-Wimplicit-function-declaration]
  114 |      case 'F': moveForward(motorSpeed);  break;
      |                ^~~~~~~~~~~
../Core/Src/main.c:115:16: warning: implicit declaration of function 'moveBackward' [-Wimplicit-function-declaration]
  115 |      case 'B': moveBackward(motorSpeed); break;
      |                ^~~~~~~~~~~~
../Core/Src/main.c:116:16: warning: implicit declaration of function 'turnLeft' [-Wimplicit-function-declaration]
  116 |      case 'L': turnLeft(motorSpeed);     break;
      |                ^~~~~~~~
../Core/Src/main.c:117:16: warning: implicit declaration of function 'turnRight' [-Wimplicit-function-declaration]
  117 |      case 'R': turnRight(motorSpeed);    break;
      |                ^~~~~~~~~
../Core/Src/main.c:118:16: warning: implicit declaration of function 'stop' [-Wimplicit-function-declaration]
  118 |      case 'S': stop();                   break;
      |                ^~~~
../Core/Src/main.c: In function 'main':
../Core/Src/main.c:315:7: warning: unused variable 'tab_dist' [-Wunused-variable]
  315 |   int tab_dist[2];
      |       ^~~~~~~~
../Core/Src/main.c:314:7: warning: variable 'ret' set but not used [-Wunused-but-set-variable]
  314 |   int ret=0;
      |       ^~~
../Core/Src/main.c: At top level:
../Core/Src/main.c:51:13: warning: 'randomTimerCallback' declared 'static' but never defined [-Wunused-function]
   51 | static void randomTimerCallback(TimerHandle_t xTimer);
      |             ^~~~~~~~~~~~~~~~~~~
../Core/Src/main.c: In function 'microros_task':
../Core/Src/main.c:538:5: warning: ignoring return value of 'rcutils_set_default_allocator' declared with attribute 'warn_unused_result' [-Wunused-result]
  538 |     rcutils_set_default_allocator(&freeRTOS_allocator);
      |     ^~~~~~~~~~~~~~~~~~~~~~~~~~~~~~~~~~~~~~~~~~~~~~~~~~
../Core/Src/main.c:546:5: warning: ignoring return value of 'rcl_init_options_init' declared with attribute 'warn_unused_result' [-Wunused-result]
  546 |     rcl_init_options_init(
      |     ^~~~~~~~~~~~~~~~~~~~~~
  547 |         &init_options,
      |         ~~~~~~~~~~~~~~
  548 |         allocator
      |         ~~~~~~~~~
  549 |     );
      |     ~
../Core/Src/main.c:550:5: warning: ignoring return value of 'rcl_init_options_set_domain_id' declared with attribute 'warn_unused_result' [-Wunused-result]
  550 |     rcl_init_options_set_domain_id(
      |     ^~~~~~~~~~~~~~~~~~~~~~~~~~~~~~~
  551 |         &init_options,
      |         ~~~~~~~~~~~~~~
  552 |         ROS_DOMAIN_ID
      |         ~~~~~~~~~~~~~
  553 |     );
      |     ~
../Core/Src/main.c:682:9: warning: ignoring return value of 'rcl_publish' declared with attribute 'warn_unused_result' [-Wunused-result]
  682 |         rcl_publish(
      |         ^~~~~~~~~~~~
  683 |             &sensor_vl53_publisher,
      |             ~~~~~~~~~~~~~~~~~~~~~~~
  684 |             &sensor_vl53_msg,
      |             ~~~~~~~~~~~~~~~~~
  685 |             NULL
      |             ~~~~
  686 |         );
      |         ~
../Core/Src/main.c:689:9: warning: ignoring return value of 'rcl_publish' declared with attribute 'warn_unused_result' [-Wunused-result]
  689 |         rcl_publish(
      |         ^~~~~~~~~~~~
  690 |             &sensor_ir_left_publisher,
      |             ~~~~~~~~~~~~~~~~~~~~~~~~~~
  691 |             &sensor_ir_left_msg,
      |             ~~~~~~~~~~~~~~~~~~~~
  692 |             NULL
      |             ~~~~
  693 |         );
      |         ~
../Core/Src/main.c:696:9: warning: ignoring return value of 'rcl_publish' declared with attribute 'warn_unused_result' [-Wunused-result]
  696 |         rcl_publish(
      |         ^~~~~~~~~~~~
  697 |             &sensor_ir_right_publisher,
      |             ~~~~~~~~~~~~~~~~~~~~~~~~~~~
  698 |             &sensor_ir_right_msg,
      |             ~~~~~~~~~~~~~~~~~~~~~
  699 |             NULL
      |             ~~~~
  700 |         );
      |         ~
At top level:
../Core/Src/main.c:50:22: warning: 'xRandomTimer' defined but not used [-Wunused-variable]
   50 | static TimerHandle_t xRandomTimer;
      |                      ^~~~~~~~~~~~
arm-none-eabi-gcc -o "base_robot.elf" @"objects.list"  -lmicroros -mcpu=cortex-m4 -T"/home/e2023/e3pennan/Documents/sen robot/robot_task/base_robot/STM32F411RETX_FLASH.ld" --specs=nosys.specs -Wl,-Map="base_robot.map" -Wl,--gc-sections -static -L"/home/e2023/e3pennan/Documents/sen robot/robot_task/base_robot/micro_ros_stm32cubemx_utils/microros_static_library/libmicroros" --specs=nano.specs -mfpu=fpv4-sp-d16 -mfloat-abi=hard -mthumb -u _printf_float -u _scanf_float -Wl,--start-group -lc -lm -Wl,--end-group
Finished building target: base_robot.elf
 
arm-none-eabi-size   base_robot.elf 
arm-none-eabi-objdump -h -S  base_robot.elf  > "base_robot.list"
   text	   data	    bss	    dec	    hex	filename
 129032	    656	  60544	 190232	  2e718	base_robot.elf
Finished building: default.size.stdout
 
Finished building: base_robot.list
 
16:47:58 **** Incremental Build of configuration Debug for project base_robot ****
make -j12 all 
arm-none-eabi-size   base_robot.elf 
   text	   data	    bss	    dec	    hex	filename
 129032	    656	  60544	 190232	  2e718	base_robot.elf
Finished building: default.size.stdout
 
16:51:38 **** Incremental Build of configuration Debug for project base_robot ****
make -j12 all 
arm-none-eabi-size   base_robot.elf 
   text	   data	    bss	    dec	    hex	filename
 129032	    656	  60544	 190232	  2e718	base_robot.elf
Finished building: default.size.stdout
 
16:54:07 **** Incremental Build of configuration Debug for project base_robot ****
make -j12 all 
arm-none-eabi-size   base_robot.elf 
   text	   data	    bss	    dec	    hex	filename
 129032	    656	  60544	 190232	  2e718	base_robot.elf
Finished building: default.size.stdout
 
16:56:54 **** Incremental Build of configuration Debug for project base_robot ****
make -j12 all 
arm-none-eabi-gcc "../Core/Src/main.c" -mcpu=cortex-m4 -std=gnu11 -g3 -DDEBUG -DUSE_HAL_DRIVER -DSTM32F411xE -c -I../Core/Inc -I../Drivers/STM32F4xx_HAL_Driver/Inc -I"/home/e2023/e3pennan/Documents/sen robot/robot_task/base_robot/micro_ros_stm32cubemx_utils/microros_static_library/libmicroros/microros_include" -I../Drivers/STM32F4xx_HAL_Driver/Inc/Legacy -I../Drivers/CMSIS/Device/ST/STM32F4xx/Include -I../Drivers/CMSIS/Include -I../Middlewares/Third_Party/FreeRTOS/Source/include -I../Middlewares/Third_Party/FreeRTOS/Source/CMSIS_RTOS_V2 -I../Middlewares/Third_Party/FreeRTOS/Source/portable/GCC/ARM_CM4F -O0 -ffunction-sections -fdata-sections -Wall -fstack-usage -MMD -MP -MF"Core/Src/main.d" -MT"Core/Src/main.o" --specs=nano.specs -mfpu=fpv4-sp-d16 -mfloat-abi=hard -mthumb -o "Core/Src/main.o"
../Core/Src/main.c: In function 'task_Sensor':
../Core/Src/main.c:97:17: warning: implicit declaration of function 'captDistIR_ToCm'; did you mean 'captDistIR_Get'? [-Wimplicit-function-declaration]
   97 |         distL = captDistIR_ToCm(tab_distIR[0]);
      |                 ^~~~~~~~~~~~~~~
      |                 captDistIR_Get
../Core/Src/main.c:114:16: warning: implicit declaration of function 'moveForward' [-Wimplicit-function-declaration]
  114 |      case 'F': moveForward(motorSpeed);  break;
      |                ^~~~~~~~~~~
../Core/Src/main.c:115:16: warning: implicit declaration of function 'moveBackward' [-Wimplicit-function-declaration]
  115 |      case 'B': moveBackward(motorSpeed); break;
      |                ^~~~~~~~~~~~
../Core/Src/main.c:116:16: warning: implicit declaration of function 'turnLeft' [-Wimplicit-function-declaration]
  116 |      case 'L': turnLeft(motorSpeed);     break;
      |                ^~~~~~~~
../Core/Src/main.c:117:16: warning: implicit declaration of function 'turnRight' [-Wimplicit-function-declaration]
  117 |      case 'R': turnRight(motorSpeed);    break;
      |                ^~~~~~~~~
../Core/Src/main.c:118:16: warning: implicit declaration of function 'stop' [-Wimplicit-function-declaration]
  118 |      case 'S': stop();                   break;
      |                ^~~~
../Core/Src/main.c: In function 'main':
../Core/Src/main.c:315:7: warning: unused variable 'tab_dist' [-Wunused-variable]
  315 |   int tab_dist[2];
      |       ^~~~~~~~
../Core/Src/main.c:314:7: warning: variable 'ret' set but not used [-Wunused-but-set-variable]
  314 |   int ret=0;
      |       ^~~
../Core/Src/main.c: At top level:
../Core/Src/main.c:51:13: warning: 'randomTimerCallback' declared 'static' but never defined [-Wunused-function]
   51 | static void randomTimerCallback(TimerHandle_t xTimer);
      |             ^~~~~~~~~~~~~~~~~~~
../Core/Src/main.c: In function 'microros_task':
../Core/Src/main.c:546:5: warning: ignoring return value of 'rcutils_set_default_allocator' declared with attribute 'warn_unused_result' [-Wunused-result]
  546 |     rcutils_set_default_allocator(&freeRTOS_allocator);
      |     ^~~~~~~~~~~~~~~~~~~~~~~~~~~~~~~~~~~~~~~~~~~~~~~~~~
../Core/Src/main.c:554:5: warning: ignoring return value of 'rcl_init_options_init' declared with attribute 'warn_unused_result' [-Wunused-result]
  554 |     rcl_init_options_init(
      |     ^~~~~~~~~~~~~~~~~~~~~~
  555 |         &init_options,
      |         ~~~~~~~~~~~~~~
  556 |         allocator
      |         ~~~~~~~~~
  557 |     );
      |     ~
../Core/Src/main.c:558:5: warning: ignoring return value of 'rcl_init_options_set_domain_id' declared with attribute 'warn_unused_result' [-Wunused-result]
  558 |     rcl_init_options_set_domain_id(
      |     ^~~~~~~~~~~~~~~~~~~~~~~~~~~~~~~
  559 |         &init_options,
      |         ~~~~~~~~~~~~~~
  560 |         ROS_DOMAIN_ID
      |         ~~~~~~~~~~~~~
  561 |     );
      |     ~
../Core/Src/main.c:690:9: warning: ignoring return value of 'rcl_publish' declared with attribute 'warn_unused_result' [-Wunused-result]
  690 |         rcl_publish(
      |         ^~~~~~~~~~~~
  691 |             &sensor_vl53_publisher,
      |             ~~~~~~~~~~~~~~~~~~~~~~~
  692 |             &sensor_vl53_msg,
      |             ~~~~~~~~~~~~~~~~~
  693 |             NULL
      |             ~~~~
  694 |         );
      |         ~
../Core/Src/main.c:697:9: warning: ignoring return value of 'rcl_publish' declared with attribute 'warn_unused_result' [-Wunused-result]
  697 |         rcl_publish(
      |         ^~~~~~~~~~~~
  698 |             &sensor_ir_left_publisher,
      |             ~~~~~~~~~~~~~~~~~~~~~~~~~~
  699 |             &sensor_ir_left_msg,
      |             ~~~~~~~~~~~~~~~~~~~~
  700 |             NULL
      |             ~~~~
  701 |         );
      |         ~
../Core/Src/main.c:704:9: warning: ignoring return value of 'rcl_publish' declared with attribute 'warn_unused_result' [-Wunused-result]
  704 |         rcl_publish(
      |         ^~~~~~~~~~~~
  705 |             &sensor_ir_right_publisher,
      |             ~~~~~~~~~~~~~~~~~~~~~~~~~~~
  706 |             &sensor_ir_right_msg,
      |             ~~~~~~~~~~~~~~~~~~~~~
  707 |             NULL
      |             ~~~~
  708 |         );
      |         ~
At top level:
../Core/Src/main.c:50:22: warning: 'xRandomTimer' defined but not used [-Wunused-variable]
   50 | static TimerHandle_t xRandomTimer;
      |                      ^~~~~~~~~~~~
arm-none-eabi-gcc -o "base_robot.elf" @"objects.list"  -lmicroros -mcpu=cortex-m4 -T"/home/e2023/e3pennan/Documents/sen robot/robot_task/base_robot/STM32F411RETX_FLASH.ld" --specs=nosys.specs -Wl,-Map="base_robot.map" -Wl,--gc-sections -static -L"/home/e2023/e3pennan/Documents/sen robot/robot_task/base_robot/micro_ros_stm32cubemx_utils/microros_static_library/libmicroros" --specs=nano.specs -mfpu=fpv4-sp-d16 -mfloat-abi=hard -mthumb -u _printf_float -u _scanf_float -Wl,--start-group -lc -lm -Wl,--end-group
Finished building target: base_robot.elf
 
arm-none-eabi-size   base_robot.elf 
arm-none-eabi-objdump -h -S  base_robot.elf  > "base_robot.list"
   text	   data	    bss	    dec	    hex	filename
 129096	    656	  60544	 190296	  2e758	base_robot.elf
Finished building: default.size.stdout
 
Finished building: base_robot.list
 
17:04:02 **** Incremental Build of configuration Debug for project base_robot ****
make -j12 all 
arm-none-eabi-gcc "../Core/Src/main.c" -mcpu=cortex-m4 -std=gnu11 -g3 -DDEBUG -DUSE_HAL_DRIVER -DSTM32F411xE -c -I../Core/Inc -I../Drivers/STM32F4xx_HAL_Driver/Inc -I"/home/e2023/e3pennan/Documents/sen robot/robot_task/base_robot/micro_ros_stm32cubemx_utils/microros_static_library/libmicroros/microros_include" -I../Drivers/STM32F4xx_HAL_Driver/Inc/Legacy -I../Drivers/CMSIS/Device/ST/STM32F4xx/Include -I../Drivers/CMSIS/Include -I../Middlewares/Third_Party/FreeRTOS/Source/include -I../Middlewares/Third_Party/FreeRTOS/Source/CMSIS_RTOS_V2 -I../Middlewares/Third_Party/FreeRTOS/Source/portable/GCC/ARM_CM4F -O0 -ffunction-sections -fdata-sections -Wall -fstack-usage -MMD -MP -MF"Core/Src/main.d" -MT"Core/Src/main.o" --specs=nano.specs -mfpu=fpv4-sp-d16 -mfloat-abi=hard -mthumb -o "Core/Src/main.o"
../Core/Src/main.c: In function 'task_Sensor':
../Core/Src/main.c:167:17: warning: implicit declaration of function 'captDistIR_ToCm'; did you mean 'captDistIR_Get'? [-Wimplicit-function-declaration]
  167 |         distL = captDistIR_ToCm(tab_distIR[0]);
      |                 ^~~~~~~~~~~~~~~
      |                 captDistIR_Get
../Core/Src/main.c: In function 'task_Manual':
../Core/Src/main.c:237:21: warning: implicit declaration of function 'moveForward' [-Wimplicit-function-declaration]
  237 |                     moveForward(motorSpeed);
      |                     ^~~~~~~~~~~
../Core/Src/main.c:241:21: warning: implicit declaration of function 'moveBackward' [-Wimplicit-function-declaration]
  241 |                     moveBackward(motorSpeed);
      |                     ^~~~~~~~~~~~
../Core/Src/main.c:245:21: warning: implicit declaration of function 'turnLeft' [-Wimplicit-function-declaration]
  245 |                     turnLeft(motorSpeed);
      |                     ^~~~~~~~
../Core/Src/main.c:249:21: warning: implicit declaration of function 'turnRight' [-Wimplicit-function-declaration]
  249 |                     turnRight(motorSpeed);
      |                     ^~~~~~~~~
../Core/Src/main.c:253:21: warning: implicit declaration of function 'stop' [-Wimplicit-function-declaration]
  253 |                     stop();
      |                     ^~~~
../Core/Src/main.c: In function 'main':
../Core/Src/main.c:367:7: warning: unused variable 'tab_dist' [-Wunused-variable]
  367 |   int tab_dist[2];
      |       ^~~~~~~~
../Core/Src/main.c:366:7: warning: variable 'ret' set but not used [-Wunused-but-set-variable]
  366 |   int ret=0;
      |       ^~~
../Core/Src/main.c: At top level:
../Core/Src/main.c:51:13: warning: 'randomTimerCallback' declared 'static' but never defined [-Wunused-function]
   51 | static void randomTimerCallback(TimerHandle_t xTimer);
      |             ^~~~~~~~~~~~~~~~~~~
../Core/Src/main.c: In function 'microros_task':
../Core/Src/main.c:598:5: warning: ignoring return value of 'rcutils_set_default_allocator' declared with attribute 'warn_unused_result' [-Wunused-result]
  598 |     rcutils_set_default_allocator(&freeRTOS_allocator);
      |     ^~~~~~~~~~~~~~~~~~~~~~~~~~~~~~~~~~~~~~~~~~~~~~~~~~
../Core/Src/main.c:606:5: warning: ignoring return value of 'rcl_init_options_init' declared with attribute 'warn_unused_result' [-Wunused-result]
  606 |     rcl_init_options_init(
      |     ^~~~~~~~~~~~~~~~~~~~~~
  607 |         &init_options,
      |         ~~~~~~~~~~~~~~
  608 |         allocator
      |         ~~~~~~~~~
  609 |     );
      |     ~
../Core/Src/main.c:610:5: warning: ignoring return value of 'rcl_init_options_set_domain_id' declared with attribute 'warn_unused_result' [-Wunused-result]
  610 |     rcl_init_options_set_domain_id(
      |     ^~~~~~~~~~~~~~~~~~~~~~~~~~~~~~~
  611 |         &init_options,
      |         ~~~~~~~~~~~~~~
  612 |         ROS_DOMAIN_ID
      |         ~~~~~~~~~~~~~
  613 |     );
      |     ~
../Core/Src/main.c:742:9: warning: ignoring return value of 'rcl_publish' declared with attribute 'warn_unused_result' [-Wunused-result]
  742 |         rcl_publish(
      |         ^~~~~~~~~~~~
  743 |             &sensor_vl53_publisher,
      |             ~~~~~~~~~~~~~~~~~~~~~~~
  744 |             &sensor_vl53_msg,
      |             ~~~~~~~~~~~~~~~~~
  745 |             NULL
      |             ~~~~
  746 |         );
      |         ~
../Core/Src/main.c:749:9: warning: ignoring return value of 'rcl_publish' declared with attribute 'warn_unused_result' [-Wunused-result]
  749 |         rcl_publish(
      |         ^~~~~~~~~~~~
  750 |             &sensor_ir_left_publisher,
      |             ~~~~~~~~~~~~~~~~~~~~~~~~~~
  751 |             &sensor_ir_left_msg,
      |             ~~~~~~~~~~~~~~~~~~~~
  752 |             NULL
      |             ~~~~
  753 |         );
      |         ~
../Core/Src/main.c:756:9: warning: ignoring return value of 'rcl_publish' declared with attribute 'warn_unused_result' [-Wunused-result]
  756 |         rcl_publish(
      |         ^~~~~~~~~~~~
  757 |             &sensor_ir_right_publisher,
      |             ~~~~~~~~~~~~~~~~~~~~~~~~~~~
  758 |             &sensor_ir_right_msg,
      |             ~~~~~~~~~~~~~~~~~~~~~
  759 |             NULL
      |             ~~~~
  760 |         );
      |         ~
At top level:
../Core/Src/main.c:319:13: warning: 'task_Tracking' defined but not used [-Wunused-function]
  319 | static void task_Tracking(void *pvParameters)
      |             ^~~~~~~~~~~~~
../Core/Src/main.c:50:22: warning: 'xRandomTimer' defined but not used [-Wunused-variable]
   50 | static TimerHandle_t xRandomTimer;
      |                      ^~~~~~~~~~~~
arm-none-eabi-gcc -o "base_robot.elf" @"objects.list"  -lmicroros -mcpu=cortex-m4 -T"/home/e2023/e3pennan/Documents/sen robot/robot_task/base_robot/STM32F411RETX_FLASH.ld" --specs=nosys.specs -Wl,-Map="base_robot.map" -Wl,--gc-sections -static -L"/home/e2023/e3pennan/Documents/sen robot/robot_task/base_robot/micro_ros_stm32cubemx_utils/microros_static_library/libmicroros" --specs=nano.specs -mfpu=fpv4-sp-d16 -mfloat-abi=hard -mthumb -u _printf_float -u _scanf_float -Wl,--start-group -lc -lm -Wl,--end-group
Finished building target: base_robot.elf
 
arm-none-eabi-size   base_robot.elf 
arm-none-eabi-objdump -h -S  base_robot.elf  > "base_robot.list"
   text	   data	    bss	    dec	    hex	filename
 128752	    656	  60552	 189960	  2e608	base_robot.elf
Finished building: default.size.stdout
 
Finished building: base_robot.list
 
17:05:53 **** Incremental Build of configuration Debug for project base_robot ****
make -j12 all 
arm-none-eabi-gcc "../Core/Src/main.c" -mcpu=cortex-m4 -std=gnu11 -g3 -DDEBUG -DUSE_HAL_DRIVER -DSTM32F411xE -c -I../Core/Inc -I../Drivers/STM32F4xx_HAL_Driver/Inc -I"/home/e2023/e3pennan/Documents/sen robot/robot_task/base_robot/micro_ros_stm32cubemx_utils/microros_static_library/libmicroros/microros_include" -I../Drivers/STM32F4xx_HAL_Driver/Inc/Legacy -I../Drivers/CMSIS/Device/ST/STM32F4xx/Include -I../Drivers/CMSIS/Include -I../Middlewares/Third_Party/FreeRTOS/Source/include -I../Middlewares/Third_Party/FreeRTOS/Source/CMSIS_RTOS_V2 -I../Middlewares/Third_Party/FreeRTOS/Source/portable/GCC/ARM_CM4F -O0 -ffunction-sections -fdata-sections -Wall -fstack-usage -MMD -MP -MF"Core/Src/main.d" -MT"Core/Src/main.o" --specs=nano.specs -mfpu=fpv4-sp-d16 -mfloat-abi=hard -mthumb -o "Core/Src/main.o"
../Core/Src/main.c: In function 'task_Sensor':
../Core/Src/main.c:97:17: warning: implicit declaration of function 'captDistIR_ToCm'; did you mean 'captDistIR_Get'? [-Wimplicit-function-declaration]
   97 |         distL = captDistIR_ToCm(tab_distIR[0]);
      |                 ^~~~~~~~~~~~~~~
      |                 captDistIR_Get
../Core/Src/main.c:92:21: warning: variable 'pxMessage' set but not used [-Wunused-but-set-variable]
   92 |     struct AMessage pxMessage;
      |                     ^~~~~~~~~
../Core/Src/main.c: In function 'task_Manual':
../Core/Src/main.c:178:21: warning: implicit declaration of function 'moveForward' [-Wimplicit-function-declaration]
  178 |                     moveForward(motorSpeed);
      |                     ^~~~~~~~~~~
../Core/Src/main.c:182:21: warning: implicit declaration of function 'moveBackward' [-Wimplicit-function-declaration]
  182 |                     moveBackward(motorSpeed);
      |                     ^~~~~~~~~~~~
../Core/Src/main.c:186:21: warning: implicit declaration of function 'turnLeft' [-Wimplicit-function-declaration]
  186 |                     turnLeft(motorSpeed);
      |                     ^~~~~~~~
../Core/Src/main.c:190:21: warning: implicit declaration of function 'turnRight' [-Wimplicit-function-declaration]
  190 |                     turnRight(motorSpeed);
      |                     ^~~~~~~~~
../Core/Src/main.c:194:21: warning: implicit declaration of function 'stop' [-Wimplicit-function-declaration]
  194 |                     stop();
      |                     ^~~~
../Core/Src/main.c: In function 'main':
../Core/Src/main.c:308:7: warning: unused variable 'tab_dist' [-Wunused-variable]
  308 |   int tab_dist[2];
      |       ^~~~~~~~
../Core/Src/main.c:307:7: warning: variable 'ret' set but not used [-Wunused-but-set-variable]
  307 |   int ret=0;
      |       ^~~
../Core/Src/main.c: At top level:
../Core/Src/main.c:51:13: warning: 'randomTimerCallback' declared 'static' but never defined [-Wunused-function]
   51 | static void randomTimerCallback(TimerHandle_t xTimer);
      |             ^~~~~~~~~~~~~~~~~~~
../Core/Src/main.c: In function 'microros_task':
../Core/Src/main.c:539:5: warning: ignoring return value of 'rcutils_set_default_allocator' declared with attribute 'warn_unused_result' [-Wunused-result]
  539 |     rcutils_set_default_allocator(&freeRTOS_allocator);
      |     ^~~~~~~~~~~~~~~~~~~~~~~~~~~~~~~~~~~~~~~~~~~~~~~~~~
../Core/Src/main.c:547:5: warning: ignoring return value of 'rcl_init_options_init' declared with attribute 'warn_unused_result' [-Wunused-result]
  547 |     rcl_init_options_init(
      |     ^~~~~~~~~~~~~~~~~~~~~~
  548 |         &init_options,
      |         ~~~~~~~~~~~~~~
  549 |         allocator
      |         ~~~~~~~~~
  550 |     );
      |     ~
../Core/Src/main.c:551:5: warning: ignoring return value of 'rcl_init_options_set_domain_id' declared with attribute 'warn_unused_result' [-Wunused-result]
  551 |     rcl_init_options_set_domain_id(
      |     ^~~~~~~~~~~~~~~~~~~~~~~~~~~~~~~
  552 |         &init_options,
      |         ~~~~~~~~~~~~~~
  553 |         ROS_DOMAIN_ID
      |         ~~~~~~~~~~~~~
  554 |     );
      |     ~
../Core/Src/main.c:683:9: warning: ignoring return value of 'rcl_publish' declared with attribute 'warn_unused_result' [-Wunused-result]
  683 |         rcl_publish(
      |         ^~~~~~~~~~~~
  684 |             &sensor_vl53_publisher,
      |             ~~~~~~~~~~~~~~~~~~~~~~~
  685 |             &sensor_vl53_msg,
      |             ~~~~~~~~~~~~~~~~~
  686 |             NULL
      |             ~~~~
  687 |         );
      |         ~
../Core/Src/main.c:690:9: warning: ignoring return value of 'rcl_publish' declared with attribute 'warn_unused_result' [-Wunused-result]
  690 |         rcl_publish(
      |         ^~~~~~~~~~~~
  691 |             &sensor_ir_left_publisher,
      |             ~~~~~~~~~~~~~~~~~~~~~~~~~~
  692 |             &sensor_ir_left_msg,
      |             ~~~~~~~~~~~~~~~~~~~~
  693 |             NULL
      |             ~~~~
  694 |         );
      |         ~
../Core/Src/main.c:697:9: warning: ignoring return value of 'rcl_publish' declared with attribute 'warn_unused_result' [-Wunused-result]
  697 |         rcl_publish(
      |         ^~~~~~~~~~~~
  698 |             &sensor_ir_right_publisher,
      |             ~~~~~~~~~~~~~~~~~~~~~~~~~~~
  699 |             &sensor_ir_right_msg,
      |             ~~~~~~~~~~~~~~~~~~~~~
  700 |             NULL
      |             ~~~~
  701 |         );
      |         ~
At top level:
../Core/Src/main.c:260:13: warning: 'task_Tracking' defined but not used [-Wunused-function]
  260 | static void task_Tracking(void *pvParameters)
      |             ^~~~~~~~~~~~~
../Core/Src/main.c:50:22: warning: 'xRandomTimer' defined but not used [-Wunused-variable]
   50 | static TimerHandle_t xRandomTimer;
      |                      ^~~~~~~~~~~~
arm-none-eabi-gcc -o "base_robot.elf" @"objects.list"  -lmicroros -mcpu=cortex-m4 -T"/home/e2023/e3pennan/Documents/sen robot/robot_task/base_robot/STM32F411RETX_FLASH.ld" --specs=nosys.specs -Wl,-Map="base_robot.map" -Wl,--gc-sections -static -L"/home/e2023/e3pennan/Documents/sen robot/robot_task/base_robot/micro_ros_stm32cubemx_utils/microros_static_library/libmicroros" --specs=nano.specs -mfpu=fpv4-sp-d16 -mfloat-abi=hard -mthumb -u _printf_float -u _scanf_float -Wl,--start-group -lc -lm -Wl,--end-group
Finished building target: base_robot.elf
 
arm-none-eabi-size   base_robot.elf 
arm-none-eabi-objdump -h -S  base_robot.elf  > "base_robot.list"
   text	   data	    bss	    dec	    hex	filename
 128744	    656	  60544	 189944	  2e5f8	base_robot.elf
Finished building: default.size.stdout
 
Finished building: base_robot.list
 
17:09:59 **** Incremental Build of configuration Debug for project base_robot ****
make -j12 all 
arm-none-eabi-gcc "../Core/Src/main.c" -mcpu=cortex-m4 -std=gnu11 -g3 -DDEBUG -DUSE_HAL_DRIVER -DSTM32F411xE -c -I../Core/Inc -I../Drivers/STM32F4xx_HAL_Driver/Inc -I"/home/e2023/e3pennan/Documents/sen robot/robot_task/base_robot/micro_ros_stm32cubemx_utils/microros_static_library/libmicroros/microros_include" -I../Drivers/STM32F4xx_HAL_Driver/Inc/Legacy -I../Drivers/CMSIS/Device/ST/STM32F4xx/Include -I../Drivers/CMSIS/Include -I../Middlewares/Third_Party/FreeRTOS/Source/include -I../Middlewares/Third_Party/FreeRTOS/Source/CMSIS_RTOS_V2 -I../Middlewares/Third_Party/FreeRTOS/Source/portable/GCC/ARM_CM4F -O0 -ffunction-sections -fdata-sections -Wall -fstack-usage -MMD -MP -MF"Core/Src/main.d" -MT"Core/Src/main.o" --specs=nano.specs -mfpu=fpv4-sp-d16 -mfloat-abi=hard -mthumb -o "Core/Src/main.o"
../Core/Src/main.c: In function 'task_Sensor':
../Core/Src/main.c:97:17: warning: implicit declaration of function 'captDistIR_ToCm'; did you mean 'captDistIR_Get'? [-Wimplicit-function-declaration]
   97 |         distL = captDistIR_ToCm(tab_distIR[0]);
      |                 ^~~~~~~~~~~~~~~
      |                 captDistIR_Get
../Core/Src/main.c:92:21: warning: variable 'pxMessage' set but not used [-Wunused-but-set-variable]
   92 |     struct AMessage pxMessage;
      |                     ^~~~~~~~~
../Core/Src/main.c: In function 'task_Manual':
../Core/Src/main.c:179:21: warning: implicit declaration of function 'moveForward' [-Wimplicit-function-declaration]
  179 |                     moveForward(motorSpeed);
      |                     ^~~~~~~~~~~
../Core/Src/main.c:183:21: warning: implicit declaration of function 'moveBackward' [-Wimplicit-function-declaration]
  183 |                     moveBackward(motorSpeed);
      |                     ^~~~~~~~~~~~
../Core/Src/main.c:187:21: warning: implicit declaration of function 'turnLeft' [-Wimplicit-function-declaration]
  187 |                     turnLeft(motorSpeed);
      |                     ^~~~~~~~
../Core/Src/main.c:191:21: warning: implicit declaration of function 'turnRight' [-Wimplicit-function-declaration]
  191 |                     turnRight(motorSpeed);
      |                     ^~~~~~~~~
../Core/Src/main.c:195:21: warning: implicit declaration of function 'stop' [-Wimplicit-function-declaration]
  195 |                     stop();
      |                     ^~~~
../Core/Src/main.c: In function 'main':
../Core/Src/main.c:309:7: warning: unused variable 'tab_dist' [-Wunused-variable]
  309 |   int tab_dist[2];
      |       ^~~~~~~~
../Core/Src/main.c:308:7: warning: variable 'ret' set but not used [-Wunused-but-set-variable]
  308 |   int ret=0;
      |       ^~~
../Core/Src/main.c: At top level:
../Core/Src/main.c:51:13: warning: 'randomTimerCallback' declared 'static' but never defined [-Wunused-function]
   51 | static void randomTimerCallback(TimerHandle_t xTimer);
      |             ^~~~~~~~~~~~~~~~~~~
../Core/Src/main.c: In function 'microros_task':
../Core/Src/main.c:540:5: warning: ignoring return value of 'rcutils_set_default_allocator' declared with attribute 'warn_unused_result' [-Wunused-result]
  540 |     rcutils_set_default_allocator(&freeRTOS_allocator);
      |     ^~~~~~~~~~~~~~~~~~~~~~~~~~~~~~~~~~~~~~~~~~~~~~~~~~
../Core/Src/main.c:548:5: warning: ignoring return value of 'rcl_init_options_init' declared with attribute 'warn_unused_result' [-Wunused-result]
  548 |     rcl_init_options_init(
      |     ^~~~~~~~~~~~~~~~~~~~~~
  549 |         &init_options,
      |         ~~~~~~~~~~~~~~
  550 |         allocator
      |         ~~~~~~~~~
  551 |     );
      |     ~
../Core/Src/main.c:552:5: warning: ignoring return value of 'rcl_init_options_set_domain_id' declared with attribute 'warn_unused_result' [-Wunused-result]
  552 |     rcl_init_options_set_domain_id(
      |     ^~~~~~~~~~~~~~~~~~~~~~~~~~~~~~~
  553 |         &init_options,
      |         ~~~~~~~~~~~~~~
  554 |         ROS_DOMAIN_ID
      |         ~~~~~~~~~~~~~
  555 |     );
      |     ~
../Core/Src/main.c:684:9: warning: ignoring return value of 'rcl_publish' declared with attribute 'warn_unused_result' [-Wunused-result]
  684 |         rcl_publish(
      |         ^~~~~~~~~~~~
  685 |             &sensor_vl53_publisher,
      |             ~~~~~~~~~~~~~~~~~~~~~~~
  686 |             &sensor_vl53_msg,
      |             ~~~~~~~~~~~~~~~~~
  687 |             NULL
      |             ~~~~
  688 |         );
      |         ~
../Core/Src/main.c:691:9: warning: ignoring return value of 'rcl_publish' declared with attribute 'warn_unused_result' [-Wunused-result]
  691 |         rcl_publish(
      |         ^~~~~~~~~~~~
  692 |             &sensor_ir_left_publisher,
      |             ~~~~~~~~~~~~~~~~~~~~~~~~~~
  693 |             &sensor_ir_left_msg,
      |             ~~~~~~~~~~~~~~~~~~~~
  694 |             NULL
      |             ~~~~
  695 |         );
      |         ~
../Core/Src/main.c:698:9: warning: ignoring return value of 'rcl_publish' declared with attribute 'warn_unused_result' [-Wunused-result]
  698 |         rcl_publish(
      |         ^~~~~~~~~~~~
  699 |             &sensor_ir_right_publisher,
      |             ~~~~~~~~~~~~~~~~~~~~~~~~~~~
  700 |             &sensor_ir_right_msg,
      |             ~~~~~~~~~~~~~~~~~~~~~
  701 |             NULL
      |             ~~~~
  702 |         );
      |         ~
At top level:
../Core/Src/main.c:261:13: warning: 'task_Tracking' defined but not used [-Wunused-function]
  261 | static void task_Tracking(void *pvParameters)
      |             ^~~~~~~~~~~~~
../Core/Src/main.c:50:22: warning: 'xRandomTimer' defined but not used [-Wunused-variable]
   50 | static TimerHandle_t xRandomTimer;
      |                      ^~~~~~~~~~~~
arm-none-eabi-gcc -o "base_robot.elf" @"objects.list"  -lmicroros -mcpu=cortex-m4 -T"/home/e2023/e3pennan/Documents/sen robot/robot_task/base_robot/STM32F411RETX_FLASH.ld" --specs=nosys.specs -Wl,-Map="base_robot.map" -Wl,--gc-sections -static -L"/home/e2023/e3pennan/Documents/sen robot/robot_task/base_robot/micro_ros_stm32cubemx_utils/microros_static_library/libmicroros" --specs=nano.specs -mfpu=fpv4-sp-d16 -mfloat-abi=hard -mthumb -u _printf_float -u _scanf_float -Wl,--start-group -lc -lm -Wl,--end-group
Finished building target: base_robot.elf
 
arm-none-eabi-size   base_robot.elf 
arm-none-eabi-objdump -h -S  base_robot.elf  > "base_robot.list"
   text	   data	    bss	    dec	    hex	filename
 128744	    656	  60544	 189944	  2e5f8	base_robot.elf
Finished building: default.size.stdout
 
Finished building: base_robot.list
 
17:16:51 **** Incremental Build of configuration Debug for project base_robot ****
make -j12 all 
arm-none-eabi-gcc "../Core/Src/main.c" -mcpu=cortex-m4 -std=gnu11 -g3 -DDEBUG -DUSE_HAL_DRIVER -DSTM32F411xE -c -I../Core/Inc -I../Drivers/STM32F4xx_HAL_Driver/Inc -I"/home/e2023/e3pennan/Documents/sen robot/robot_task/base_robot/micro_ros_stm32cubemx_utils/microros_static_library/libmicroros/microros_include" -I../Drivers/STM32F4xx_HAL_Driver/Inc/Legacy -I../Drivers/CMSIS/Device/ST/STM32F4xx/Include -I../Drivers/CMSIS/Include -I../Middlewares/Third_Party/FreeRTOS/Source/include -I../Middlewares/Third_Party/FreeRTOS/Source/CMSIS_RTOS_V2 -I../Middlewares/Third_Party/FreeRTOS/Source/portable/GCC/ARM_CM4F -O0 -ffunction-sections -fdata-sections -Wall -fstack-usage -MMD -MP -MF"Core/Src/main.d" -MT"Core/Src/main.o" --specs=nano.specs -mfpu=fpv4-sp-d16 -mfloat-abi=hard -mthumb -o "Core/Src/main.o"
../Core/Src/main.c: In function 'task_Sensor':
../Core/Src/main.c:98:17: warning: implicit declaration of function 'captDistIR_ToCm'; did you mean 'captDistIR_Get'? [-Wimplicit-function-declaration]
   98 |         distL = captDistIR_ToCm(tab_distIR[0]);
      |                 ^~~~~~~~~~~~~~~
      |                 captDistIR_Get
../Core/Src/main.c:148:13: error: invalid storage class for function 'task_Manual'
  148 | static void task_Manual(void *pvParameters)
      |             ^~~~~~~~~~~
../Core/Src/main.c: In function 'task_Manual':
../Core/Src/main.c:170:21: warning: implicit declaration of function 'moveForward' [-Wimplicit-function-declaration]
  170 |                     moveForward(motorSpeed);
      |                     ^~~~~~~~~~~
../Core/Src/main.c:174:21: warning: implicit declaration of function 'moveBackward' [-Wimplicit-function-declaration]
  174 |                     moveBackward(motorSpeed);
      |                     ^~~~~~~~~~~~
../Core/Src/main.c:178:21: warning: implicit declaration of function 'turnLeft' [-Wimplicit-function-declaration]
  178 |                     turnLeft(motorSpeed);
      |                     ^~~~~~~~
../Core/Src/main.c:182:21: warning: implicit declaration of function 'turnRight' [-Wimplicit-function-declaration]
  182 |                     turnRight(motorSpeed);
      |                     ^~~~~~~~~
../Core/Src/main.c:186:21: warning: implicit declaration of function 'stop' [-Wimplicit-function-declaration]
  186 |                     stop();
      |                     ^~~~
../Core/Src/main.c: In function 'task_Sensor':
../Core/Src/main.c:197:13: error: invalid storage class for function 'task_Random'
  197 | static void task_Random(void *pvParameters)
      |             ^~~~~~~~~~~
../Core/Src/main.c:252:13: error: invalid storage class for function 'task_Tracking'
  252 | static void task_Tracking(void *pvParameters)
      |             ^~~~~~~~~~~~~
../Core/Src/main.c:297:5: warning: 'main' is normally a non-static function [-Wmain]
  297 | int main(void)
      |     ^~~~
../Core/Src/main.c: In function 'main':
../Core/Src/main.c:300:7: warning: unused variable 'tab_dist' [-Wunused-variable]
  300 |   int tab_dist[2];
      |       ^~~~~~~~
../Core/Src/main.c:299:7: warning: variable 'ret' set but not used [-Wunused-but-set-variable]
  299 |   int ret=0;
      |       ^~~
../Core/Src/main.c: In function 'task_Sensor':
../Core/Src/main.c:728:1: error: expected declaration or statement at end of input
  728 | }
      | ^
../Core/Src/main.c: At top level:
../Core/Src/main.c:51:13: warning: 'randomTimerCallback' declared 'static' but never defined [-Wunused-function]
   51 | static void randomTimerCallback(TimerHandle_t xTimer);
      |             ^~~~~~~~~~~~~~~~~~~
../Core/Src/main.c:723:6: warning: 'Error_Handler' defined but not used [-Wunused-function]
  723 | void Error_Handler(void)
      |      ^~~~~~~~~~~~~
../Core/Src/main.c:715:6: warning: 'HAL_TIM_PeriodElapsedCallback' defined but not used [-Wunused-function]
  715 | void HAL_TIM_PeriodElapsedCallback(TIM_HandleTypeDef *htim)
      |      ^~~~~~~~~~~~~~~~~~~~~~~~~~~~~
../Core/Src/main.c:509:6: warning: 'microros_task' defined but not used [-Wunused-function]
  509 | void microros_task(void *argument)
      |      ^~~~~~~~~~~~~
../Core/Src/main.c:297:5: warning: 'main' defined but not used [-Wunused-function]
  297 | int main(void)
      |     ^~~~
../Core/Src/main.c:252:13: warning: 'task_Tracking' defined but not used [-Wunused-function]
  252 | static void task_Tracking(void *pvParameters)
      |             ^~~~~~~~~~~~~
../Core/Src/main.c:50:22: warning: 'xRandomTimer' defined but not used [-Wunused-variable]
   50 | static TimerHandle_t xRandomTimer;
      |                      ^~~~~~~~~~~~
make: *** [Core/Src/subdir.mk:82: Core/Src/main.o] Error 1
"make -j12 all" terminated with exit code 2. Build might be incomplete.
17:17:19 **** Incremental Build of configuration Debug for project base_robot ****
make -j12 all 
arm-none-eabi-gcc "../Core/Src/main.c" -mcpu=cortex-m4 -std=gnu11 -g3 -DDEBUG -DUSE_HAL_DRIVER -DSTM32F411xE -c -I../Core/Inc -I../Drivers/STM32F4xx_HAL_Driver/Inc -I"/home/e2023/e3pennan/Documents/sen robot/robot_task/base_robot/micro_ros_stm32cubemx_utils/microros_static_library/libmicroros/microros_include" -I../Drivers/STM32F4xx_HAL_Driver/Inc/Legacy -I../Drivers/CMSIS/Device/ST/STM32F4xx/Include -I../Drivers/CMSIS/Include -I../Middlewares/Third_Party/FreeRTOS/Source/include -I../Middlewares/Third_Party/FreeRTOS/Source/CMSIS_RTOS_V2 -I../Middlewares/Third_Party/FreeRTOS/Source/portable/GCC/ARM_CM4F -O0 -ffunction-sections -fdata-sections -Wall -fstack-usage -MMD -MP -MF"Core/Src/main.d" -MT"Core/Src/main.o" --specs=nano.specs -mfpu=fpv4-sp-d16 -mfloat-abi=hard -mthumb -o "Core/Src/main.o"
../Core/Src/main.c: In function 'task_Sensor':
../Core/Src/main.c:98:17: warning: implicit declaration of function 'captDistIR_ToCm'; did you mean 'captDistIR_Get'? [-Wimplicit-function-declaration]
   98 |         distL = captDistIR_ToCm(tab_distIR[0]);
      |                 ^~~~~~~~~~~~~~~
      |                 captDistIR_Get
../Core/Src/main.c: In function 'task_Manual':
../Core/Src/main.c:171:21: warning: implicit declaration of function 'moveForward' [-Wimplicit-function-declaration]
  171 |                     moveForward(motorSpeed);
      |                     ^~~~~~~~~~~
../Core/Src/main.c:175:21: warning: implicit declaration of function 'moveBackward' [-Wimplicit-function-declaration]
  175 |                     moveBackward(motorSpeed);
      |                     ^~~~~~~~~~~~
../Core/Src/main.c:179:21: warning: implicit declaration of function 'turnLeft' [-Wimplicit-function-declaration]
  179 |                     turnLeft(motorSpeed);
      |                     ^~~~~~~~
../Core/Src/main.c:183:21: warning: implicit declaration of function 'turnRight' [-Wimplicit-function-declaration]
  183 |                     turnRight(motorSpeed);
      |                     ^~~~~~~~~
../Core/Src/main.c:187:21: warning: implicit declaration of function 'stop' [-Wimplicit-function-declaration]
  187 |                     stop();
      |                     ^~~~
../Core/Src/main.c: In function 'main':
../Core/Src/main.c:301:7: warning: unused variable 'tab_dist' [-Wunused-variable]
  301 |   int tab_dist[2];
      |       ^~~~~~~~
../Core/Src/main.c:300:7: warning: variable 'ret' set but not used [-Wunused-but-set-variable]
  300 |   int ret=0;
      |       ^~~
../Core/Src/main.c: At top level:
../Core/Src/main.c:51:13: warning: 'randomTimerCallback' declared 'static' but never defined [-Wunused-function]
   51 | static void randomTimerCallback(TimerHandle_t xTimer);
      |             ^~~~~~~~~~~~~~~~~~~
../Core/Src/main.c: In function 'microros_task':
../Core/Src/main.c:532:5: warning: ignoring return value of 'rcutils_set_default_allocator' declared with attribute 'warn_unused_result' [-Wunused-result]
  532 |     rcutils_set_default_allocator(&freeRTOS_allocator);
      |     ^~~~~~~~~~~~~~~~~~~~~~~~~~~~~~~~~~~~~~~~~~~~~~~~~~
../Core/Src/main.c:540:5: warning: ignoring return value of 'rcl_init_options_init' declared with attribute 'warn_unused_result' [-Wunused-result]
  540 |     rcl_init_options_init(
      |     ^~~~~~~~~~~~~~~~~~~~~~
  541 |         &init_options,
      |         ~~~~~~~~~~~~~~
  542 |         allocator
      |         ~~~~~~~~~
  543 |     );
      |     ~
../Core/Src/main.c:544:5: warning: ignoring return value of 'rcl_init_options_set_domain_id' declared with attribute 'warn_unused_result' [-Wunused-result]
  544 |     rcl_init_options_set_domain_id(
      |     ^~~~~~~~~~~~~~~~~~~~~~~~~~~~~~~
  545 |         &init_options,
      |         ~~~~~~~~~~~~~~
  546 |         ROS_DOMAIN_ID
      |         ~~~~~~~~~~~~~
  547 |     );
      |     ~
../Core/Src/main.c:676:9: warning: ignoring return value of 'rcl_publish' declared with attribute 'warn_unused_result' [-Wunused-result]
  676 |         rcl_publish(
      |         ^~~~~~~~~~~~
  677 |             &sensor_vl53_publisher,
      |             ~~~~~~~~~~~~~~~~~~~~~~~
  678 |             &sensor_vl53_msg,
      |             ~~~~~~~~~~~~~~~~~
  679 |             NULL
      |             ~~~~
  680 |         );
      |         ~
../Core/Src/main.c:683:9: warning: ignoring return value of 'rcl_publish' declared with attribute 'warn_unused_result' [-Wunused-result]
  683 |         rcl_publish(
      |         ^~~~~~~~~~~~
  684 |             &sensor_ir_left_publisher,
      |             ~~~~~~~~~~~~~~~~~~~~~~~~~~
  685 |             &sensor_ir_left_msg,
      |             ~~~~~~~~~~~~~~~~~~~~
  686 |             NULL
      |             ~~~~
  687 |         );
      |         ~
../Core/Src/main.c:690:9: warning: ignoring return value of 'rcl_publish' declared with attribute 'warn_unused_result' [-Wunused-result]
  690 |         rcl_publish(
      |         ^~~~~~~~~~~~
  691 |             &sensor_ir_right_publisher,
      |             ~~~~~~~~~~~~~~~~~~~~~~~~~~~
  692 |             &sensor_ir_right_msg,
      |             ~~~~~~~~~~~~~~~~~~~~~
  693 |             NULL
      |             ~~~~
  694 |         );
      |         ~
At top level:
../Core/Src/main.c:253:13: warning: 'task_Tracking' defined but not used [-Wunused-function]
  253 | static void task_Tracking(void *pvParameters)
      |             ^~~~~~~~~~~~~
../Core/Src/main.c:50:22: warning: 'xRandomTimer' defined but not used [-Wunused-variable]
   50 | static TimerHandle_t xRandomTimer;
      |                      ^~~~~~~~~~~~
arm-none-eabi-gcc -o "base_robot.elf" @"objects.list"  -lmicroros -mcpu=cortex-m4 -T"/home/e2023/e3pennan/Documents/sen robot/robot_task/base_robot/STM32F411RETX_FLASH.ld" --specs=nosys.specs -Wl,-Map="base_robot.map" -Wl,--gc-sections -static -L"/home/e2023/e3pennan/Documents/sen robot/robot_task/base_robot/micro_ros_stm32cubemx_utils/microros_static_library/libmicroros" --specs=nano.specs -mfpu=fpv4-sp-d16 -mfloat-abi=hard -mthumb -u _printf_float -u _scanf_float -Wl,--start-group -lc -lm -Wl,--end-group
Finished building target: base_robot.elf
 
arm-none-eabi-size   base_robot.elf 
arm-none-eabi-objdump -h -S  base_robot.elf  > "base_robot.list"
   text	   data	    bss	    dec	    hex	filename
 128808	    656	  60544	 190008	  2e638	base_robot.elf
Finished building: default.size.stdout
 
Finished building: base_robot.list
 
17:18:56 **** Incremental Build of configuration Debug for project base_robot ****
make -j12 all 
arm-none-eabi-gcc "../Core/Src/main.c" -mcpu=cortex-m4 -std=gnu11 -g3 -DDEBUG -DUSE_HAL_DRIVER -DSTM32F411xE -c -I../Core/Inc -I../Drivers/STM32F4xx_HAL_Driver/Inc -I"/home/e2023/e3pennan/Documents/sen robot/robot_task/base_robot/micro_ros_stm32cubemx_utils/microros_static_library/libmicroros/microros_include" -I../Drivers/STM32F4xx_HAL_Driver/Inc/Legacy -I../Drivers/CMSIS/Device/ST/STM32F4xx/Include -I../Drivers/CMSIS/Include -I../Middlewares/Third_Party/FreeRTOS/Source/include -I../Middlewares/Third_Party/FreeRTOS/Source/CMSIS_RTOS_V2 -I../Middlewares/Third_Party/FreeRTOS/Source/portable/GCC/ARM_CM4F -O0 -ffunction-sections -fdata-sections -Wall -fstack-usage -MMD -MP -MF"Core/Src/main.d" -MT"Core/Src/main.o" --specs=nano.specs -mfpu=fpv4-sp-d16 -mfloat-abi=hard -mthumb -o "Core/Src/main.o"
../Core/Src/main.c: In function 'task_Sensor':
../Core/Src/main.c:98:17: warning: implicit declaration of function 'captDistIR_ToCm'; did you mean 'captDistIR_Get'? [-Wimplicit-function-declaration]
   98 |         distL = captDistIR_ToCm(tab_distIR[0]);
      |                 ^~~~~~~~~~~~~~~
      |                 captDistIR_Get
../Core/Src/main.c:129:19: warning: unused variable 'cmd' [-Wunused-variable]
  129 |              char cmd;
      |                   ^~~
../Core/Src/main.c: In function 'task_Manual':
../Core/Src/main.c:187:21: warning: implicit declaration of function 'moveForward' [-Wimplicit-function-declaration]
  187 |                     moveForward(motorSpeed);
      |                     ^~~~~~~~~~~
../Core/Src/main.c:191:21: warning: implicit declaration of function 'moveBackward' [-Wimplicit-function-declaration]
  191 |                     moveBackward(motorSpeed);
      |                     ^~~~~~~~~~~~
../Core/Src/main.c:195:21: warning: implicit declaration of function 'turnLeft' [-Wimplicit-function-declaration]
  195 |                     turnLeft(motorSpeed);
      |                     ^~~~~~~~
../Core/Src/main.c:199:21: warning: implicit declaration of function 'turnRight' [-Wimplicit-function-declaration]
  199 |                     turnRight(motorSpeed);
      |                     ^~~~~~~~~
../Core/Src/main.c:203:21: warning: implicit declaration of function 'stop' [-Wimplicit-function-declaration]
  203 |                     stop();
      |                     ^~~~
../Core/Src/main.c: In function 'main':
../Core/Src/main.c:317:7: warning: unused variable 'tab_dist' [-Wunused-variable]
  317 |   int tab_dist[2];
      |       ^~~~~~~~
../Core/Src/main.c:316:7: warning: variable 'ret' set but not used [-Wunused-but-set-variable]
  316 |   int ret=0;
      |       ^~~
../Core/Src/main.c: At top level:
../Core/Src/main.c:51:13: warning: 'randomTimerCallback' declared 'static' but never defined [-Wunused-function]
   51 | static void randomTimerCallback(TimerHandle_t xTimer);
      |             ^~~~~~~~~~~~~~~~~~~
../Core/Src/main.c: In function 'microros_task':
../Core/Src/main.c:548:5: warning: ignoring return value of 'rcutils_set_default_allocator' declared with attribute 'warn_unused_result' [-Wunused-result]
  548 |     rcutils_set_default_allocator(&freeRTOS_allocator);
      |     ^~~~~~~~~~~~~~~~~~~~~~~~~~~~~~~~~~~~~~~~~~~~~~~~~~
../Core/Src/main.c:556:5: warning: ignoring return value of 'rcl_init_options_init' declared with attribute 'warn_unused_result' [-Wunused-result]
  556 |     rcl_init_options_init(
      |     ^~~~~~~~~~~~~~~~~~~~~~
  557 |         &init_options,
      |         ~~~~~~~~~~~~~~
  558 |         allocator
      |         ~~~~~~~~~
  559 |     );
      |     ~
../Core/Src/main.c:560:5: warning: ignoring return value of 'rcl_init_options_set_domain_id' declared with attribute 'warn_unused_result' [-Wunused-result]
  560 |     rcl_init_options_set_domain_id(
      |     ^~~~~~~~~~~~~~~~~~~~~~~~~~~~~~~
  561 |         &init_options,
      |         ~~~~~~~~~~~~~~
  562 |         ROS_DOMAIN_ID
      |         ~~~~~~~~~~~~~
  563 |     );
      |     ~
../Core/Src/main.c:692:9: warning: ignoring return value of 'rcl_publish' declared with attribute 'warn_unused_result' [-Wunused-result]
  692 |         rcl_publish(
      |         ^~~~~~~~~~~~
  693 |             &sensor_vl53_publisher,
      |             ~~~~~~~~~~~~~~~~~~~~~~~
  694 |             &sensor_vl53_msg,
      |             ~~~~~~~~~~~~~~~~~
  695 |             NULL
      |             ~~~~
  696 |         );
      |         ~
../Core/Src/main.c:699:9: warning: ignoring return value of 'rcl_publish' declared with attribute 'warn_unused_result' [-Wunused-result]
  699 |         rcl_publish(
      |         ^~~~~~~~~~~~
  700 |             &sensor_ir_left_publisher,
      |             ~~~~~~~~~~~~~~~~~~~~~~~~~~
  701 |             &sensor_ir_left_msg,
      |             ~~~~~~~~~~~~~~~~~~~~
  702 |             NULL
      |             ~~~~
  703 |         );
      |         ~
../Core/Src/main.c:706:9: warning: ignoring return value of 'rcl_publish' declared with attribute 'warn_unused_result' [-Wunused-result]
  706 |         rcl_publish(
      |         ^~~~~~~~~~~~
  707 |             &sensor_ir_right_publisher,
      |             ~~~~~~~~~~~~~~~~~~~~~~~~~~~
  708 |             &sensor_ir_right_msg,
      |             ~~~~~~~~~~~~~~~~~~~~~
  709 |             NULL
      |             ~~~~
  710 |         );
      |         ~
At top level:
../Core/Src/main.c:269:13: warning: 'task_Tracking' defined but not used [-Wunused-function]
  269 | static void task_Tracking(void *pvParameters)
      |             ^~~~~~~~~~~~~
../Core/Src/main.c:80:13: warning: 'lastObstacleCmd' defined but not used [-Wunused-variable]
   80 | static char lastObstacleCmd = 0;
      |             ^~~~~~~~~~~~~~~
../Core/Src/main.c:50:22: warning: 'xRandomTimer' defined but not used [-Wunused-variable]
   50 | static TimerHandle_t xRandomTimer;
      |                      ^~~~~~~~~~~~
arm-none-eabi-gcc -o "base_robot.elf" @"objects.list"  -lmicroros -mcpu=cortex-m4 -T"/home/e2023/e3pennan/Documents/sen robot/robot_task/base_robot/STM32F411RETX_FLASH.ld" --specs=nosys.specs -Wl,-Map="base_robot.map" -Wl,--gc-sections -static -L"/home/e2023/e3pennan/Documents/sen robot/robot_task/base_robot/micro_ros_stm32cubemx_utils/microros_static_library/libmicroros" --specs=nano.specs -mfpu=fpv4-sp-d16 -mfloat-abi=hard -mthumb -u _printf_float -u _scanf_float -Wl,--start-group -lc -lm -Wl,--end-group
Finished building target: base_robot.elf
 
arm-none-eabi-size   base_robot.elf 
arm-none-eabi-objdump -h -S  base_robot.elf  > "base_robot.list"
   text	   data	    bss	    dec	    hex	filename
 128840	    656	  60544	 190040	  2e658	base_robot.elf
Finished building: default.size.stdout
 
Finished building: base_robot.list
 
17:21:41 **** Incremental Build of configuration Debug for project base_robot ****
make -j12 all 
arm-none-eabi-gcc "../Core/Src/main.c" -mcpu=cortex-m4 -std=gnu11 -g3 -DDEBUG -DUSE_HAL_DRIVER -DSTM32F411xE -c -I../Core/Inc -I../Drivers/STM32F4xx_HAL_Driver/Inc -I"/home/e2023/e3pennan/Documents/sen robot/robot_task/base_robot/micro_ros_stm32cubemx_utils/microros_static_library/libmicroros/microros_include" -I../Drivers/STM32F4xx_HAL_Driver/Inc/Legacy -I../Drivers/CMSIS/Device/ST/STM32F4xx/Include -I../Drivers/CMSIS/Include -I../Middlewares/Third_Party/FreeRTOS/Source/include -I../Middlewares/Third_Party/FreeRTOS/Source/CMSIS_RTOS_V2 -I../Middlewares/Third_Party/FreeRTOS/Source/portable/GCC/ARM_CM4F -O0 -ffunction-sections -fdata-sections -Wall -fstack-usage -MMD -MP -MF"Core/Src/main.d" -MT"Core/Src/main.o" --specs=nano.specs -mfpu=fpv4-sp-d16 -mfloat-abi=hard -mthumb -o "Core/Src/main.o"
../Core/Src/main.c: In function 'task_Sensor':
../Core/Src/main.c:98:17: warning: implicit declaration of function 'captDistIR_ToCm'; did you mean 'captDistIR_Get'? [-Wimplicit-function-declaration]
   98 |         distL = captDistIR_ToCm(tab_distIR[0]);
      |                 ^~~~~~~~~~~~~~~
      |                 captDistIR_Get
../Core/Src/main.c:129:19: warning: unused variable 'cmd' [-Wunused-variable]
  129 |              char cmd;
      |                   ^~~
../Core/Src/main.c: In function 'task_Manual':
../Core/Src/main.c:185:21: warning: implicit declaration of function 'moveForward' [-Wimplicit-function-declaration]
  185 |                     moveForward(motorSpeed);
      |                     ^~~~~~~~~~~
../Core/Src/main.c:189:21: warning: implicit declaration of function 'moveBackward' [-Wimplicit-function-declaration]
  189 |                     moveBackward(motorSpeed);
      |                     ^~~~~~~~~~~~
../Core/Src/main.c:193:21: warning: implicit declaration of function 'turnLeft' [-Wimplicit-function-declaration]
  193 |                     turnLeft(motorSpeed);
      |                     ^~~~~~~~
../Core/Src/main.c:197:21: warning: implicit declaration of function 'turnRight' [-Wimplicit-function-declaration]
  197 |                     turnRight(motorSpeed);
      |                     ^~~~~~~~~
../Core/Src/main.c:201:21: warning: implicit declaration of function 'stop' [-Wimplicit-function-declaration]
  201 |                     stop();
      |                     ^~~~
../Core/Src/main.c: In function 'main':
../Core/Src/main.c:315:7: warning: unused variable 'tab_dist' [-Wunused-variable]
  315 |   int tab_dist[2];
      |       ^~~~~~~~
../Core/Src/main.c:314:7: warning: variable 'ret' set but not used [-Wunused-but-set-variable]
  314 |   int ret=0;
      |       ^~~
../Core/Src/main.c: At top level:
../Core/Src/main.c:51:13: warning: 'randomTimerCallback' declared 'static' but never defined [-Wunused-function]
   51 | static void randomTimerCallback(TimerHandle_t xTimer);
      |             ^~~~~~~~~~~~~~~~~~~
../Core/Src/main.c: In function 'microros_task':
../Core/Src/main.c:546:5: warning: ignoring return value of 'rcutils_set_default_allocator' declared with attribute 'warn_unused_result' [-Wunused-result]
  546 |     rcutils_set_default_allocator(&freeRTOS_allocator);
      |     ^~~~~~~~~~~~~~~~~~~~~~~~~~~~~~~~~~~~~~~~~~~~~~~~~~
../Core/Src/main.c:554:5: warning: ignoring return value of 'rcl_init_options_init' declared with attribute 'warn_unused_result' [-Wunused-result]
  554 |     rcl_init_options_init(
      |     ^~~~~~~~~~~~~~~~~~~~~~
  555 |         &init_options,
      |         ~~~~~~~~~~~~~~
  556 |         allocator
      |         ~~~~~~~~~
  557 |     );
      |     ~
../Core/Src/main.c:558:5: warning: ignoring return value of 'rcl_init_options_set_domain_id' declared with attribute 'warn_unused_result' [-Wunused-result]
  558 |     rcl_init_options_set_domain_id(
      |     ^~~~~~~~~~~~~~~~~~~~~~~~~~~~~~~
  559 |         &init_options,
      |         ~~~~~~~~~~~~~~
  560 |         ROS_DOMAIN_ID
      |         ~~~~~~~~~~~~~
  561 |     );
      |     ~
../Core/Src/main.c:690:9: warning: ignoring return value of 'rcl_publish' declared with attribute 'warn_unused_result' [-Wunused-result]
  690 |         rcl_publish(
      |         ^~~~~~~~~~~~
  691 |             &sensor_vl53_publisher,
      |             ~~~~~~~~~~~~~~~~~~~~~~~
  692 |             &sensor_vl53_msg,
      |             ~~~~~~~~~~~~~~~~~
  693 |             NULL
      |             ~~~~
  694 |         );
      |         ~
../Core/Src/main.c:697:9: warning: ignoring return value of 'rcl_publish' declared with attribute 'warn_unused_result' [-Wunused-result]
  697 |         rcl_publish(
      |         ^~~~~~~~~~~~
  698 |             &sensor_ir_left_publisher,
      |             ~~~~~~~~~~~~~~~~~~~~~~~~~~
  699 |             &sensor_ir_left_msg,
      |             ~~~~~~~~~~~~~~~~~~~~
  700 |             NULL
      |             ~~~~
  701 |         );
      |         ~
../Core/Src/main.c:704:9: warning: ignoring return value of 'rcl_publish' declared with attribute 'warn_unused_result' [-Wunused-result]
  704 |         rcl_publish(
      |         ^~~~~~~~~~~~
  705 |             &sensor_ir_right_publisher,
      |             ~~~~~~~~~~~~~~~~~~~~~~~~~~~
  706 |             &sensor_ir_right_msg,
      |             ~~~~~~~~~~~~~~~~~~~~~
  707 |             NULL
      |             ~~~~
  708 |         );
      |         ~
At top level:
../Core/Src/main.c:267:13: warning: 'task_Tracking' defined but not used [-Wunused-function]
  267 | static void task_Tracking(void *pvParameters)
      |             ^~~~~~~~~~~~~
../Core/Src/main.c:80:13: warning: 'lastObstacleCmd' defined but not used [-Wunused-variable]
   80 | static char lastObstacleCmd = 0;
      |             ^~~~~~~~~~~~~~~
../Core/Src/main.c:50:22: warning: 'xRandomTimer' defined but not used [-Wunused-variable]
   50 | static TimerHandle_t xRandomTimer;
      |                      ^~~~~~~~~~~~
arm-none-eabi-gcc -o "base_robot.elf" @"objects.list"  -lmicroros -mcpu=cortex-m4 -T"/home/e2023/e3pennan/Documents/sen robot/robot_task/base_robot/STM32F411RETX_FLASH.ld" --specs=nosys.specs -Wl,-Map="base_robot.map" -Wl,--gc-sections -static -L"/home/e2023/e3pennan/Documents/sen robot/robot_task/base_robot/micro_ros_stm32cubemx_utils/microros_static_library/libmicroros" --specs=nano.specs -mfpu=fpv4-sp-d16 -mfloat-abi=hard -mthumb -u _printf_float -u _scanf_float -Wl,--start-group -lc -lm -Wl,--end-group
Finished building target: base_robot.elf
 
arm-none-eabi-size   base_robot.elf 
arm-none-eabi-objdump -h -S  base_robot.elf  > "base_robot.list"
   text	   data	    bss	    dec	    hex	filename
 128808	    656	  60544	 190008	  2e638	base_robot.elf
Finished building: default.size.stdout
 
Finished building: base_robot.list
 
17:22:53 **** Incremental Build of configuration Debug for project base_robot ****
make -j12 all 
arm-none-eabi-gcc "../Core/Src/main.c" -mcpu=cortex-m4 -std=gnu11 -g3 -DDEBUG -DUSE_HAL_DRIVER -DSTM32F411xE -c -I../Core/Inc -I../Drivers/STM32F4xx_HAL_Driver/Inc -I"/home/e2023/e3pennan/Documents/sen robot/robot_task/base_robot/micro_ros_stm32cubemx_utils/microros_static_library/libmicroros/microros_include" -I../Drivers/STM32F4xx_HAL_Driver/Inc/Legacy -I../Drivers/CMSIS/Device/ST/STM32F4xx/Include -I../Drivers/CMSIS/Include -I../Middlewares/Third_Party/FreeRTOS/Source/include -I../Middlewares/Third_Party/FreeRTOS/Source/CMSIS_RTOS_V2 -I../Middlewares/Third_Party/FreeRTOS/Source/portable/GCC/ARM_CM4F -O0 -ffunction-sections -fdata-sections -Wall -fstack-usage -MMD -MP -MF"Core/Src/main.d" -MT"Core/Src/main.o" --specs=nano.specs -mfpu=fpv4-sp-d16 -mfloat-abi=hard -mthumb -o "Core/Src/main.o"
../Core/Src/main.c: In function 'task_Sensor':
../Core/Src/main.c:98:17: warning: implicit declaration of function 'captDistIR_ToCm'; did you mean 'captDistIR_Get'? [-Wimplicit-function-declaration]
   98 |         distL = captDistIR_ToCm(tab_distIR[0]);
      |                 ^~~~~~~~~~~~~~~
      |                 captDistIR_Get
../Core/Src/main.c:129:19: warning: unused variable 'cmd' [-Wunused-variable]
  129 |              char cmd;
      |                   ^~~
../Core/Src/main.c: In function 'task_Manual':
../Core/Src/main.c:185:21: warning: implicit declaration of function 'moveForward' [-Wimplicit-function-declaration]
  185 |                     moveForward(motorSpeed);
      |                     ^~~~~~~~~~~
../Core/Src/main.c:189:21: warning: implicit declaration of function 'moveBackward' [-Wimplicit-function-declaration]
  189 |                     moveBackward(motorSpeed);
      |                     ^~~~~~~~~~~~
../Core/Src/main.c:193:21: warning: implicit declaration of function 'turnLeft' [-Wimplicit-function-declaration]
  193 |                     turnLeft(motorSpeed);
      |                     ^~~~~~~~
../Core/Src/main.c:197:21: warning: implicit declaration of function 'turnRight' [-Wimplicit-function-declaration]
  197 |                     turnRight(motorSpeed);
      |                     ^~~~~~~~~
../Core/Src/main.c:201:21: warning: implicit declaration of function 'stop' [-Wimplicit-function-declaration]
  201 |                     stop();
      |                     ^~~~
../Core/Src/main.c: In function 'main':
../Core/Src/main.c:315:7: warning: unused variable 'tab_dist' [-Wunused-variable]
  315 |   int tab_dist[2];
      |       ^~~~~~~~
../Core/Src/main.c:314:7: warning: variable 'ret' set but not used [-Wunused-but-set-variable]
  314 |   int ret=0;
      |       ^~~
../Core/Src/main.c: At top level:
../Core/Src/main.c:51:13: warning: 'randomTimerCallback' declared 'static' but never defined [-Wunused-function]
   51 | static void randomTimerCallback(TimerHandle_t xTimer);
      |             ^~~~~~~~~~~~~~~~~~~
../Core/Src/main.c: In function 'microros_task':
../Core/Src/main.c:546:5: warning: ignoring return value of 'rcutils_set_default_allocator' declared with attribute 'warn_unused_result' [-Wunused-result]
  546 |     rcutils_set_default_allocator(&freeRTOS_allocator);
      |     ^~~~~~~~~~~~~~~~~~~~~~~~~~~~~~~~~~~~~~~~~~~~~~~~~~
../Core/Src/main.c:554:5: warning: ignoring return value of 'rcl_init_options_init' declared with attribute 'warn_unused_result' [-Wunused-result]
  554 |     rcl_init_options_init(
      |     ^~~~~~~~~~~~~~~~~~~~~~
  555 |         &init_options,
      |         ~~~~~~~~~~~~~~
  556 |         allocator
      |         ~~~~~~~~~
  557 |     );
      |     ~
../Core/Src/main.c:558:5: warning: ignoring return value of 'rcl_init_options_set_domain_id' declared with attribute 'warn_unused_result' [-Wunused-result]
  558 |     rcl_init_options_set_domain_id(
      |     ^~~~~~~~~~~~~~~~~~~~~~~~~~~~~~~
  559 |         &init_options,
      |         ~~~~~~~~~~~~~~
  560 |         ROS_DOMAIN_ID
      |         ~~~~~~~~~~~~~
  561 |     );
      |     ~
../Core/Src/main.c:690:9: warning: ignoring return value of 'rcl_publish' declared with attribute 'warn_unused_result' [-Wunused-result]
  690 |         rcl_publish(
      |         ^~~~~~~~~~~~
  691 |             &sensor_vl53_publisher,
      |             ~~~~~~~~~~~~~~~~~~~~~~~
  692 |             &sensor_vl53_msg,
      |             ~~~~~~~~~~~~~~~~~
  693 |             NULL
      |             ~~~~
  694 |         );
      |         ~
../Core/Src/main.c:697:9: warning: ignoring return value of 'rcl_publish' declared with attribute 'warn_unused_result' [-Wunused-result]
  697 |         rcl_publish(
      |         ^~~~~~~~~~~~
  698 |             &sensor_ir_left_publisher,
      |             ~~~~~~~~~~~~~~~~~~~~~~~~~~
  699 |             &sensor_ir_left_msg,
      |             ~~~~~~~~~~~~~~~~~~~~
  700 |             NULL
      |             ~~~~
  701 |         );
      |         ~
../Core/Src/main.c:704:9: warning: ignoring return value of 'rcl_publish' declared with attribute 'warn_unused_result' [-Wunused-result]
  704 |         rcl_publish(
      |         ^~~~~~~~~~~~
  705 |             &sensor_ir_right_publisher,
      |             ~~~~~~~~~~~~~~~~~~~~~~~~~~~
  706 |             &sensor_ir_right_msg,
      |             ~~~~~~~~~~~~~~~~~~~~~
  707 |             NULL
      |             ~~~~
  708 |         );
      |         ~
At top level:
../Core/Src/main.c:267:13: warning: 'task_Tracking' defined but not used [-Wunused-function]
  267 | static void task_Tracking(void *pvParameters)
      |             ^~~~~~~~~~~~~
../Core/Src/main.c:80:13: warning: 'lastObstacleCmd' defined but not used [-Wunused-variable]
   80 | static char lastObstacleCmd = 0;
      |             ^~~~~~~~~~~~~~~
../Core/Src/main.c:50:22: warning: 'xRandomTimer' defined but not used [-Wunused-variable]
   50 | static TimerHandle_t xRandomTimer;
      |                      ^~~~~~~~~~~~
arm-none-eabi-gcc -o "base_robot.elf" @"objects.list"  -lmicroros -mcpu=cortex-m4 -T"/home/e2023/e3pennan/Documents/sen robot/robot_task/base_robot/STM32F411RETX_FLASH.ld" --specs=nosys.specs -Wl,-Map="base_robot.map" -Wl,--gc-sections -static -L"/home/e2023/e3pennan/Documents/sen robot/robot_task/base_robot/micro_ros_stm32cubemx_utils/microros_static_library/libmicroros" --specs=nano.specs -mfpu=fpv4-sp-d16 -mfloat-abi=hard -mthumb -u _printf_float -u _scanf_float -Wl,--start-group -lc -lm -Wl,--end-group
Finished building target: base_robot.elf
 
arm-none-eabi-size   base_robot.elf 
arm-none-eabi-objdump -h -S  base_robot.elf  > "base_robot.list"
   text	   data	    bss	    dec	    hex	filename
 128808	    656	  60544	 190008	  2e638	base_robot.elf
Finished building: default.size.stdout
 
Finished building: base_robot.list
 
17:24:23 **** Incremental Build of configuration Debug for project base_robot ****
make -j12 all 
arm-none-eabi-gcc "../Core/Src/main.c" -mcpu=cortex-m4 -std=gnu11 -g3 -DDEBUG -DUSE_HAL_DRIVER -DSTM32F411xE -c -I../Core/Inc -I../Drivers/STM32F4xx_HAL_Driver/Inc -I"/home/e2023/e3pennan/Documents/sen robot/robot_task/base_robot/micro_ros_stm32cubemx_utils/microros_static_library/libmicroros/microros_include" -I../Drivers/STM32F4xx_HAL_Driver/Inc/Legacy -I../Drivers/CMSIS/Device/ST/STM32F4xx/Include -I../Drivers/CMSIS/Include -I../Middlewares/Third_Party/FreeRTOS/Source/include -I../Middlewares/Third_Party/FreeRTOS/Source/CMSIS_RTOS_V2 -I../Middlewares/Third_Party/FreeRTOS/Source/portable/GCC/ARM_CM4F -O0 -ffunction-sections -fdata-sections -Wall -fstack-usage -MMD -MP -MF"Core/Src/main.d" -MT"Core/Src/main.o" --specs=nano.specs -mfpu=fpv4-sp-d16 -mfloat-abi=hard -mthumb -o "Core/Src/main.o"
../Core/Src/main.c: In function 'task_Sensor':
../Core/Src/main.c:98:17: warning: implicit declaration of function 'captDistIR_ToCm'; did you mean 'captDistIR_Get'? [-Wimplicit-function-declaration]
   98 |         distL = captDistIR_ToCm(tab_distIR[0]);
      |                 ^~~~~~~~~~~~~~~
      |                 captDistIR_Get
../Core/Src/main.c:129:19: warning: unused variable 'cmd' [-Wunused-variable]
  129 |              char cmd;
      |                   ^~~
../Core/Src/main.c: In function 'task_Manual':
../Core/Src/main.c:185:21: warning: implicit declaration of function 'moveForward' [-Wimplicit-function-declaration]
  185 |                     moveForward(motorSpeed);
      |                     ^~~~~~~~~~~
../Core/Src/main.c:189:21: warning: implicit declaration of function 'moveBackward' [-Wimplicit-function-declaration]
  189 |                     moveBackward(motorSpeed);
      |                     ^~~~~~~~~~~~
../Core/Src/main.c:193:21: warning: implicit declaration of function 'turnLeft' [-Wimplicit-function-declaration]
  193 |                     turnLeft(motorSpeed);
      |                     ^~~~~~~~
../Core/Src/main.c:197:21: warning: implicit declaration of function 'turnRight' [-Wimplicit-function-declaration]
  197 |                     turnRight(motorSpeed);
      |                     ^~~~~~~~~
../Core/Src/main.c:201:21: warning: implicit declaration of function 'stop' [-Wimplicit-function-declaration]
  201 |                     stop();
      |                     ^~~~
../Core/Src/main.c: In function 'main':
../Core/Src/main.c:315:7: warning: unused variable 'tab_dist' [-Wunused-variable]
  315 |   int tab_dist[2];
      |       ^~~~~~~~
../Core/Src/main.c:314:7: warning: variable 'ret' set but not used [-Wunused-but-set-variable]
  314 |   int ret=0;
      |       ^~~
../Core/Src/main.c: At top level:
../Core/Src/main.c:51:13: warning: 'randomTimerCallback' declared 'static' but never defined [-Wunused-function]
   51 | static void randomTimerCallback(TimerHandle_t xTimer);
      |             ^~~~~~~~~~~~~~~~~~~
../Core/Src/main.c: In function 'microros_task':
../Core/Src/main.c:546:5: warning: ignoring return value of 'rcutils_set_default_allocator' declared with attribute 'warn_unused_result' [-Wunused-result]
  546 |     rcutils_set_default_allocator(&freeRTOS_allocator);
      |     ^~~~~~~~~~~~~~~~~~~~~~~~~~~~~~~~~~~~~~~~~~~~~~~~~~
../Core/Src/main.c:554:5: warning: ignoring return value of 'rcl_init_options_init' declared with attribute 'warn_unused_result' [-Wunused-result]
  554 |     rcl_init_options_init(
      |     ^~~~~~~~~~~~~~~~~~~~~~
  555 |         &init_options,
      |         ~~~~~~~~~~~~~~
  556 |         allocator
      |         ~~~~~~~~~
  557 |     );
      |     ~
../Core/Src/main.c:558:5: warning: ignoring return value of 'rcl_init_options_set_domain_id' declared with attribute 'warn_unused_result' [-Wunused-result]
  558 |     rcl_init_options_set_domain_id(
      |     ^~~~~~~~~~~~~~~~~~~~~~~~~~~~~~~
  559 |         &init_options,
      |         ~~~~~~~~~~~~~~
  560 |         ROS_DOMAIN_ID
      |         ~~~~~~~~~~~~~
  561 |     );
      |     ~
../Core/Src/main.c:690:9: warning: ignoring return value of 'rcl_publish' declared with attribute 'warn_unused_result' [-Wunused-result]
  690 |         rcl_publish(
      |         ^~~~~~~~~~~~
  691 |             &sensor_vl53_publisher,
      |             ~~~~~~~~~~~~~~~~~~~~~~~
  692 |             &sensor_vl53_msg,
      |             ~~~~~~~~~~~~~~~~~
  693 |             NULL
      |             ~~~~
  694 |         );
      |         ~
../Core/Src/main.c:697:9: warning: ignoring return value of 'rcl_publish' declared with attribute 'warn_unused_result' [-Wunused-result]
  697 |         rcl_publish(
      |         ^~~~~~~~~~~~
  698 |             &sensor_ir_left_publisher,
      |             ~~~~~~~~~~~~~~~~~~~~~~~~~~
  699 |             &sensor_ir_left_msg,
      |             ~~~~~~~~~~~~~~~~~~~~
  700 |             NULL
      |             ~~~~
  701 |         );
      |         ~
../Core/Src/main.c:704:9: warning: ignoring return value of 'rcl_publish' declared with attribute 'warn_unused_result' [-Wunused-result]
  704 |         rcl_publish(
      |         ^~~~~~~~~~~~
  705 |             &sensor_ir_right_publisher,
      |             ~~~~~~~~~~~~~~~~~~~~~~~~~~~
  706 |             &sensor_ir_right_msg,
      |             ~~~~~~~~~~~~~~~~~~~~~
  707 |             NULL
      |             ~~~~
  708 |         );
      |         ~
At top level:
../Core/Src/main.c:267:13: warning: 'task_Tracking' defined but not used [-Wunused-function]
  267 | static void task_Tracking(void *pvParameters)
      |             ^~~~~~~~~~~~~
../Core/Src/main.c:80:13: warning: 'lastObstacleCmd' defined but not used [-Wunused-variable]
   80 | static char lastObstacleCmd = 0;
      |             ^~~~~~~~~~~~~~~
../Core/Src/main.c:50:22: warning: 'xRandomTimer' defined but not used [-Wunused-variable]
   50 | static TimerHandle_t xRandomTimer;
      |                      ^~~~~~~~~~~~
arm-none-eabi-gcc -o "base_robot.elf" @"objects.list"  -lmicroros -mcpu=cortex-m4 -T"/home/e2023/e3pennan/Documents/sen robot/robot_task/base_robot/STM32F411RETX_FLASH.ld" --specs=nosys.specs -Wl,-Map="base_robot.map" -Wl,--gc-sections -static -L"/home/e2023/e3pennan/Documents/sen robot/robot_task/base_robot/micro_ros_stm32cubemx_utils/microros_static_library/libmicroros" --specs=nano.specs -mfpu=fpv4-sp-d16 -mfloat-abi=hard -mthumb -u _printf_float -u _scanf_float -Wl,--start-group -lc -lm -Wl,--end-group
Finished building target: base_robot.elf
 
arm-none-eabi-size   base_robot.elf 
arm-none-eabi-objdump -h -S  base_robot.elf  > "base_robot.list"
   text	   data	    bss	    dec	    hex	filename
 128792	    656	  60544	 189992	  2e628	base_robot.elf
Finished building: default.size.stdout
 
Finished building: base_robot.list
 
17:25:26 **** Incremental Build of configuration Debug for project base_robot ****
make -j12 all 
arm-none-eabi-gcc "../Core/Src/main.c" -mcpu=cortex-m4 -std=gnu11 -g3 -DDEBUG -DUSE_HAL_DRIVER -DSTM32F411xE -c -I../Core/Inc -I../Drivers/STM32F4xx_HAL_Driver/Inc -I"/home/e2023/e3pennan/Documents/sen robot/robot_task/base_robot/micro_ros_stm32cubemx_utils/microros_static_library/libmicroros/microros_include" -I../Drivers/STM32F4xx_HAL_Driver/Inc/Legacy -I../Drivers/CMSIS/Device/ST/STM32F4xx/Include -I../Drivers/CMSIS/Include -I../Middlewares/Third_Party/FreeRTOS/Source/include -I../Middlewares/Third_Party/FreeRTOS/Source/CMSIS_RTOS_V2 -I../Middlewares/Third_Party/FreeRTOS/Source/portable/GCC/ARM_CM4F -O0 -ffunction-sections -fdata-sections -Wall -fstack-usage -MMD -MP -MF"Core/Src/main.d" -MT"Core/Src/main.o" --specs=nano.specs -mfpu=fpv4-sp-d16 -mfloat-abi=hard -mthumb -o "Core/Src/main.o"
../Core/Src/main.c: In function 'task_Sensor':
../Core/Src/main.c:98:17: warning: implicit declaration of function 'captDistIR_ToCm'; did you mean 'captDistIR_Get'? [-Wimplicit-function-declaration]
   98 |         distL = captDistIR_ToCm(tab_distIR[0]);
      |                 ^~~~~~~~~~~~~~~
      |                 captDistIR_Get
../Core/Src/main.c:129:19: warning: unused variable 'cmd' [-Wunused-variable]
  129 |              char cmd;
      |                   ^~~
../Core/Src/main.c: In function 'task_Manual':
../Core/Src/main.c:185:21: warning: implicit declaration of function 'moveForward' [-Wimplicit-function-declaration]
  185 |                     moveForward(motorSpeed);
      |                     ^~~~~~~~~~~
../Core/Src/main.c:189:21: warning: implicit declaration of function 'moveBackward' [-Wimplicit-function-declaration]
  189 |                     moveBackward(motorSpeed);
      |                     ^~~~~~~~~~~~
../Core/Src/main.c:193:21: warning: implicit declaration of function 'turnLeft' [-Wimplicit-function-declaration]
  193 |                     turnLeft(motorSpeed);
      |                     ^~~~~~~~
../Core/Src/main.c:197:21: warning: implicit declaration of function 'turnRight' [-Wimplicit-function-declaration]
  197 |                     turnRight(motorSpeed);
      |                     ^~~~~~~~~
../Core/Src/main.c:201:21: warning: implicit declaration of function 'stop' [-Wimplicit-function-declaration]
  201 |                     stop();
      |                     ^~~~
../Core/Src/main.c: In function 'main':
../Core/Src/main.c:315:7: warning: unused variable 'tab_dist' [-Wunused-variable]
  315 |   int tab_dist[2];
      |       ^~~~~~~~
../Core/Src/main.c:314:7: warning: variable 'ret' set but not used [-Wunused-but-set-variable]
  314 |   int ret=0;
      |       ^~~
../Core/Src/main.c: At top level:
../Core/Src/main.c:51:13: warning: 'randomTimerCallback' declared 'static' but never defined [-Wunused-function]
   51 | static void randomTimerCallback(TimerHandle_t xTimer);
      |             ^~~~~~~~~~~~~~~~~~~
../Core/Src/main.c: In function 'microros_task':
../Core/Src/main.c:546:5: warning: ignoring return value of 'rcutils_set_default_allocator' declared with attribute 'warn_unused_result' [-Wunused-result]
  546 |     rcutils_set_default_allocator(&freeRTOS_allocator);
      |     ^~~~~~~~~~~~~~~~~~~~~~~~~~~~~~~~~~~~~~~~~~~~~~~~~~
../Core/Src/main.c:554:5: warning: ignoring return value of 'rcl_init_options_init' declared with attribute 'warn_unused_result' [-Wunused-result]
  554 |     rcl_init_options_init(
      |     ^~~~~~~~~~~~~~~~~~~~~~
  555 |         &init_options,
      |         ~~~~~~~~~~~~~~
  556 |         allocator
      |         ~~~~~~~~~
  557 |     );
      |     ~
../Core/Src/main.c:558:5: warning: ignoring return value of 'rcl_init_options_set_domain_id' declared with attribute 'warn_unused_result' [-Wunused-result]
  558 |     rcl_init_options_set_domain_id(
      |     ^~~~~~~~~~~~~~~~~~~~~~~~~~~~~~~
  559 |         &init_options,
      |         ~~~~~~~~~~~~~~
  560 |         ROS_DOMAIN_ID
      |         ~~~~~~~~~~~~~
  561 |     );
      |     ~
../Core/Src/main.c:690:9: warning: ignoring return value of 'rcl_publish' declared with attribute 'warn_unused_result' [-Wunused-result]
  690 |         rcl_publish(
      |         ^~~~~~~~~~~~
  691 |             &sensor_vl53_publisher,
      |             ~~~~~~~~~~~~~~~~~~~~~~~
  692 |             &sensor_vl53_msg,
      |             ~~~~~~~~~~~~~~~~~
  693 |             NULL
      |             ~~~~
  694 |         );
      |         ~
../Core/Src/main.c:697:9: warning: ignoring return value of 'rcl_publish' declared with attribute 'warn_unused_result' [-Wunused-result]
  697 |         rcl_publish(
      |         ^~~~~~~~~~~~
  698 |             &sensor_ir_left_publisher,
      |             ~~~~~~~~~~~~~~~~~~~~~~~~~~
  699 |             &sensor_ir_left_msg,
      |             ~~~~~~~~~~~~~~~~~~~~
  700 |             NULL
      |             ~~~~
  701 |         );
      |         ~
../Core/Src/main.c:704:9: warning: ignoring return value of 'rcl_publish' declared with attribute 'warn_unused_result' [-Wunused-result]
  704 |         rcl_publish(
      |         ^~~~~~~~~~~~
  705 |             &sensor_ir_right_publisher,
      |             ~~~~~~~~~~~~~~~~~~~~~~~~~~~
  706 |             &sensor_ir_right_msg,
      |             ~~~~~~~~~~~~~~~~~~~~~
  707 |             NULL
      |             ~~~~
  708 |         );
      |         ~
At top level:
../Core/Src/main.c:267:13: warning: 'task_Tracking' defined but not used [-Wunused-function]
  267 | static void task_Tracking(void *pvParameters)
      |             ^~~~~~~~~~~~~
../Core/Src/main.c:80:13: warning: 'lastObstacleCmd' defined but not used [-Wunused-variable]
   80 | static char lastObstacleCmd = 0;
      |             ^~~~~~~~~~~~~~~
../Core/Src/main.c:50:22: warning: 'xRandomTimer' defined but not used [-Wunused-variable]
   50 | static TimerHandle_t xRandomTimer;
      |                      ^~~~~~~~~~~~
arm-none-eabi-gcc -o "base_robot.elf" @"objects.list"  -lmicroros -mcpu=cortex-m4 -T"/home/e2023/e3pennan/Documents/sen robot/robot_task/base_robot/STM32F411RETX_FLASH.ld" --specs=nosys.specs -Wl,-Map="base_robot.map" -Wl,--gc-sections -static -L"/home/e2023/e3pennan/Documents/sen robot/robot_task/base_robot/micro_ros_stm32cubemx_utils/microros_static_library/libmicroros" --specs=nano.specs -mfpu=fpv4-sp-d16 -mfloat-abi=hard -mthumb -u _printf_float -u _scanf_float -Wl,--start-group -lc -lm -Wl,--end-group
Finished building target: base_robot.elf
 
arm-none-eabi-size   base_robot.elf 
arm-none-eabi-objdump -h -S  base_robot.elf  > "base_robot.list"
   text	   data	    bss	    dec	    hex	filename
 128808	    656	  60544	 190008	  2e638	base_robot.elf
Finished building: default.size.stdout
 
Finished building: base_robot.list
 
17:26:50 **** Incremental Build of configuration Debug for project base_robot ****
make -j12 all 
arm-none-eabi-size   base_robot.elf 
   text	   data	    bss	    dec	    hex	filename
 128808	    656	  60544	 190008	  2e638	base_robot.elf
Finished building: default.size.stdout
 
17:28:31 **** Incremental Build of configuration Debug for project base_robot ****
make -j12 all 
arm-none-eabi-gcc "../Core/Src/main.c" -mcpu=cortex-m4 -std=gnu11 -g3 -DDEBUG -DUSE_HAL_DRIVER -DSTM32F411xE -c -I../Core/Inc -I../Drivers/STM32F4xx_HAL_Driver/Inc -I"/home/e2023/e3pennan/Documents/sen robot/robot_task/base_robot/micro_ros_stm32cubemx_utils/microros_static_library/libmicroros/microros_include" -I../Drivers/STM32F4xx_HAL_Driver/Inc/Legacy -I../Drivers/CMSIS/Device/ST/STM32F4xx/Include -I../Drivers/CMSIS/Include -I../Middlewares/Third_Party/FreeRTOS/Source/include -I../Middlewares/Third_Party/FreeRTOS/Source/CMSIS_RTOS_V2 -I../Middlewares/Third_Party/FreeRTOS/Source/portable/GCC/ARM_CM4F -O0 -ffunction-sections -fdata-sections -Wall -fstack-usage -MMD -MP -MF"Core/Src/main.d" -MT"Core/Src/main.o" --specs=nano.specs -mfpu=fpv4-sp-d16 -mfloat-abi=hard -mthumb -o "Core/Src/main.o"
../Core/Src/main.c: In function 'task_Sensor':
../Core/Src/main.c:98:17: warning: implicit declaration of function 'captDistIR_ToCm'; did you mean 'captDistIR_Get'? [-Wimplicit-function-declaration]
   98 |         distL = captDistIR_ToCm(tab_distIR[0]);
      |                 ^~~~~~~~~~~~~~~
      |                 captDistIR_Get
../Core/Src/main.c:129:19: warning: unused variable 'cmd' [-Wunused-variable]
  129 |              char cmd;
      |                   ^~~
../Core/Src/main.c: In function 'task_Manual':
../Core/Src/main.c:183:21: warning: implicit declaration of function 'moveForward' [-Wimplicit-function-declaration]
  183 |                     moveForward(motorSpeed);
      |                     ^~~~~~~~~~~
../Core/Src/main.c:187:21: warning: implicit declaration of function 'moveBackward' [-Wimplicit-function-declaration]
  187 |                     moveBackward(motorSpeed);
      |                     ^~~~~~~~~~~~
../Core/Src/main.c:191:21: warning: implicit declaration of function 'turnLeft' [-Wimplicit-function-declaration]
  191 |                     turnLeft(motorSpeed);
      |                     ^~~~~~~~
../Core/Src/main.c:195:21: warning: implicit declaration of function 'turnRight' [-Wimplicit-function-declaration]
  195 |                     turnRight(motorSpeed);
      |                     ^~~~~~~~~
../Core/Src/main.c:199:21: warning: implicit declaration of function 'stop' [-Wimplicit-function-declaration]
  199 |                     stop();
      |                     ^~~~
../Core/Src/main.c: In function 'main':
../Core/Src/main.c:313:7: warning: unused variable 'tab_dist' [-Wunused-variable]
  313 |   int tab_dist[2];
      |       ^~~~~~~~
../Core/Src/main.c:312:7: warning: variable 'ret' set but not used [-Wunused-but-set-variable]
  312 |   int ret=0;
      |       ^~~
../Core/Src/main.c: At top level:
../Core/Src/main.c:51:13: warning: 'randomTimerCallback' declared 'static' but never defined [-Wunused-function]
   51 | static void randomTimerCallback(TimerHandle_t xTimer);
      |             ^~~~~~~~~~~~~~~~~~~
../Core/Src/main.c: In function 'microros_task':
../Core/Src/main.c:544:5: warning: ignoring return value of 'rcutils_set_default_allocator' declared with attribute 'warn_unused_result' [-Wunused-result]
  544 |     rcutils_set_default_allocator(&freeRTOS_allocator);
      |     ^~~~~~~~~~~~~~~~~~~~~~~~~~~~~~~~~~~~~~~~~~~~~~~~~~
../Core/Src/main.c:552:5: warning: ignoring return value of 'rcl_init_options_init' declared with attribute 'warn_unused_result' [-Wunused-result]
  552 |     rcl_init_options_init(
      |     ^~~~~~~~~~~~~~~~~~~~~~
  553 |         &init_options,
      |         ~~~~~~~~~~~~~~
  554 |         allocator
      |         ~~~~~~~~~
  555 |     );
      |     ~
../Core/Src/main.c:556:5: warning: ignoring return value of 'rcl_init_options_set_domain_id' declared with attribute 'warn_unused_result' [-Wunused-result]
  556 |     rcl_init_options_set_domain_id(
      |     ^~~~~~~~~~~~~~~~~~~~~~~~~~~~~~~
  557 |         &init_options,
      |         ~~~~~~~~~~~~~~
  558 |         ROS_DOMAIN_ID
      |         ~~~~~~~~~~~~~
  559 |     );
      |     ~
../Core/Src/main.c:688:9: warning: ignoring return value of 'rcl_publish' declared with attribute 'warn_unused_result' [-Wunused-result]
  688 |         rcl_publish(
      |         ^~~~~~~~~~~~
  689 |             &sensor_vl53_publisher,
      |             ~~~~~~~~~~~~~~~~~~~~~~~
  690 |             &sensor_vl53_msg,
      |             ~~~~~~~~~~~~~~~~~
  691 |             NULL
      |             ~~~~
  692 |         );
      |         ~
../Core/Src/main.c:695:9: warning: ignoring return value of 'rcl_publish' declared with attribute 'warn_unused_result' [-Wunused-result]
  695 |         rcl_publish(
      |         ^~~~~~~~~~~~
  696 |             &sensor_ir_left_publisher,
      |             ~~~~~~~~~~~~~~~~~~~~~~~~~~
  697 |             &sensor_ir_left_msg,
      |             ~~~~~~~~~~~~~~~~~~~~
  698 |             NULL
      |             ~~~~
  699 |         );
      |         ~
../Core/Src/main.c:702:9: warning: ignoring return value of 'rcl_publish' declared with attribute 'warn_unused_result' [-Wunused-result]
  702 |         rcl_publish(
      |         ^~~~~~~~~~~~
  703 |             &sensor_ir_right_publisher,
      |             ~~~~~~~~~~~~~~~~~~~~~~~~~~~
  704 |             &sensor_ir_right_msg,
      |             ~~~~~~~~~~~~~~~~~~~~~
  705 |             NULL
      |             ~~~~
  706 |         );
      |         ~
At top level:
../Core/Src/main.c:80:13: warning: 'lastObstacleCmd' defined but not used [-Wunused-variable]
   80 | static char lastObstacleCmd = 0;
      |             ^~~~~~~~~~~~~~~
../Core/Src/main.c:50:22: warning: 'xRandomTimer' defined but not used [-Wunused-variable]
   50 | static TimerHandle_t xRandomTimer;
      |                      ^~~~~~~~~~~~
arm-none-eabi-gcc -o "base_robot.elf" @"objects.list"  -lmicroros -mcpu=cortex-m4 -T"/home/e2023/e3pennan/Documents/sen robot/robot_task/base_robot/STM32F411RETX_FLASH.ld" --specs=nosys.specs -Wl,-Map="base_robot.map" -Wl,--gc-sections -static -L"/home/e2023/e3pennan/Documents/sen robot/robot_task/base_robot/micro_ros_stm32cubemx_utils/microros_static_library/libmicroros" --specs=nano.specs -mfpu=fpv4-sp-d16 -mfloat-abi=hard -mthumb -u _printf_float -u _scanf_float -Wl,--start-group -lc -lm -Wl,--end-group
Finished building target: base_robot.elf
 
arm-none-eabi-size   base_robot.elf 
arm-none-eabi-objdump -h -S  base_robot.elf  > "base_robot.list"
   text	   data	    bss	    dec	    hex	filename
 129048	    656	  60544	 190248	  2e728	base_robot.elf
Finished building: default.size.stdout
 
Finished building: base_robot.list
 
17:30:00 **** Incremental Build of configuration Debug for project base_robot ****
make -j12 all 
arm-none-eabi-gcc "../Core/Src/main.c" -mcpu=cortex-m4 -std=gnu11 -g3 -DDEBUG -DUSE_HAL_DRIVER -DSTM32F411xE -c -I../Core/Inc -I../Drivers/STM32F4xx_HAL_Driver/Inc -I"/home/e2023/e3pennan/Documents/sen robot/robot_task/base_robot/micro_ros_stm32cubemx_utils/microros_static_library/libmicroros/microros_include" -I../Drivers/STM32F4xx_HAL_Driver/Inc/Legacy -I../Drivers/CMSIS/Device/ST/STM32F4xx/Include -I../Drivers/CMSIS/Include -I../Middlewares/Third_Party/FreeRTOS/Source/include -I../Middlewares/Third_Party/FreeRTOS/Source/CMSIS_RTOS_V2 -I../Middlewares/Third_Party/FreeRTOS/Source/portable/GCC/ARM_CM4F -O0 -ffunction-sections -fdata-sections -Wall -fstack-usage -MMD -MP -MF"Core/Src/main.d" -MT"Core/Src/main.o" --specs=nano.specs -mfpu=fpv4-sp-d16 -mfloat-abi=hard -mthumb -o "Core/Src/main.o"
../Core/Src/main.c: In function 'task_Sensor':
../Core/Src/main.c:98:17: warning: implicit declaration of function 'captDistIR_ToCm'; did you mean 'captDistIR_Get'? [-Wimplicit-function-declaration]
   98 |         distL = captDistIR_ToCm(tab_distIR[0]);
      |                 ^~~~~~~~~~~~~~~
      |                 captDistIR_Get
../Core/Src/main.c:129:19: warning: unused variable 'cmd' [-Wunused-variable]
  129 |              char cmd;
      |                   ^~~
../Core/Src/main.c: In function 'task_Manual':
../Core/Src/main.c:183:21: warning: implicit declaration of function 'moveForward' [-Wimplicit-function-declaration]
  183 |                     moveForward(motorSpeed);
      |                     ^~~~~~~~~~~
../Core/Src/main.c:187:21: warning: implicit declaration of function 'moveBackward' [-Wimplicit-function-declaration]
  187 |                     moveBackward(motorSpeed);
      |                     ^~~~~~~~~~~~
../Core/Src/main.c:191:21: warning: implicit declaration of function 'turnLeft' [-Wimplicit-function-declaration]
  191 |                     turnLeft(motorSpeed);
      |                     ^~~~~~~~
../Core/Src/main.c:195:21: warning: implicit declaration of function 'turnRight' [-Wimplicit-function-declaration]
  195 |                     turnRight(motorSpeed);
      |                     ^~~~~~~~~
../Core/Src/main.c:199:21: warning: implicit declaration of function 'stop' [-Wimplicit-function-declaration]
  199 |                     stop();
      |                     ^~~~
../Core/Src/main.c: In function 'main':
../Core/Src/main.c:313:7: warning: unused variable 'tab_dist' [-Wunused-variable]
  313 |   int tab_dist[2];
      |       ^~~~~~~~
../Core/Src/main.c:312:7: warning: variable 'ret' set but not used [-Wunused-but-set-variable]
  312 |   int ret=0;
      |       ^~~
../Core/Src/main.c: At top level:
../Core/Src/main.c:51:13: warning: 'randomTimerCallback' declared 'static' but never defined [-Wunused-function]
   51 | static void randomTimerCallback(TimerHandle_t xTimer);
      |             ^~~~~~~~~~~~~~~~~~~
../Core/Src/main.c: In function 'microros_task':
../Core/Src/main.c:544:5: warning: ignoring return value of 'rcutils_set_default_allocator' declared with attribute 'warn_unused_result' [-Wunused-result]
  544 |     rcutils_set_default_allocator(&freeRTOS_allocator);
      |     ^~~~~~~~~~~~~~~~~~~~~~~~~~~~~~~~~~~~~~~~~~~~~~~~~~
../Core/Src/main.c:552:5: warning: ignoring return value of 'rcl_init_options_init' declared with attribute 'warn_unused_result' [-Wunused-result]
  552 |     rcl_init_options_init(
      |     ^~~~~~~~~~~~~~~~~~~~~~
  553 |         &init_options,
      |         ~~~~~~~~~~~~~~
  554 |         allocator
      |         ~~~~~~~~~
  555 |     );
      |     ~
../Core/Src/main.c:556:5: warning: ignoring return value of 'rcl_init_options_set_domain_id' declared with attribute 'warn_unused_result' [-Wunused-result]
  556 |     rcl_init_options_set_domain_id(
      |     ^~~~~~~~~~~~~~~~~~~~~~~~~~~~~~~
  557 |         &init_options,
      |         ~~~~~~~~~~~~~~
  558 |         ROS_DOMAIN_ID
      |         ~~~~~~~~~~~~~
  559 |     );
      |     ~
../Core/Src/main.c:688:9: warning: ignoring return value of 'rcl_publish' declared with attribute 'warn_unused_result' [-Wunused-result]
  688 |         rcl_publish(
      |         ^~~~~~~~~~~~
  689 |             &sensor_vl53_publisher,
      |             ~~~~~~~~~~~~~~~~~~~~~~~
  690 |             &sensor_vl53_msg,
      |             ~~~~~~~~~~~~~~~~~
  691 |             NULL
      |             ~~~~
  692 |         );
      |         ~
../Core/Src/main.c:695:9: warning: ignoring return value of 'rcl_publish' declared with attribute 'warn_unused_result' [-Wunused-result]
  695 |         rcl_publish(
      |         ^~~~~~~~~~~~
  696 |             &sensor_ir_left_publisher,
      |             ~~~~~~~~~~~~~~~~~~~~~~~~~~
  697 |             &sensor_ir_left_msg,
      |             ~~~~~~~~~~~~~~~~~~~~
  698 |             NULL
      |             ~~~~
  699 |         );
      |         ~
../Core/Src/main.c:702:9: warning: ignoring return value of 'rcl_publish' declared with attribute 'warn_unused_result' [-Wunused-result]
  702 |         rcl_publish(
      |         ^~~~~~~~~~~~
  703 |             &sensor_ir_right_publisher,
      |             ~~~~~~~~~~~~~~~~~~~~~~~~~~~
  704 |             &sensor_ir_right_msg,
      |             ~~~~~~~~~~~~~~~~~~~~~
  705 |             NULL
      |             ~~~~
  706 |         );
      |         ~
At top level:
../Core/Src/main.c:80:13: warning: 'lastObstacleCmd' defined but not used [-Wunused-variable]
   80 | static char lastObstacleCmd = 0;
      |             ^~~~~~~~~~~~~~~
../Core/Src/main.c:50:22: warning: 'xRandomTimer' defined but not used [-Wunused-variable]
   50 | static TimerHandle_t xRandomTimer;
      |                      ^~~~~~~~~~~~
arm-none-eabi-gcc -o "base_robot.elf" @"objects.list"  -lmicroros -mcpu=cortex-m4 -T"/home/e2023/e3pennan/Documents/sen robot/robot_task/base_robot/STM32F411RETX_FLASH.ld" --specs=nosys.specs -Wl,-Map="base_robot.map" -Wl,--gc-sections -static -L"/home/e2023/e3pennan/Documents/sen robot/robot_task/base_robot/micro_ros_stm32cubemx_utils/microros_static_library/libmicroros" --specs=nano.specs -mfpu=fpv4-sp-d16 -mfloat-abi=hard -mthumb -u _printf_float -u _scanf_float -Wl,--start-group -lc -lm -Wl,--end-group
Finished building target: base_robot.elf
 
arm-none-eabi-size   base_robot.elf 
arm-none-eabi-objdump -h -S  base_robot.elf  > "base_robot.list"
   text	   data	    bss	    dec	    hex	filename
 128984	    656	  60544	 190184	  2e6e8	base_robot.elf
Finished building: default.size.stdout
 
Finished building: base_robot.list
 
17:34:34 **** Incremental Build of configuration Debug for project base_robot ****
make -j12 all 
arm-none-eabi-size   base_robot.elf 
   text	   data	    bss	    dec	    hex	filename
 128984	    656	  60544	 190184	  2e6e8	base_robot.elf
Finished building: default.size.stdout
 
17:49:05 **** Incremental Build of configuration Debug for project base_robot ****
make -j12 all 
arm-none-eabi-size   base_robot.elf 
   text	   data	    bss	    dec	    hex	filename
 128984	    656	  60544	 190184	  2e6e8	base_robot.elf
Finished building: default.size.stdout
 
17:49:49 **** Incremental Build of configuration Debug for project base_robot ****
make -j12 all 
arm-none-eabi-size   base_robot.elf 
   text	   data	    bss	    dec	    hex	filename
 128984	    656	  60544	 190184	  2e6e8	base_robot.elf
Finished building: default.size.stdout
 
17:53:47 **** Incremental Build of configuration Debug for project base_robot ****
make -j12 all 
arm-none-eabi-gcc "../Core/Src/main.c" -mcpu=cortex-m4 -std=gnu11 -g3 -DDEBUG -DUSE_HAL_DRIVER -DSTM32F411xE -c -I../Core/Inc -I../Drivers/STM32F4xx_HAL_Driver/Inc -I"/home/e2023/e3pennan/Documents/sen robot/robot_task/base_robot/micro_ros_stm32cubemx_utils/microros_static_library/libmicroros/microros_include" -I../Drivers/STM32F4xx_HAL_Driver/Inc/Legacy -I../Drivers/CMSIS/Device/ST/STM32F4xx/Include -I../Drivers/CMSIS/Include -I../Middlewares/Third_Party/FreeRTOS/Source/include -I../Middlewares/Third_Party/FreeRTOS/Source/CMSIS_RTOS_V2 -I../Middlewares/Third_Party/FreeRTOS/Source/portable/GCC/ARM_CM4F -O0 -ffunction-sections -fdata-sections -Wall -fstack-usage -MMD -MP -MF"Core/Src/main.d" -MT"Core/Src/main.o" --specs=nano.specs -mfpu=fpv4-sp-d16 -mfloat-abi=hard -mthumb -o "Core/Src/main.o"
../Core/Src/main.c: In function 'task_Sensor':
../Core/Src/main.c:98:17: warning: implicit declaration of function 'captDistIR_ToCm'; did you mean 'captDistIR_Get'? [-Wimplicit-function-declaration]
   98 |         distL = captDistIR_ToCm(tab_distIR[0]);
      |                 ^~~~~~~~~~~~~~~
      |                 captDistIR_Get
../Core/Src/main.c:129:19: warning: unused variable 'cmd' [-Wunused-variable]
  129 |              char cmd;
      |                   ^~~
../Core/Src/main.c: In function 'task_Manual':
../Core/Src/main.c:183:21: warning: implicit declaration of function 'moveForward' [-Wimplicit-function-declaration]
  183 |                     moveForward(motorSpeed);
      |                     ^~~~~~~~~~~
../Core/Src/main.c:187:21: warning: implicit declaration of function 'moveBackward' [-Wimplicit-function-declaration]
  187 |                     moveBackward(motorSpeed);
      |                     ^~~~~~~~~~~~
../Core/Src/main.c:191:21: warning: implicit declaration of function 'turnLeft' [-Wimplicit-function-declaration]
  191 |                     turnLeft(motorSpeed);
      |                     ^~~~~~~~
../Core/Src/main.c:195:21: warning: implicit declaration of function 'turnRight' [-Wimplicit-function-declaration]
  195 |                     turnRight(motorSpeed);
      |                     ^~~~~~~~~
../Core/Src/main.c:199:21: warning: implicit declaration of function 'stop' [-Wimplicit-function-declaration]
  199 |                     stop();
      |                     ^~~~
../Core/Src/main.c: In function 'main':
../Core/Src/main.c:313:7: warning: unused variable 'tab_dist' [-Wunused-variable]
  313 |   int tab_dist[2];
      |       ^~~~~~~~
../Core/Src/main.c:312:7: warning: variable 'ret' set but not used [-Wunused-but-set-variable]
  312 |   int ret=0;
      |       ^~~
../Core/Src/main.c: At top level:
../Core/Src/main.c:51:13: warning: 'randomTimerCallback' declared 'static' but never defined [-Wunused-function]
   51 | static void randomTimerCallback(TimerHandle_t xTimer);
      |             ^~~~~~~~~~~~~~~~~~~
../Core/Src/main.c: In function 'microros_task':
../Core/Src/main.c:546:5: warning: ignoring return value of 'rcutils_set_default_allocator' declared with attribute 'warn_unused_result' [-Wunused-result]
  546 |     rcutils_set_default_allocator(
      |     ^~~~~~~~~~~~~~~~~~~~~~~~~~~~~~
  547 |         &freeRTOS_allocator
      |         ~~~~~~~~~~~~~~~~~~~
  548 |     );
      |     ~
../Core/Src/main.c:561:5: warning: ignoring return value of 'rcl_init_options_init' declared with attribute 'warn_unused_result' [-Wunused-result]
  561 |     rcl_init_options_init(
      |     ^~~~~~~~~~~~~~~~~~~~~~
  562 |         &init_options,
      |         ~~~~~~~~~~~~~~
  563 |         allocator
      |         ~~~~~~~~~
  564 |     );
      |     ~
../Core/Src/main.c:566:5: warning: ignoring return value of 'rcl_init_options_set_domain_id' declared with attribute 'warn_unused_result' [-Wunused-result]
  566 |     rcl_init_options_set_domain_id(
      |     ^~~~~~~~~~~~~~~~~~~~~~~~~~~~~~~
  567 |         &init_options,
      |         ~~~~~~~~~~~~~~
  568 |         ROS_DOMAIN_ID
      |         ~~~~~~~~~~~~~
  569 |     );
      |     ~
../Core/Src/main.c:786:9: warning: ignoring return value of 'rcl_publish' declared with attribute 'warn_unused_result' [-Wunused-result]
  786 |         rcl_publish(
      |         ^~~~~~~~~~~~
  787 |             &sensor_vl53_publisher,
      |             ~~~~~~~~~~~~~~~~~~~~~~~
  788 |             &sensor_vl53_msg,
      |             ~~~~~~~~~~~~~~~~~
  789 |             NULL
      |             ~~~~
  790 |         );
      |         ~
../Core/Src/main.c:793:9: warning: ignoring return value of 'rcl_publish' declared with attribute 'warn_unused_result' [-Wunused-result]
  793 |         rcl_publish(
      |         ^~~~~~~~~~~~
  794 |             &sensor_ir_left_publisher,
      |             ~~~~~~~~~~~~~~~~~~~~~~~~~~
  795 |             &sensor_ir_left_msg,
      |             ~~~~~~~~~~~~~~~~~~~~
  796 |             NULL
      |             ~~~~
  797 |         );
      |         ~
../Core/Src/main.c:800:9: warning: ignoring return value of 'rcl_publish' declared with attribute 'warn_unused_result' [-Wunused-result]
  800 |         rcl_publish(
      |         ^~~~~~~~~~~~
  801 |             &sensor_ir_right_publisher,
      |             ~~~~~~~~~~~~~~~~~~~~~~~~~~~
  802 |             &sensor_ir_right_msg,
      |             ~~~~~~~~~~~~~~~~~~~~~
  803 |             NULL
      |             ~~~~
  804 |         );
      |         ~
../Core/Src/main.c:817:9: warning: ignoring return value of 'rcl_publish' declared with attribute 'warn_unused_result' [-Wunused-result]
  817 |         rcl_publish(
      |         ^~~~~~~~~~~~
  818 |             &speed_publisher,
      |             ~~~~~~~~~~~~~~~~~
  819 |             &robot_speed_msg,
      |             ~~~~~~~~~~~~~~~~~
  820 |             NULL
      |             ~~~~
  821 |         );
      |         ~
At top level:
../Core/Src/main.c:80:13: warning: 'lastObstacleCmd' defined but not used [-Wunused-variable]
   80 | static char lastObstacleCmd = 0;
      |             ^~~~~~~~~~~~~~~
../Core/Src/main.c:50:22: warning: 'xRandomTimer' defined but not used [-Wunused-variable]
   50 | static TimerHandle_t xRandomTimer;
      |                      ^~~~~~~~~~~~
arm-none-eabi-gcc -o "base_robot.elf" @"objects.list"  -lmicroros -mcpu=cortex-m4 -T"/home/e2023/e3pennan/Documents/sen robot/robot_task/base_robot/STM32F411RETX_FLASH.ld" --specs=nosys.specs -Wl,-Map="base_robot.map" -Wl,--gc-sections -static -L"/home/e2023/e3pennan/Documents/sen robot/robot_task/base_robot/micro_ros_stm32cubemx_utils/microros_static_library/libmicroros" --specs=nano.specs -mfpu=fpv4-sp-d16 -mfloat-abi=hard -mthumb -u _printf_float -u _scanf_float -Wl,--start-group -lc -lm -Wl,--end-group
Finished building target: base_robot.elf
 
arm-none-eabi-size   base_robot.elf 
arm-none-eabi-objdump -h -S  base_robot.elf  > "base_robot.list"
   text	   data	    bss	    dec	    hex	filename
 129080	    656	  60544	 190280	  2e748	base_robot.elf
Finished building: default.size.stdout
 
Finished building: base_robot.list
 
17:55:52 **** Incremental Build of configuration Debug for project base_robot ****
make -j12 all 
arm-none-eabi-size   base_robot.elf 
   text	   data	    bss	    dec	    hex	filename
 129080	    656	  60544	 190280	  2e748	base_robot.elf
Finished building: default.size.stdout
 
18:16:24 **** Incremental Build of configuration Debug for project base_robot ****
make -j12 all 
arm-none-eabi-gcc "../Core/Src/motorCommand.c" -mcpu=cortex-m4 -std=gnu11 -g3 -DDEBUG -DUSE_HAL_DRIVER -DSTM32F411xE -c -I../Core/Inc -I../Drivers/STM32F4xx_HAL_Driver/Inc -I"/home/e2023/e3pennan/Documents/sen robot/robot_task/base_robot/micro_ros_stm32cubemx_utils/microros_static_library/libmicroros/microros_include" -I../Drivers/STM32F4xx_HAL_Driver/Inc/Legacy -I../Drivers/CMSIS/Device/ST/STM32F4xx/Include -I../Drivers/CMSIS/Include -I../Middlewares/Third_Party/FreeRTOS/Source/include -I../Middlewares/Third_Party/FreeRTOS/Source/CMSIS_RTOS_V2 -I../Middlewares/Third_Party/FreeRTOS/Source/portable/GCC/ARM_CM4F -O0 -ffunction-sections -fdata-sections -Wall -fstack-usage -MMD -MP -MF"Core/Src/motorCommand.d" -MT"Core/Src/motorCommand.o" --specs=nano.specs -mfpu=fpv4-sp-d16 -mfloat-abi=hard -mthumb -o "Core/Src/motorCommand.o"
../Core/Src/motorCommand.c: In function 'motorRightCorrec':
../Core/Src/motorCommand.c:88:12: warning: implicit declaration of function 'quadEncoder_GetSpeedR' [-Wimplicit-function-declaration]
   88 |   speed2 = quadEncoder_GetSpeedR();
      |            ^~~~~~~~~~~~~~~~~~~~~
../Core/Src/motorCommand.c: In function 'motorLeftCorrec':
../Core/Src/motorCommand.c:114:11: warning: implicit declaration of function 'quadEncoder_GetSpeedL' [-Wimplicit-function-declaration]
  114 |   speed = quadEncoder_GetSpeedL();
      |           ^~~~~~~~~~~~~~~~~~~~~
../Core/Src/motorCommand.c:111:13: warning: unused variable 'i' [-Wunused-variable]
  111 |  static int i = 0;
      |             ^
At top level:
../Core/Src/motorCommand.c:111:13: warning: 'i' defined but not used [-Wunused-variable]
arm-none-eabi-gcc -o "base_robot.elf" @"objects.list"  -lmicroros -mcpu=cortex-m4 -T"/home/e2023/e3pennan/Documents/sen robot/robot_task/base_robot/STM32F411RETX_FLASH.ld" --specs=nosys.specs -Wl,-Map="base_robot.map" -Wl,--gc-sections -static -L"/home/e2023/e3pennan/Documents/sen robot/robot_task/base_robot/micro_ros_stm32cubemx_utils/microros_static_library/libmicroros" --specs=nano.specs -mfpu=fpv4-sp-d16 -mfloat-abi=hard -mthumb -u _printf_float -u _scanf_float -Wl,--start-group -lc -lm -Wl,--end-group
Finished building target: base_robot.elf
 
arm-none-eabi-size   base_robot.elf 
arm-none-eabi-objdump -h -S  base_robot.elf  > "base_robot.list"
   text	   data	    bss	    dec	    hex	filename
 129080	    656	  60544	 190280	  2e748	base_robot.elf
Finished building: default.size.stdout
 
Finished building: base_robot.list
 
18:17:32 **** Incremental Build of configuration Debug for project base_robot ****
make -j12 all 
arm-none-eabi-gcc "../Core/Src/motorCommand.c" -mcpu=cortex-m4 -std=gnu11 -g3 -DDEBUG -DUSE_HAL_DRIVER -DSTM32F411xE -c -I../Core/Inc -I../Drivers/STM32F4xx_HAL_Driver/Inc -I"/home/e2023/e3pennan/Documents/sen robot/robot_task/base_robot/micro_ros_stm32cubemx_utils/microros_static_library/libmicroros/microros_include" -I../Drivers/STM32F4xx_HAL_Driver/Inc/Legacy -I../Drivers/CMSIS/Device/ST/STM32F4xx/Include -I../Drivers/CMSIS/Include -I../Middlewares/Third_Party/FreeRTOS/Source/include -I../Middlewares/Third_Party/FreeRTOS/Source/CMSIS_RTOS_V2 -I../Middlewares/Third_Party/FreeRTOS/Source/portable/GCC/ARM_CM4F -O0 -ffunction-sections -fdata-sections -Wall -fstack-usage -MMD -MP -MF"Core/Src/motorCommand.d" -MT"Core/Src/motorCommand.o" --specs=nano.specs -mfpu=fpv4-sp-d16 -mfloat-abi=hard -mthumb -o "Core/Src/motorCommand.o"
../Core/Src/motorCommand.c: In function 'motorRightCorrec':
../Core/Src/motorCommand.c:88:12: warning: implicit declaration of function 'quadEncoder_GetSpeedR' [-Wimplicit-function-declaration]
   88 |   speed2 = quadEncoder_GetSpeedR();
      |            ^~~~~~~~~~~~~~~~~~~~~
../Core/Src/motorCommand.c: In function 'motorLeftCorrec':
../Core/Src/motorCommand.c:114:11: warning: implicit declaration of function 'quadEncoder_GetSpeedL' [-Wimplicit-function-declaration]
  114 |   speed = quadEncoder_GetSpeedL();
      |           ^~~~~~~~~~~~~~~~~~~~~
../Core/Src/motorCommand.c:111:13: warning: unused variable 'i' [-Wunused-variable]
  111 |  static int i = 0;
      |             ^
At top level:
../Core/Src/motorCommand.c:111:13: warning: 'i' defined but not used [-Wunused-variable]
arm-none-eabi-gcc -o "base_robot.elf" @"objects.list"  -lmicroros -mcpu=cortex-m4 -T"/home/e2023/e3pennan/Documents/sen robot/robot_task/base_robot/STM32F411RETX_FLASH.ld" --specs=nosys.specs -Wl,-Map="base_robot.map" -Wl,--gc-sections -static -L"/home/e2023/e3pennan/Documents/sen robot/robot_task/base_robot/micro_ros_stm32cubemx_utils/microros_static_library/libmicroros" --specs=nano.specs -mfpu=fpv4-sp-d16 -mfloat-abi=hard -mthumb -u _printf_float -u _scanf_float -Wl,--start-group -lc -lm -Wl,--end-group
Finished building target: base_robot.elf
 
arm-none-eabi-size   base_robot.elf 
arm-none-eabi-objdump -h -S  base_robot.elf  > "base_robot.list"
   text	   data	    bss	    dec	    hex	filename
 129080	    656	  60544	 190280	  2e748	base_robot.elf
Finished building: default.size.stdout
 
Finished building: base_robot.list
 
18:18:16 **** Incremental Build of configuration Debug for project base_robot ****
make -j12 all 
arm-none-eabi-gcc "../Core/Src/motorCommand.c" -mcpu=cortex-m4 -std=gnu11 -g3 -DDEBUG -DUSE_HAL_DRIVER -DSTM32F411xE -c -I../Core/Inc -I../Drivers/STM32F4xx_HAL_Driver/Inc -I"/home/e2023/e3pennan/Documents/sen robot/robot_task/base_robot/micro_ros_stm32cubemx_utils/microros_static_library/libmicroros/microros_include" -I../Drivers/STM32F4xx_HAL_Driver/Inc/Legacy -I../Drivers/CMSIS/Device/ST/STM32F4xx/Include -I../Drivers/CMSIS/Include -I../Middlewares/Third_Party/FreeRTOS/Source/include -I../Middlewares/Third_Party/FreeRTOS/Source/CMSIS_RTOS_V2 -I../Middlewares/Third_Party/FreeRTOS/Source/portable/GCC/ARM_CM4F -O0 -ffunction-sections -fdata-sections -Wall -fstack-usage -MMD -MP -MF"Core/Src/motorCommand.d" -MT"Core/Src/motorCommand.o" --specs=nano.specs -mfpu=fpv4-sp-d16 -mfloat-abi=hard -mthumb -o "Core/Src/motorCommand.o"
../Core/Src/motorCommand.c: In function 'motorRightCorrec':
../Core/Src/motorCommand.c:88:12: warning: implicit declaration of function 'quadEncoder_GetSpeedR' [-Wimplicit-function-declaration]
   88 |   speed2 = quadEncoder_GetSpeedR();
      |            ^~~~~~~~~~~~~~~~~~~~~
../Core/Src/motorCommand.c: In function 'motorLeftCorrec':
../Core/Src/motorCommand.c:114:11: warning: implicit declaration of function 'quadEncoder_GetSpeedL' [-Wimplicit-function-declaration]
  114 |   speed = quadEncoder_GetSpeedL();
      |           ^~~~~~~~~~~~~~~~~~~~~
../Core/Src/motorCommand.c:111:13: warning: unused variable 'i' [-Wunused-variable]
  111 |  static int i = 0;
      |             ^
At top level:
../Core/Src/motorCommand.c:111:13: warning: 'i' defined but not used [-Wunused-variable]
arm-none-eabi-gcc -o "base_robot.elf" @"objects.list"  -lmicroros -mcpu=cortex-m4 -T"/home/e2023/e3pennan/Documents/sen robot/robot_task/base_robot/STM32F411RETX_FLASH.ld" --specs=nosys.specs -Wl,-Map="base_robot.map" -Wl,--gc-sections -static -L"/home/e2023/e3pennan/Documents/sen robot/robot_task/base_robot/micro_ros_stm32cubemx_utils/microros_static_library/libmicroros" --specs=nano.specs -mfpu=fpv4-sp-d16 -mfloat-abi=hard -mthumb -u _printf_float -u _scanf_float -Wl,--start-group -lc -lm -Wl,--end-group
Finished building target: base_robot.elf
 
arm-none-eabi-size   base_robot.elf 
arm-none-eabi-objdump -h -S  base_robot.elf  > "base_robot.list"
   text	   data	    bss	    dec	    hex	filename
 129080	    656	  60544	 190280	  2e748	base_robot.elf
Finished building: default.size.stdout
 
Finished building: base_robot.list
 
18:18:57 **** Incremental Build of configuration Debug for project base_robot ****
make -j12 all 
arm-none-eabi-gcc "../Core/Src/motorCommand.c" -mcpu=cortex-m4 -std=gnu11 -g3 -DDEBUG -DUSE_HAL_DRIVER -DSTM32F411xE -c -I../Core/Inc -I../Drivers/STM32F4xx_HAL_Driver/Inc -I"/home/e2023/e3pennan/Documents/sen robot/robot_task/base_robot/micro_ros_stm32cubemx_utils/microros_static_library/libmicroros/microros_include" -I../Drivers/STM32F4xx_HAL_Driver/Inc/Legacy -I../Drivers/CMSIS/Device/ST/STM32F4xx/Include -I../Drivers/CMSIS/Include -I../Middlewares/Third_Party/FreeRTOS/Source/include -I../Middlewares/Third_Party/FreeRTOS/Source/CMSIS_RTOS_V2 -I../Middlewares/Third_Party/FreeRTOS/Source/portable/GCC/ARM_CM4F -O0 -ffunction-sections -fdata-sections -Wall -fstack-usage -MMD -MP -MF"Core/Src/motorCommand.d" -MT"Core/Src/motorCommand.o" --specs=nano.specs -mfpu=fpv4-sp-d16 -mfloat-abi=hard -mthumb -o "Core/Src/motorCommand.o"
../Core/Src/motorCommand.c: In function 'motorRightCorrec':
../Core/Src/motorCommand.c:88:12: warning: implicit declaration of function 'quadEncoder_GetSpeedR' [-Wimplicit-function-declaration]
   88 |   speed2 = quadEncoder_GetSpeedR();
      |            ^~~~~~~~~~~~~~~~~~~~~
../Core/Src/motorCommand.c: In function 'motorLeftCorrec':
../Core/Src/motorCommand.c:114:11: warning: implicit declaration of function 'quadEncoder_GetSpeedL' [-Wimplicit-function-declaration]
  114 |   speed = quadEncoder_GetSpeedL();
      |           ^~~~~~~~~~~~~~~~~~~~~
../Core/Src/motorCommand.c:111:13: warning: unused variable 'i' [-Wunused-variable]
  111 |  static int i = 0;
      |             ^
At top level:
../Core/Src/motorCommand.c:111:13: warning: 'i' defined but not used [-Wunused-variable]
arm-none-eabi-gcc -o "base_robot.elf" @"objects.list"  -lmicroros -mcpu=cortex-m4 -T"/home/e2023/e3pennan/Documents/sen robot/robot_task/base_robot/STM32F411RETX_FLASH.ld" --specs=nosys.specs -Wl,-Map="base_robot.map" -Wl,--gc-sections -static -L"/home/e2023/e3pennan/Documents/sen robot/robot_task/base_robot/micro_ros_stm32cubemx_utils/microros_static_library/libmicroros" --specs=nano.specs -mfpu=fpv4-sp-d16 -mfloat-abi=hard -mthumb -u _printf_float -u _scanf_float -Wl,--start-group -lc -lm -Wl,--end-group
Finished building target: base_robot.elf
 
arm-none-eabi-size   base_robot.elf 
arm-none-eabi-objdump -h -S  base_robot.elf  > "base_robot.list"
   text	   data	    bss	    dec	    hex	filename
 129080	    656	  60544	 190280	  2e748	base_robot.elf
Finished building: default.size.stdout
 
Finished building: base_robot.list
 
18:27:08 **** Incremental Build of configuration Debug for project base_robot ****
make -j12 all 
arm-none-eabi-gcc "../Core/Src/main.c" -mcpu=cortex-m4 -std=gnu11 -g3 -DDEBUG -DUSE_HAL_DRIVER -DSTM32F411xE -c -I../Core/Inc -I../Drivers/STM32F4xx_HAL_Driver/Inc -I"/home/e2023/e3pennan/Documents/sen robot/robot_task/base_robot/micro_ros_stm32cubemx_utils/microros_static_library/libmicroros/microros_include" -I../Drivers/STM32F4xx_HAL_Driver/Inc/Legacy -I../Drivers/CMSIS/Device/ST/STM32F4xx/Include -I../Drivers/CMSIS/Include -I../Middlewares/Third_Party/FreeRTOS/Source/include -I../Middlewares/Third_Party/FreeRTOS/Source/CMSIS_RTOS_V2 -I../Middlewares/Third_Party/FreeRTOS/Source/portable/GCC/ARM_CM4F -O0 -ffunction-sections -fdata-sections -Wall -fstack-usage -MMD -MP -MF"Core/Src/main.d" -MT"Core/Src/main.o" --specs=nano.specs -mfpu=fpv4-sp-d16 -mfloat-abi=hard -mthumb -o "Core/Src/main.o"
../Core/Src/main.c: In function 'task_Sensor':
../Core/Src/main.c:97:17: warning: implicit declaration of function 'captDistIR_ToCm'; did you mean 'captDistIR_Get'? [-Wimplicit-function-declaration]
   97 |         distL = captDistIR_ToCm(tab_distIR[0]);
      |                 ^~~~~~~~~~~~~~~
      |                 captDistIR_Get
../Core/Src/main.c:128:19: warning: unused variable 'cmd' [-Wunused-variable]
  128 |              char cmd;
      |                   ^~~
../Core/Src/main.c: In function 'task_Manual':
../Core/Src/main.c:182:21: warning: implicit declaration of function 'moveForward' [-Wimplicit-function-declaration]
  182 |                     moveForward(motorSpeed);
      |                     ^~~~~~~~~~~
../Core/Src/main.c:186:21: warning: implicit declaration of function 'moveBackward' [-Wimplicit-function-declaration]
  186 |                     moveBackward(motorSpeed);
      |                     ^~~~~~~~~~~~
../Core/Src/main.c:190:21: warning: implicit declaration of function 'turnLeft' [-Wimplicit-function-declaration]
  190 |                     turnLeft(motorSpeed);
      |                     ^~~~~~~~
../Core/Src/main.c:194:21: warning: implicit declaration of function 'turnRight' [-Wimplicit-function-declaration]
  194 |                     turnRight(motorSpeed);
      |                     ^~~~~~~~~
../Core/Src/main.c:198:21: warning: implicit declaration of function 'stop' [-Wimplicit-function-declaration]
  198 |                     stop();
      |                     ^~~~
../Core/Src/main.c: In function 'main':
../Core/Src/main.c:313:7: warning: unused variable 'tab_dist' [-Wunused-variable]
  313 |   int tab_dist[2];
      |       ^~~~~~~~
../Core/Src/main.c:312:7: warning: variable 'ret' set but not used [-Wunused-but-set-variable]
  312 |   int ret=0;
      |       ^~~
../Core/Src/main.c: At top level:
../Core/Src/main.c:51:13: warning: 'randomTimerCallback' declared 'static' but never defined [-Wunused-function]
   51 | static void randomTimerCallback(TimerHandle_t xTimer);
      |             ^~~~~~~~~~~~~~~~~~~
../Core/Src/main.c: In function 'microros_task':
../Core/Src/main.c:546:5: warning: ignoring return value of 'rcutils_set_default_allocator' declared with attribute 'warn_unused_result' [-Wunused-result]
  546 |     rcutils_set_default_allocator(
      |     ^~~~~~~~~~~~~~~~~~~~~~~~~~~~~~
  547 |         &freeRTOS_allocator
      |         ~~~~~~~~~~~~~~~~~~~
  548 |     );
      |     ~
../Core/Src/main.c:561:5: warning: ignoring return value of 'rcl_init_options_init' declared with attribute 'warn_unused_result' [-Wunused-result]
  561 |     rcl_init_options_init(
      |     ^~~~~~~~~~~~~~~~~~~~~~
  562 |         &init_options,
      |         ~~~~~~~~~~~~~~
  563 |         allocator
      |         ~~~~~~~~~
  564 |     );
      |     ~
../Core/Src/main.c:566:5: warning: ignoring return value of 'rcl_init_options_set_domain_id' declared with attribute 'warn_unused_result' [-Wunused-result]
  566 |     rcl_init_options_set_domain_id(
      |     ^~~~~~~~~~~~~~~~~~~~~~~~~~~~~~~
  567 |         &init_options,
      |         ~~~~~~~~~~~~~~
  568 |         ROS_DOMAIN_ID
      |         ~~~~~~~~~~~~~
  569 |     );
      |     ~
../Core/Src/main.c:786:9: warning: ignoring return value of 'rcl_publish' declared with attribute 'warn_unused_result' [-Wunused-result]
  786 |         rcl_publish(
      |         ^~~~~~~~~~~~
  787 |             &sensor_vl53_publisher,
      |             ~~~~~~~~~~~~~~~~~~~~~~~
  788 |             &sensor_vl53_msg,
      |             ~~~~~~~~~~~~~~~~~
  789 |             NULL
      |             ~~~~
  790 |         );
      |         ~
../Core/Src/main.c:793:9: warning: ignoring return value of 'rcl_publish' declared with attribute 'warn_unused_result' [-Wunused-result]
  793 |         rcl_publish(
      |         ^~~~~~~~~~~~
  794 |             &sensor_ir_left_publisher,
      |             ~~~~~~~~~~~~~~~~~~~~~~~~~~
  795 |             &sensor_ir_left_msg,
      |             ~~~~~~~~~~~~~~~~~~~~
  796 |             NULL
      |             ~~~~
  797 |         );
      |         ~
../Core/Src/main.c:800:9: warning: ignoring return value of 'rcl_publish' declared with attribute 'warn_unused_result' [-Wunused-result]
  800 |         rcl_publish(
      |         ^~~~~~~~~~~~
  801 |             &sensor_ir_right_publisher,
      |             ~~~~~~~~~~~~~~~~~~~~~~~~~~~
  802 |             &sensor_ir_right_msg,
      |             ~~~~~~~~~~~~~~~~~~~~~
  803 |             NULL
      |             ~~~~
  804 |         );
      |         ~
../Core/Src/main.c:817:9: warning: ignoring return value of 'rcl_publish' declared with attribute 'warn_unused_result' [-Wunused-result]
  817 |         rcl_publish(
      |         ^~~~~~~~~~~~
  818 |             &speed_publisher,
      |             ~~~~~~~~~~~~~~~~~
  819 |             &robot_speed_msg,
      |             ~~~~~~~~~~~~~~~~~
  820 |             NULL
      |             ~~~~
  821 |         );
      |         ~
At top level:
../Core/Src/main.c:79:13: warning: 'lastObstacleCmd' defined but not used [-Wunused-variable]
   79 | static char lastObstacleCmd = 0;
      |             ^~~~~~~~~~~~~~~
../Core/Src/main.c:50:22: warning: 'xRandomTimer' defined but not used [-Wunused-variable]
   50 | static TimerHandle_t xRandomTimer;
      |                      ^~~~~~~~~~~~
arm-none-eabi-gcc -o "base_robot.elf" @"objects.list"  -lmicroros -mcpu=cortex-m4 -T"/home/e2023/e3pennan/Documents/sen robot/robot_task/base_robot/STM32F411RETX_FLASH.ld" --specs=nosys.specs -Wl,-Map="base_robot.map" -Wl,--gc-sections -static -L"/home/e2023/e3pennan/Documents/sen robot/robot_task/base_robot/micro_ros_stm32cubemx_utils/microros_static_library/libmicroros" --specs=nano.specs -mfpu=fpv4-sp-d16 -mfloat-abi=hard -mthumb -u _printf_float -u _scanf_float -Wl,--start-group -lc -lm -Wl,--end-group
Finished building target: base_robot.elf
 
arm-none-eabi-size   base_robot.elf 
arm-none-eabi-objdump -h -S  base_robot.elf  > "base_robot.list"
   text	   data	    bss	    dec	    hex	filename
 129088	    652	  60552	 190292	  2e754	base_robot.elf
Finished building: default.size.stdout
 
Finished building: base_robot.list
 
18:32:42 **** Incremental Build of configuration Debug for project base_robot ****
make -j12 all 
arm-none-eabi-gcc "../Core/Src/main.c" -mcpu=cortex-m4 -std=gnu11 -g3 -DDEBUG -DUSE_HAL_DRIVER -DSTM32F411xE -c -I../Core/Inc -I../Drivers/STM32F4xx_HAL_Driver/Inc -I"/home/e2023/e3pennan/Documents/sen robot/robot_task/base_robot/micro_ros_stm32cubemx_utils/microros_static_library/libmicroros/microros_include" -I../Drivers/STM32F4xx_HAL_Driver/Inc/Legacy -I../Drivers/CMSIS/Device/ST/STM32F4xx/Include -I../Drivers/CMSIS/Include -I../Middlewares/Third_Party/FreeRTOS/Source/include -I../Middlewares/Third_Party/FreeRTOS/Source/CMSIS_RTOS_V2 -I../Middlewares/Third_Party/FreeRTOS/Source/portable/GCC/ARM_CM4F -O0 -ffunction-sections -fdata-sections -Wall -fstack-usage -MMD -MP -MF"Core/Src/main.d" -MT"Core/Src/main.o" --specs=nano.specs -mfpu=fpv4-sp-d16 -mfloat-abi=hard -mthumb -o "Core/Src/main.o"
../Core/Src/main.c: In function 'task_Sensor':
../Core/Src/main.c:86:11: warning: implicit declaration of function 'captDistIR_ToCm'; did you mean 'captDistIR_Get'? [-Wimplicit-function-declaration]
   86 |   distL = captDistIR_ToCm(tab_distIR[0]);
      |           ^~~~~~~~~~~~~~~
      |           captDistIR_Get
../Core/Src/main.c:123:10: warning: unused variable 'cmd' [-Wunused-variable]
  123 |     char cmd;
      |          ^~~
../Core/Src/main.c: In function 'task_Manual':
../Core/Src/main.c:166:5: warning: implicit declaration of function 'moveForward' [-Wimplicit-function-declaration]
  166 |     moveForward(motorSpeed);
      |     ^~~~~~~~~~~
../Core/Src/main.c:170:5: warning: implicit declaration of function 'moveBackward' [-Wimplicit-function-declaration]
  170 |     moveBackward(motorSpeed);
      |     ^~~~~~~~~~~~
../Core/Src/main.c:174:5: warning: implicit declaration of function 'turnLeft' [-Wimplicit-function-declaration]
  174 |     turnLeft(motorSpeed);
      |     ^~~~~~~~
../Core/Src/main.c:178:5: warning: implicit declaration of function 'turnRight' [-Wimplicit-function-declaration]
  178 |     turnRight(motorSpeed);
      |     ^~~~~~~~~
../Core/Src/main.c:182:5: warning: implicit declaration of function 'stop' [-Wimplicit-function-declaration]
  182 |     stop();
      |     ^~~~
../Core/Src/main.c: In function 'main':
../Core/Src/main.c:282:6: warning: unused variable 'tab_dist' [-Wunused-variable]
  282 |  int tab_dist[2];
      |      ^~~~~~~~
../Core/Src/main.c:281:6: warning: variable 'ret' set but not used [-Wunused-but-set-variable]
  281 |  int ret = 0;
      |      ^~~
../Core/Src/main.c: At top level:
../Core/Src/main.c:45:13: warning: 'randomTimerCallback' declared 'static' but never defined [-Wunused-function]
   45 | static void randomTimerCallback(TimerHandle_t xTimer);
      |             ^~~~~~~~~~~~~~~~~~~
../Core/Src/main.c: In function 'microros_task':
../Core/Src/main.c:475:2: warning: ignoring return value of 'rcutils_set_default_allocator' declared with attribute 'warn_unused_result' [-Wunused-result]
  475 |  rcutils_set_default_allocator(&freeRTOS_allocator);
      |  ^~~~~~~~~~~~~~~~~~~~~~~~~~~~~~~~~~~~~~~~~~~~~~~~~~
../Core/Src/main.c:487:2: warning: ignoring return value of 'rcl_init_options_init' declared with attribute 'warn_unused_result' [-Wunused-result]
  487 |  rcl_init_options_init(&init_options, allocator);
      |  ^~~~~~~~~~~~~~~~~~~~~~~~~~~~~~~~~~~~~~~~~~~~~~~
../Core/Src/main.c:489:2: warning: ignoring return value of 'rcl_init_options_set_domain_id' declared with attribute 'warn_unused_result' [-Wunused-result]
  489 |  rcl_init_options_set_domain_id(&init_options,
      |  ^~~~~~~~~~~~~~~~~~~~~~~~~~~~~~~~~~~~~~~~~~~~~
  490 |  ROS_DOMAIN_ID);
      |  ~~~~~~~~~~~~~~
../Core/Src/main.c:625:3: warning: ignoring return value of 'rcl_publish' declared with attribute 'warn_unused_result' [-Wunused-result]
  625 |   rcl_publish(&sensor_vl53_publisher, &sensor_vl53_msg,
      |   ^~~~~~~~~~~~~~~~~~~~~~~~~~~~~~~~~~~~~~~~~~~~~~~~~~~~~
  626 |   NULL);
      |   ~~~~~
../Core/Src/main.c:629:3: warning: ignoring return value of 'rcl_publish' declared with attribute 'warn_unused_result' [-Wunused-result]
  629 |   rcl_publish(&sensor_ir_left_publisher, &sensor_ir_left_msg,
      |   ^~~~~~~~~~~~~~~~~~~~~~~~~~~~~~~~~~~~~~~~~~~~~~~~~~~~~~~~~~~
  630 |   NULL);
      |   ~~~~~
../Core/Src/main.c:633:3: warning: ignoring return value of 'rcl_publish' declared with attribute 'warn_unused_result' [-Wunused-result]
  633 |   rcl_publish(&sensor_ir_right_publisher, &sensor_ir_right_msg,
      |   ^~~~~~~~~~~~~~~~~~~~~~~~~~~~~~~~~~~~~~~~~~~~~~~~~~~~~~~~~~~~~
  634 |   NULL);
      |   ~~~~~
../Core/Src/main.c:646:3: warning: ignoring return value of 'rcl_publish' declared with attribute 'warn_unused_result' [-Wunused-result]
  646 |   rcl_publish(&speed_publisher, &robot_speed_msg,
      |   ^~~~~~~~~~~~~~~~~~~~~~~~~~~~~~~~~~~~~~~~~~~~~~~
  647 |   NULL);
      |   ~~~~~
At top level:
../Core/Src/main.c:73:13: warning: 'lastObstacleCmd' defined but not used [-Wunused-variable]
   73 | static char lastObstacleCmd = 0;
      |             ^~~~~~~~~~~~~~~
../Core/Src/main.c:44:22: warning: 'xRandomTimer' defined but not used [-Wunused-variable]
   44 | static TimerHandle_t xRandomTimer;
      |                      ^~~~~~~~~~~~
arm-none-eabi-gcc -o "base_robot.elf" @"objects.list"  -lmicroros -mcpu=cortex-m4 -T"/home/e2023/e3pennan/Documents/sen robot/robot_task/base_robot/STM32F411RETX_FLASH.ld" --specs=nosys.specs -Wl,-Map="base_robot.map" -Wl,--gc-sections -static -L"/home/e2023/e3pennan/Documents/sen robot/robot_task/base_robot/micro_ros_stm32cubemx_utils/microros_static_library/libmicroros" --specs=nano.specs -mfpu=fpv4-sp-d16 -mfloat-abi=hard -mthumb -u _printf_float -u _scanf_float -Wl,--start-group -lc -lm -Wl,--end-group
Finished building target: base_robot.elf
 
arm-none-eabi-size   base_robot.elf 
arm-none-eabi-objdump -h -S  base_robot.elf  > "base_robot.list"
   text	   data	    bss	    dec	    hex	filename
 129144	    652	  60552	 190348	  2e78c	base_robot.elf
Finished building: default.size.stdout
 
Finished building: base_robot.list
 
18:34:31 **** Incremental Build of configuration Debug for project base_robot ****
make -j12 all 
arm-none-eabi-gcc "../Core/Src/main.c" -mcpu=cortex-m4 -std=gnu11 -g3 -DDEBUG -DUSE_HAL_DRIVER -DSTM32F411xE -c -I../Core/Inc -I../Drivers/STM32F4xx_HAL_Driver/Inc -I"/home/e2023/e3pennan/Documents/sen robot/robot_task/base_robot/micro_ros_stm32cubemx_utils/microros_static_library/libmicroros/microros_include" -I../Drivers/STM32F4xx_HAL_Driver/Inc/Legacy -I../Drivers/CMSIS/Device/ST/STM32F4xx/Include -I../Drivers/CMSIS/Include -I../Middlewares/Third_Party/FreeRTOS/Source/include -I../Middlewares/Third_Party/FreeRTOS/Source/CMSIS_RTOS_V2 -I../Middlewares/Third_Party/FreeRTOS/Source/portable/GCC/ARM_CM4F -O0 -ffunction-sections -fdata-sections -Wall -fstack-usage -MMD -MP -MF"Core/Src/main.d" -MT"Core/Src/main.o" --specs=nano.specs -mfpu=fpv4-sp-d16 -mfloat-abi=hard -mthumb -o "Core/Src/main.o"
../Core/Src/main.c: In function 'task_Sensor':
../Core/Src/main.c:86:11: warning: implicit declaration of function 'captDistIR_ToCm'; did you mean 'captDistIR_Get'? [-Wimplicit-function-declaration]
   86 |   distL = captDistIR_ToCm(tab_distIR[0]);
      |           ^~~~~~~~~~~~~~~
      |           captDistIR_Get
../Core/Src/main.c:123:10: warning: unused variable 'cmd' [-Wunused-variable]
  123 |     char cmd;
      |          ^~~
../Core/Src/main.c: In function 'task_Manual':
../Core/Src/main.c:166:5: warning: implicit declaration of function 'moveForward' [-Wimplicit-function-declaration]
  166 |     moveForward(motorSpeed);
      |     ^~~~~~~~~~~
../Core/Src/main.c:170:5: warning: implicit declaration of function 'moveBackward' [-Wimplicit-function-declaration]
  170 |     moveBackward(motorSpeed);
      |     ^~~~~~~~~~~~
../Core/Src/main.c:174:5: warning: implicit declaration of function 'turnLeft' [-Wimplicit-function-declaration]
  174 |     turnLeft(motorSpeed);
      |     ^~~~~~~~
../Core/Src/main.c:178:5: warning: implicit declaration of function 'turnRight' [-Wimplicit-function-declaration]
  178 |     turnRight(motorSpeed);
      |     ^~~~~~~~~
../Core/Src/main.c:182:5: warning: implicit declaration of function 'stop' [-Wimplicit-function-declaration]
  182 |     stop();
      |     ^~~~
../Core/Src/main.c: In function 'main':
../Core/Src/main.c:362:7: error: 'r' undeclared (first use in this function)
  362 |   if (r != pdPASS)
      |       ^
../Core/Src/main.c:362:7: note: each undeclared identifier is reported only once for each function it appears in
../Core/Src/main.c:282:6: warning: unused variable 'tab_dist' [-Wunused-variable]
  282 |  int tab_dist[2];
      |      ^~~~~~~~
../Core/Src/main.c:281:6: warning: variable 'ret' set but not used [-Wunused-but-set-variable]
  281 |  int ret = 0;
      |      ^~~
../Core/Src/main.c: At top level:
../Core/Src/main.c:45:13: warning: 'randomTimerCallback' declared 'static' but never defined [-Wunused-function]
   45 | static void randomTimerCallback(TimerHandle_t xTimer);
      |             ^~~~~~~~~~~~~~~~~~~
../Core/Src/main.c: In function 'microros_task':
../Core/Src/main.c:474:2: warning: ignoring return value of 'rcutils_set_default_allocator' declared with attribute 'warn_unused_result' [-Wunused-result]
  474 |  rcutils_set_default_allocator(&freeRTOS_allocator);
      |  ^~~~~~~~~~~~~~~~~~~~~~~~~~~~~~~~~~~~~~~~~~~~~~~~~~
../Core/Src/main.c:486:2: warning: ignoring return value of 'rcl_init_options_init' declared with attribute 'warn_unused_result' [-Wunused-result]
  486 |  rcl_init_options_init(&init_options, allocator);
      |  ^~~~~~~~~~~~~~~~~~~~~~~~~~~~~~~~~~~~~~~~~~~~~~~
../Core/Src/main.c:488:2: warning: ignoring return value of 'rcl_init_options_set_domain_id' declared with attribute 'warn_unused_result' [-Wunused-result]
  488 |  rcl_init_options_set_domain_id(&init_options,
      |  ^~~~~~~~~~~~~~~~~~~~~~~~~~~~~~~~~~~~~~~~~~~~~
  489 |  ROS_DOMAIN_ID);
      |  ~~~~~~~~~~~~~~
../Core/Src/main.c:624:3: warning: ignoring return value of 'rcl_publish' declared with attribute 'warn_unused_result' [-Wunused-result]
  624 |   rcl_publish(&sensor_vl53_publisher, &sensor_vl53_msg,
      |   ^~~~~~~~~~~~~~~~~~~~~~~~~~~~~~~~~~~~~~~~~~~~~~~~~~~~~
  625 |   NULL);
      |   ~~~~~
../Core/Src/main.c:628:3: warning: ignoring return value of 'rcl_publish' declared with attribute 'warn_unused_result' [-Wunused-result]
  628 |   rcl_publish(&sensor_ir_left_publisher, &sensor_ir_left_msg,
      |   ^~~~~~~~~~~~~~~~~~~~~~~~~~~~~~~~~~~~~~~~~~~~~~~~~~~~~~~~~~~
  629 |   NULL);
      |   ~~~~~
../Core/Src/main.c:632:3: warning: ignoring return value of 'rcl_publish' declared with attribute 'warn_unused_result' [-Wunused-result]
  632 |   rcl_publish(&sensor_ir_right_publisher, &sensor_ir_right_msg,
      |   ^~~~~~~~~~~~~~~~~~~~~~~~~~~~~~~~~~~~~~~~~~~~~~~~~~~~~~~~~~~~~
  633 |   NULL);
      |   ~~~~~
../Core/Src/main.c:645:3: warning: ignoring return value of 'rcl_publish' declared with attribute 'warn_unused_result' [-Wunused-result]
  645 |   rcl_publish(&speed_publisher, &robot_speed_msg,
      |   ^~~~~~~~~~~~~~~~~~~~~~~~~~~~~~~~~~~~~~~~~~~~~~~
  646 |   NULL);
      |   ~~~~~
At top level:
../Core/Src/main.c:73:13: warning: 'lastObstacleCmd' defined but not used [-Wunused-variable]
   73 | static char lastObstacleCmd = 0;
      |             ^~~~~~~~~~~~~~~
../Core/Src/main.c:44:22: warning: 'xRandomTimer' defined but not used [-Wunused-variable]
   44 | static TimerHandle_t xRandomTimer;
      |                      ^~~~~~~~~~~~
make: *** [Core/Src/subdir.mk:82: Core/Src/main.o] Error 1
"make -j12 all" terminated with exit code 2. Build might be incomplete.
18:35:09 **** Incremental Build of configuration Debug for project base_robot ****
make -j12 all 
arm-none-eabi-gcc "../Core/Src/main.c" -mcpu=cortex-m4 -std=gnu11 -g3 -DDEBUG -DUSE_HAL_DRIVER -DSTM32F411xE -c -I../Core/Inc -I../Drivers/STM32F4xx_HAL_Driver/Inc -I"/home/e2023/e3pennan/Documents/sen robot/robot_task/base_robot/micro_ros_stm32cubemx_utils/microros_static_library/libmicroros/microros_include" -I../Drivers/STM32F4xx_HAL_Driver/Inc/Legacy -I../Drivers/CMSIS/Device/ST/STM32F4xx/Include -I../Drivers/CMSIS/Include -I../Middlewares/Third_Party/FreeRTOS/Source/include -I../Middlewares/Third_Party/FreeRTOS/Source/CMSIS_RTOS_V2 -I../Middlewares/Third_Party/FreeRTOS/Source/portable/GCC/ARM_CM4F -O0 -ffunction-sections -fdata-sections -Wall -fstack-usage -MMD -MP -MF"Core/Src/main.d" -MT"Core/Src/main.o" --specs=nano.specs -mfpu=fpv4-sp-d16 -mfloat-abi=hard -mthumb -o "Core/Src/main.o"
../Core/Src/main.c: In function 'task_Sensor':
../Core/Src/main.c:86:11: warning: implicit declaration of function 'captDistIR_ToCm'; did you mean 'captDistIR_Get'? [-Wimplicit-function-declaration]
   86 |   distL = captDistIR_ToCm(tab_distIR[0]);
      |           ^~~~~~~~~~~~~~~
      |           captDistIR_Get
../Core/Src/main.c:123:10: warning: unused variable 'cmd' [-Wunused-variable]
  123 |     char cmd;
      |          ^~~
../Core/Src/main.c: In function 'task_Manual':
../Core/Src/main.c:166:5: warning: implicit declaration of function 'moveForward' [-Wimplicit-function-declaration]
  166 |     moveForward(motorSpeed);
      |     ^~~~~~~~~~~
../Core/Src/main.c:170:5: warning: implicit declaration of function 'moveBackward' [-Wimplicit-function-declaration]
  170 |     moveBackward(motorSpeed);
      |     ^~~~~~~~~~~~
../Core/Src/main.c:174:5: warning: implicit declaration of function 'turnLeft' [-Wimplicit-function-declaration]
  174 |     turnLeft(motorSpeed);
      |     ^~~~~~~~
../Core/Src/main.c:178:5: warning: implicit declaration of function 'turnRight' [-Wimplicit-function-declaration]
  178 |     turnRight(motorSpeed);
      |     ^~~~~~~~~
../Core/Src/main.c:182:5: warning: implicit declaration of function 'stop' [-Wimplicit-function-declaration]
  182 |     stop();
      |     ^~~~
../Core/Src/main.c: In function 'main':
../Core/Src/main.c:282:6: warning: unused variable 'tab_dist' [-Wunused-variable]
  282 |  int tab_dist[2];
      |      ^~~~~~~~
../Core/Src/main.c:281:6: warning: variable 'ret' set but not used [-Wunused-but-set-variable]
  281 |  int ret = 0;
      |      ^~~
../Core/Src/main.c: At top level:
../Core/Src/main.c:45:13: warning: 'randomTimerCallback' declared 'static' but never defined [-Wunused-function]
   45 | static void randomTimerCallback(TimerHandle_t xTimer);
      |             ^~~~~~~~~~~~~~~~~~~
../Core/Src/main.c: In function 'microros_task':
../Core/Src/main.c:467:2: warning: ignoring return value of 'rcutils_set_default_allocator' declared with attribute 'warn_unused_result' [-Wunused-result]
  467 |  rcutils_set_default_allocator(&freeRTOS_allocator);
      |  ^~~~~~~~~~~~~~~~~~~~~~~~~~~~~~~~~~~~~~~~~~~~~~~~~~
../Core/Src/main.c:479:2: warning: ignoring return value of 'rcl_init_options_init' declared with attribute 'warn_unused_result' [-Wunused-result]
  479 |  rcl_init_options_init(&init_options, allocator);
      |  ^~~~~~~~~~~~~~~~~~~~~~~~~~~~~~~~~~~~~~~~~~~~~~~
../Core/Src/main.c:481:2: warning: ignoring return value of 'rcl_init_options_set_domain_id' declared with attribute 'warn_unused_result' [-Wunused-result]
  481 |  rcl_init_options_set_domain_id(&init_options,
      |  ^~~~~~~~~~~~~~~~~~~~~~~~~~~~~~~~~~~~~~~~~~~~~
  482 |  ROS_DOMAIN_ID);
      |  ~~~~~~~~~~~~~~
../Core/Src/main.c:617:3: warning: ignoring return value of 'rcl_publish' declared with attribute 'warn_unused_result' [-Wunused-result]
  617 |   rcl_publish(&sensor_vl53_publisher, &sensor_vl53_msg,
      |   ^~~~~~~~~~~~~~~~~~~~~~~~~~~~~~~~~~~~~~~~~~~~~~~~~~~~~
  618 |   NULL);
      |   ~~~~~
../Core/Src/main.c:621:3: warning: ignoring return value of 'rcl_publish' declared with attribute 'warn_unused_result' [-Wunused-result]
  621 |   rcl_publish(&sensor_ir_left_publisher, &sensor_ir_left_msg,
      |   ^~~~~~~~~~~~~~~~~~~~~~~~~~~~~~~~~~~~~~~~~~~~~~~~~~~~~~~~~~~
  622 |   NULL);
      |   ~~~~~
../Core/Src/main.c:625:3: warning: ignoring return value of 'rcl_publish' declared with attribute 'warn_unused_result' [-Wunused-result]
  625 |   rcl_publish(&sensor_ir_right_publisher, &sensor_ir_right_msg,
      |   ^~~~~~~~~~~~~~~~~~~~~~~~~~~~~~~~~~~~~~~~~~~~~~~~~~~~~~~~~~~~~
  626 |   NULL);
      |   ~~~~~
../Core/Src/main.c:638:3: warning: ignoring return value of 'rcl_publish' declared with attribute 'warn_unused_result' [-Wunused-result]
  638 |   rcl_publish(&speed_publisher, &robot_speed_msg,
      |   ^~~~~~~~~~~~~~~~~~~~~~~~~~~~~~~~~~~~~~~~~~~~~~~
  639 |   NULL);
      |   ~~~~~
At top level:
../Core/Src/main.c:73:13: warning: 'lastObstacleCmd' defined but not used [-Wunused-variable]
   73 | static char lastObstacleCmd = 0;
      |             ^~~~~~~~~~~~~~~
../Core/Src/main.c:44:22: warning: 'xRandomTimer' defined but not used [-Wunused-variable]
   44 | static TimerHandle_t xRandomTimer;
      |                      ^~~~~~~~~~~~
arm-none-eabi-gcc -o "base_robot.elf" @"objects.list"  -lmicroros -mcpu=cortex-m4 -T"/home/e2023/e3pennan/Documents/sen robot/robot_task/base_robot/STM32F411RETX_FLASH.ld" --specs=nosys.specs -Wl,-Map="base_robot.map" -Wl,--gc-sections -static -L"/home/e2023/e3pennan/Documents/sen robot/robot_task/base_robot/micro_ros_stm32cubemx_utils/microros_static_library/libmicroros" --specs=nano.specs -mfpu=fpv4-sp-d16 -mfloat-abi=hard -mthumb -u _printf_float -u _scanf_float -Wl,--start-group -lc -lm -Wl,--end-group
Finished building target: base_robot.elf
 
arm-none-eabi-size   base_robot.elf 
arm-none-eabi-objdump -h -S  base_robot.elf  > "base_robot.list"
   text	   data	    bss	    dec	    hex	filename
 129088	    652	  60552	 190292	  2e754	base_robot.elf
Finished building: default.size.stdout
 
Finished building: base_robot.list
 
18:36:55 **** Incremental Build of configuration Debug for project base_robot ****
make -j12 all 
arm-none-eabi-gcc "../Core/Src/main.c" -mcpu=cortex-m4 -std=gnu11 -g3 -DDEBUG -DUSE_HAL_DRIVER -DSTM32F411xE -c -I../Core/Inc -I../Drivers/STM32F4xx_HAL_Driver/Inc -I"/home/e2023/e3pennan/Documents/sen robot/robot_task/base_robot/micro_ros_stm32cubemx_utils/microros_static_library/libmicroros/microros_include" -I../Drivers/STM32F4xx_HAL_Driver/Inc/Legacy -I../Drivers/CMSIS/Device/ST/STM32F4xx/Include -I../Drivers/CMSIS/Include -I../Middlewares/Third_Party/FreeRTOS/Source/include -I../Middlewares/Third_Party/FreeRTOS/Source/CMSIS_RTOS_V2 -I../Middlewares/Third_Party/FreeRTOS/Source/portable/GCC/ARM_CM4F -O0 -ffunction-sections -fdata-sections -Wall -fstack-usage -MMD -MP -MF"Core/Src/main.d" -MT"Core/Src/main.o" --specs=nano.specs -mfpu=fpv4-sp-d16 -mfloat-abi=hard -mthumb -o "Core/Src/main.o"
../Core/Src/main.c: In function 'task_Sensor':
../Core/Src/main.c:86:11: warning: implicit declaration of function 'captDistIR_ToCm'; did you mean 'captDistIR_Get'? [-Wimplicit-function-declaration]
   86 |   distL = captDistIR_ToCm(tab_distIR[0]);
      |           ^~~~~~~~~~~~~~~
      |           captDistIR_Get
../Core/Src/main.c:123:10: warning: unused variable 'cmd' [-Wunused-variable]
  123 |     char cmd;
      |          ^~~
../Core/Src/main.c: In function 'task_Manual':
../Core/Src/main.c:166:5: warning: implicit declaration of function 'moveForward' [-Wimplicit-function-declaration]
  166 |     moveForward(motorSpeed);
      |     ^~~~~~~~~~~
../Core/Src/main.c:170:5: warning: implicit declaration of function 'moveBackward' [-Wimplicit-function-declaration]
  170 |     moveBackward(motorSpeed);
      |     ^~~~~~~~~~~~
../Core/Src/main.c:174:5: warning: implicit declaration of function 'turnLeft' [-Wimplicit-function-declaration]
  174 |     turnLeft(motorSpeed);
      |     ^~~~~~~~
../Core/Src/main.c:178:5: warning: implicit declaration of function 'turnRight' [-Wimplicit-function-declaration]
  178 |     turnRight(motorSpeed);
      |     ^~~~~~~~~
../Core/Src/main.c:182:5: warning: implicit declaration of function 'stop' [-Wimplicit-function-declaration]
  182 |     stop();
      |     ^~~~
../Core/Src/main.c: In function 'main':
../Core/Src/main.c:282:6: warning: unused variable 'tab_dist' [-Wunused-variable]
  282 |  int tab_dist[2];
      |      ^~~~~~~~
../Core/Src/main.c:281:6: warning: variable 'ret' set but not used [-Wunused-but-set-variable]
  281 |  int ret = 0;
      |      ^~~
../Core/Src/main.c: At top level:
../Core/Src/main.c:45:13: warning: 'randomTimerCallback' declared 'static' but never defined [-Wunused-function]
   45 | static void randomTimerCallback(TimerHandle_t xTimer);
      |             ^~~~~~~~~~~~~~~~~~~
../Core/Src/main.c: In function 'microros_task':
../Core/Src/main.c:467:2: warning: ignoring return value of 'rcutils_set_default_allocator' declared with attribute 'warn_unused_result' [-Wunused-result]
  467 |  rcutils_set_default_allocator(&freeRTOS_allocator);
      |  ^~~~~~~~~~~~~~~~~~~~~~~~~~~~~~~~~~~~~~~~~~~~~~~~~~
../Core/Src/main.c:479:2: warning: ignoring return value of 'rcl_init_options_init' declared with attribute 'warn_unused_result' [-Wunused-result]
  479 |  rcl_init_options_init(&init_options, allocator);
      |  ^~~~~~~~~~~~~~~~~~~~~~~~~~~~~~~~~~~~~~~~~~~~~~~
../Core/Src/main.c:481:2: warning: ignoring return value of 'rcl_init_options_set_domain_id' declared with attribute 'warn_unused_result' [-Wunused-result]
  481 |  rcl_init_options_set_domain_id(&init_options,
      |  ^~~~~~~~~~~~~~~~~~~~~~~~~~~~~~~~~~~~~~~~~~~~~
  482 |  ROS_DOMAIN_ID);
      |  ~~~~~~~~~~~~~~
../Core/Src/main.c:617:3: warning: ignoring return value of 'rcl_publish' declared with attribute 'warn_unused_result' [-Wunused-result]
  617 |   rcl_publish(&sensor_vl53_publisher, &sensor_vl53_msg,
      |   ^~~~~~~~~~~~~~~~~~~~~~~~~~~~~~~~~~~~~~~~~~~~~~~~~~~~~
  618 |   NULL);
      |   ~~~~~
../Core/Src/main.c:621:3: warning: ignoring return value of 'rcl_publish' declared with attribute 'warn_unused_result' [-Wunused-result]
  621 |   rcl_publish(&sensor_ir_left_publisher, &sensor_ir_left_msg,
      |   ^~~~~~~~~~~~~~~~~~~~~~~~~~~~~~~~~~~~~~~~~~~~~~~~~~~~~~~~~~~
  622 |   NULL);
      |   ~~~~~
../Core/Src/main.c:625:3: warning: ignoring return value of 'rcl_publish' declared with attribute 'warn_unused_result' [-Wunused-result]
  625 |   rcl_publish(&sensor_ir_right_publisher, &sensor_ir_right_msg,
      |   ^~~~~~~~~~~~~~~~~~~~~~~~~~~~~~~~~~~~~~~~~~~~~~~~~~~~~~~~~~~~~
  626 |   NULL);
      |   ~~~~~
../Core/Src/main.c:638:3: warning: ignoring return value of 'rcl_publish' declared with attribute 'warn_unused_result' [-Wunused-result]
  638 |   rcl_publish(&speed_publisher, &robot_speed_msg,
      |   ^~~~~~~~~~~~~~~~~~~~~~~~~~~~~~~~~~~~~~~~~~~~~~~
  639 |   NULL);
      |   ~~~~~
At top level:
../Core/Src/main.c:73:13: warning: 'lastObstacleCmd' defined but not used [-Wunused-variable]
   73 | static char lastObstacleCmd = 0;
      |             ^~~~~~~~~~~~~~~
../Core/Src/main.c:44:22: warning: 'xRandomTimer' defined but not used [-Wunused-variable]
   44 | static TimerHandle_t xRandomTimer;
      |                      ^~~~~~~~~~~~
arm-none-eabi-gcc -o "base_robot.elf" @"objects.list"  -lmicroros -mcpu=cortex-m4 -T"/home/e2023/e3pennan/Documents/sen robot/robot_task/base_robot/STM32F411RETX_FLASH.ld" --specs=nosys.specs -Wl,-Map="base_robot.map" -Wl,--gc-sections -static -L"/home/e2023/e3pennan/Documents/sen robot/robot_task/base_robot/micro_ros_stm32cubemx_utils/microros_static_library/libmicroros" --specs=nano.specs -mfpu=fpv4-sp-d16 -mfloat-abi=hard -mthumb -u _printf_float -u _scanf_float -Wl,--start-group -lc -lm -Wl,--end-group
Finished building target: base_robot.elf
 
arm-none-eabi-size   base_robot.elf 
arm-none-eabi-objdump -h -S  base_robot.elf  > "base_robot.list"
   text	   data	    bss	    dec	    hex	filename
 129088	    656	  60544	 190288	  2e750	base_robot.elf
Finished building: default.size.stdout
 
Finished building: base_robot.list
 
18:37:55 **** Incremental Build of configuration Debug for project base_robot ****
make -j12 all 
arm-none-eabi-gcc "../Core/Src/main.c" -mcpu=cortex-m4 -std=gnu11 -g3 -DDEBUG -DUSE_HAL_DRIVER -DSTM32F411xE -c -I../Core/Inc -I../Drivers/STM32F4xx_HAL_Driver/Inc -I"/home/e2023/e3pennan/Documents/sen robot/robot_task/base_robot/micro_ros_stm32cubemx_utils/microros_static_library/libmicroros/microros_include" -I../Drivers/STM32F4xx_HAL_Driver/Inc/Legacy -I../Drivers/CMSIS/Device/ST/STM32F4xx/Include -I../Drivers/CMSIS/Include -I../Middlewares/Third_Party/FreeRTOS/Source/include -I../Middlewares/Third_Party/FreeRTOS/Source/CMSIS_RTOS_V2 -I../Middlewares/Third_Party/FreeRTOS/Source/portable/GCC/ARM_CM4F -O0 -ffunction-sections -fdata-sections -Wall -fstack-usage -MMD -MP -MF"Core/Src/main.d" -MT"Core/Src/main.o" --specs=nano.specs -mfpu=fpv4-sp-d16 -mfloat-abi=hard -mthumb -o "Core/Src/main.o"
../Core/Src/main.c: In function 'task_Sensor':
../Core/Src/main.c:86:11: warning: implicit declaration of function 'captDistIR_ToCm'; did you mean 'captDistIR_Get'? [-Wimplicit-function-declaration]
   86 |   distL = captDistIR_ToCm(tab_distIR[0]);
      |           ^~~~~~~~~~~~~~~
      |           captDistIR_Get
../Core/Src/main.c:123:10: warning: unused variable 'cmd' [-Wunused-variable]
  123 |     char cmd;
      |          ^~~
../Core/Src/main.c: In function 'task_Manual':
../Core/Src/main.c:166:5: warning: implicit declaration of function 'moveForward' [-Wimplicit-function-declaration]
  166 |     moveForward(motorSpeed);
      |     ^~~~~~~~~~~
../Core/Src/main.c:170:5: warning: implicit declaration of function 'moveBackward' [-Wimplicit-function-declaration]
  170 |     moveBackward(motorSpeed);
      |     ^~~~~~~~~~~~
../Core/Src/main.c:174:5: warning: implicit declaration of function 'turnLeft' [-Wimplicit-function-declaration]
  174 |     turnLeft(motorSpeed);
      |     ^~~~~~~~
../Core/Src/main.c:178:5: warning: implicit declaration of function 'turnRight' [-Wimplicit-function-declaration]
  178 |     turnRight(motorSpeed);
      |     ^~~~~~~~~
../Core/Src/main.c:182:5: warning: implicit declaration of function 'stop' [-Wimplicit-function-declaration]
  182 |     stop();
      |     ^~~~
../Core/Src/main.c: In function 'main':
../Core/Src/main.c:282:6: warning: unused variable 'tab_dist' [-Wunused-variable]
  282 |  int tab_dist[2];
      |      ^~~~~~~~
../Core/Src/main.c:281:6: warning: variable 'ret' set but not used [-Wunused-but-set-variable]
  281 |  int ret = 0;
      |      ^~~
../Core/Src/main.c: At top level:
../Core/Src/main.c:45:13: warning: 'randomTimerCallback' declared 'static' but never defined [-Wunused-function]
   45 | static void randomTimerCallback(TimerHandle_t xTimer);
      |             ^~~~~~~~~~~~~~~~~~~
../Core/Src/main.c: In function 'microros_task':
../Core/Src/main.c:467:2: warning: ignoring return value of 'rcutils_set_default_allocator' declared with attribute 'warn_unused_result' [-Wunused-result]
  467 |  rcutils_set_default_allocator(&freeRTOS_allocator);
      |  ^~~~~~~~~~~~~~~~~~~~~~~~~~~~~~~~~~~~~~~~~~~~~~~~~~
../Core/Src/main.c:479:2: warning: ignoring return value of 'rcl_init_options_init' declared with attribute 'warn_unused_result' [-Wunused-result]
  479 |  rcl_init_options_init(&init_options, allocator);
      |  ^~~~~~~~~~~~~~~~~~~~~~~~~~~~~~~~~~~~~~~~~~~~~~~
../Core/Src/main.c:481:2: warning: ignoring return value of 'rcl_init_options_set_domain_id' declared with attribute 'warn_unused_result' [-Wunused-result]
  481 |  rcl_init_options_set_domain_id(&init_options,
      |  ^~~~~~~~~~~~~~~~~~~~~~~~~~~~~~~~~~~~~~~~~~~~~
  482 |  ROS_DOMAIN_ID);
      |  ~~~~~~~~~~~~~~
../Core/Src/main.c:617:3: warning: ignoring return value of 'rcl_publish' declared with attribute 'warn_unused_result' [-Wunused-result]
  617 |   rcl_publish(&sensor_vl53_publisher, &sensor_vl53_msg,
      |   ^~~~~~~~~~~~~~~~~~~~~~~~~~~~~~~~~~~~~~~~~~~~~~~~~~~~~
  618 |   NULL);
      |   ~~~~~
../Core/Src/main.c:621:3: warning: ignoring return value of 'rcl_publish' declared with attribute 'warn_unused_result' [-Wunused-result]
  621 |   rcl_publish(&sensor_ir_left_publisher, &sensor_ir_left_msg,
      |   ^~~~~~~~~~~~~~~~~~~~~~~~~~~~~~~~~~~~~~~~~~~~~~~~~~~~~~~~~~~
  622 |   NULL);
      |   ~~~~~
../Core/Src/main.c:625:3: warning: ignoring return value of 'rcl_publish' declared with attribute 'warn_unused_result' [-Wunused-result]
  625 |   rcl_publish(&sensor_ir_right_publisher, &sensor_ir_right_msg,
      |   ^~~~~~~~~~~~~~~~~~~~~~~~~~~~~~~~~~~~~~~~~~~~~~~~~~~~~~~~~~~~~
  626 |   NULL);
      |   ~~~~~
../Core/Src/main.c:638:3: warning: ignoring return value of 'rcl_publish' declared with attribute 'warn_unused_result' [-Wunused-result]
  638 |   rcl_publish(&speed_publisher, &robot_speed_msg,
      |   ^~~~~~~~~~~~~~~~~~~~~~~~~~~~~~~~~~~~~~~~~~~~~~~
  639 |   NULL);
      |   ~~~~~
At top level:
../Core/Src/main.c:73:13: warning: 'lastObstacleCmd' defined but not used [-Wunused-variable]
   73 | static char lastObstacleCmd = 0;
      |             ^~~~~~~~~~~~~~~
../Core/Src/main.c:44:22: warning: 'xRandomTimer' defined but not used [-Wunused-variable]
   44 | static TimerHandle_t xRandomTimer;
      |                      ^~~~~~~~~~~~
arm-none-eabi-gcc -o "base_robot.elf" @"objects.list"  -lmicroros -mcpu=cortex-m4 -T"/home/e2023/e3pennan/Documents/sen robot/robot_task/base_robot/STM32F411RETX_FLASH.ld" --specs=nosys.specs -Wl,-Map="base_robot.map" -Wl,--gc-sections -static -L"/home/e2023/e3pennan/Documents/sen robot/robot_task/base_robot/micro_ros_stm32cubemx_utils/microros_static_library/libmicroros" --specs=nano.specs -mfpu=fpv4-sp-d16 -mfloat-abi=hard -mthumb -u _printf_float -u _scanf_float -Wl,--start-group -lc -lm -Wl,--end-group
Finished building target: base_robot.elf
 
arm-none-eabi-size   base_robot.elf 
arm-none-eabi-objdump -h -S  base_robot.elf  > "base_robot.list"
   text	   data	    bss	    dec	    hex	filename
 129088	    656	  60544	 190288	  2e750	base_robot.elf
Finished building: default.size.stdout
 
Finished building: base_robot.list
 
18:43:47 **** Incremental Build of configuration Debug for project base_robot ****
make -j12 all 
arm-none-eabi-gcc "../Core/Src/main.c" -mcpu=cortex-m4 -std=gnu11 -g3 -DDEBUG -DUSE_HAL_DRIVER -DSTM32F411xE -c -I../Core/Inc -I../Drivers/STM32F4xx_HAL_Driver/Inc -I"/home/e2023/e3pennan/Documents/sen robot/robot_task/base_robot/micro_ros_stm32cubemx_utils/microros_static_library/libmicroros/microros_include" -I../Drivers/STM32F4xx_HAL_Driver/Inc/Legacy -I../Drivers/CMSIS/Device/ST/STM32F4xx/Include -I../Drivers/CMSIS/Include -I../Middlewares/Third_Party/FreeRTOS/Source/include -I../Middlewares/Third_Party/FreeRTOS/Source/CMSIS_RTOS_V2 -I../Middlewares/Third_Party/FreeRTOS/Source/portable/GCC/ARM_CM4F -O0 -ffunction-sections -fdata-sections -Wall -fstack-usage -MMD -MP -MF"Core/Src/main.d" -MT"Core/Src/main.o" --specs=nano.specs -mfpu=fpv4-sp-d16 -mfloat-abi=hard -mthumb -o "Core/Src/main.o"
../Core/Src/main.c: In function 'task_Sensor':
../Core/Src/main.c:86:11: warning: implicit declaration of function 'captDistIR_ToCm'; did you mean 'captDistIR_Get'? [-Wimplicit-function-declaration]
   86 |   distL = captDistIR_ToCm(tab_distIR[0]);
      |           ^~~~~~~~~~~~~~~
      |           captDistIR_Get
../Core/Src/main.c:123:10: warning: unused variable 'cmd' [-Wunused-variable]
  123 |     char cmd;
      |          ^~~
../Core/Src/main.c: In function 'task_Manual':
../Core/Src/main.c:166:5: warning: implicit declaration of function 'moveForward' [-Wimplicit-function-declaration]
  166 |     moveForward(motorSpeed);
      |     ^~~~~~~~~~~
../Core/Src/main.c:170:5: warning: implicit declaration of function 'moveBackward' [-Wimplicit-function-declaration]
  170 |     moveBackward(motorSpeed);
      |     ^~~~~~~~~~~~
../Core/Src/main.c:174:5: warning: implicit declaration of function 'turnLeft' [-Wimplicit-function-declaration]
  174 |     turnLeft(motorSpeed);
      |     ^~~~~~~~
../Core/Src/main.c:178:5: warning: implicit declaration of function 'turnRight' [-Wimplicit-function-declaration]
  178 |     turnRight(motorSpeed);
      |     ^~~~~~~~~
../Core/Src/main.c:182:5: warning: implicit declaration of function 'stop' [-Wimplicit-function-declaration]
  182 |     stop();
      |     ^~~~
../Core/Src/main.c: In function 'task_Tracking':
../Core/Src/main.c:255:4: error: 'error' undeclared (first use in this function); did you mean 'perror'?
  255 |    error = tracking_x;
      |    ^~~~~
      |    perror
../Core/Src/main.c:255:4: note: each undeclared identifier is reported only once for each function it appears in
../Core/Src/main.c: In function 'main':
../Core/Src/main.c:281:6: warning: unused variable 'tab_dist' [-Wunused-variable]
  281 |  int tab_dist[2];
      |      ^~~~~~~~
../Core/Src/main.c:280:6: warning: variable 'ret' set but not used [-Wunused-but-set-variable]
  280 |  int ret = 0;
      |      ^~~
../Core/Src/main.c: At top level:
../Core/Src/main.c:45:13: warning: 'randomTimerCallback' declared 'static' but never defined [-Wunused-function]
   45 | static void randomTimerCallback(TimerHandle_t xTimer);
      |             ^~~~~~~~~~~~~~~~~~~
../Core/Src/main.c: In function 'microros_task':
../Core/Src/main.c:466:2: warning: ignoring return value of 'rcutils_set_default_allocator' declared with attribute 'warn_unused_result' [-Wunused-result]
  466 |  rcutils_set_default_allocator(&freeRTOS_allocator);
      |  ^~~~~~~~~~~~~~~~~~~~~~~~~~~~~~~~~~~~~~~~~~~~~~~~~~
../Core/Src/main.c:478:2: warning: ignoring return value of 'rcl_init_options_init' declared with attribute 'warn_unused_result' [-Wunused-result]
  478 |  rcl_init_options_init(&init_options, allocator);
      |  ^~~~~~~~~~~~~~~~~~~~~~~~~~~~~~~~~~~~~~~~~~~~~~~
../Core/Src/main.c:480:2: warning: ignoring return value of 'rcl_init_options_set_domain_id' declared with attribute 'warn_unused_result' [-Wunused-result]
  480 |  rcl_init_options_set_domain_id(&init_options,
      |  ^~~~~~~~~~~~~~~~~~~~~~~~~~~~~~~~~~~~~~~~~~~~~
  481 |  ROS_DOMAIN_ID);
      |  ~~~~~~~~~~~~~~
../Core/Src/main.c:616:3: warning: ignoring return value of 'rcl_publish' declared with attribute 'warn_unused_result' [-Wunused-result]
  616 |   rcl_publish(&sensor_vl53_publisher, &sensor_vl53_msg,
      |   ^~~~~~~~~~~~~~~~~~~~~~~~~~~~~~~~~~~~~~~~~~~~~~~~~~~~~
  617 |   NULL);
      |   ~~~~~
../Core/Src/main.c:620:3: warning: ignoring return value of 'rcl_publish' declared with attribute 'warn_unused_result' [-Wunused-result]
  620 |   rcl_publish(&sensor_ir_left_publisher, &sensor_ir_left_msg,
      |   ^~~~~~~~~~~~~~~~~~~~~~~~~~~~~~~~~~~~~~~~~~~~~~~~~~~~~~~~~~~
  621 |   NULL);
      |   ~~~~~
../Core/Src/main.c:624:3: warning: ignoring return value of 'rcl_publish' declared with attribute 'warn_unused_result' [-Wunused-result]
  624 |   rcl_publish(&sensor_ir_right_publisher, &sensor_ir_right_msg,
      |   ^~~~~~~~~~~~~~~~~~~~~~~~~~~~~~~~~~~~~~~~~~~~~~~~~~~~~~~~~~~~~
  625 |   NULL);
      |   ~~~~~
../Core/Src/main.c:637:3: warning: ignoring return value of 'rcl_publish' declared with attribute 'warn_unused_result' [-Wunused-result]
  637 |   rcl_publish(&speed_publisher, &robot_speed_msg,
      |   ^~~~~~~~~~~~~~~~~~~~~~~~~~~~~~~~~~~~~~~~~~~~~~~
  638 |   NULL);
      |   ~~~~~
At top level:
../Core/Src/main.c:73:13: warning: 'lastObstacleCmd' defined but not used [-Wunused-variable]
   73 | static char lastObstacleCmd = 0;
      |             ^~~~~~~~~~~~~~~
../Core/Src/main.c:44:22: warning: 'xRandomTimer' defined but not used [-Wunused-variable]
   44 | static TimerHandle_t xRandomTimer;
      |                      ^~~~~~~~~~~~
make: *** [Core/Src/subdir.mk:82: Core/Src/main.o] Error 1
"make -j12 all" terminated with exit code 2. Build might be incomplete.
18:44:07 **** Incremental Build of configuration Debug for project base_robot ****
make -j12 all 
arm-none-eabi-gcc "../Core/Src/main.c" -mcpu=cortex-m4 -std=gnu11 -g3 -DDEBUG -DUSE_HAL_DRIVER -DSTM32F411xE -c -I../Core/Inc -I../Drivers/STM32F4xx_HAL_Driver/Inc -I"/home/e2023/e3pennan/Documents/sen robot/robot_task/base_robot/micro_ros_stm32cubemx_utils/microros_static_library/libmicroros/microros_include" -I../Drivers/STM32F4xx_HAL_Driver/Inc/Legacy -I../Drivers/CMSIS/Device/ST/STM32F4xx/Include -I../Drivers/CMSIS/Include -I../Middlewares/Third_Party/FreeRTOS/Source/include -I../Middlewares/Third_Party/FreeRTOS/Source/CMSIS_RTOS_V2 -I../Middlewares/Third_Party/FreeRTOS/Source/portable/GCC/ARM_CM4F -O0 -ffunction-sections -fdata-sections -Wall -fstack-usage -MMD -MP -MF"Core/Src/main.d" -MT"Core/Src/main.o" --specs=nano.specs -mfpu=fpv4-sp-d16 -mfloat-abi=hard -mthumb -o "Core/Src/main.o"
../Core/Src/main.c: In function 'task_Sensor':
../Core/Src/main.c:86:11: warning: implicit declaration of function 'captDistIR_ToCm'; did you mean 'captDistIR_Get'? [-Wimplicit-function-declaration]
   86 |   distL = captDistIR_ToCm(tab_distIR[0]);
      |           ^~~~~~~~~~~~~~~
      |           captDistIR_Get
../Core/Src/main.c:123:10: warning: unused variable 'cmd' [-Wunused-variable]
  123 |     char cmd;
      |          ^~~
../Core/Src/main.c: In function 'task_Manual':
../Core/Src/main.c:166:5: warning: implicit declaration of function 'moveForward' [-Wimplicit-function-declaration]
  166 |     moveForward(motorSpeed);
      |     ^~~~~~~~~~~
../Core/Src/main.c:170:5: warning: implicit declaration of function 'moveBackward' [-Wimplicit-function-declaration]
  170 |     moveBackward(motorSpeed);
      |     ^~~~~~~~~~~~
../Core/Src/main.c:174:5: warning: implicit declaration of function 'turnLeft' [-Wimplicit-function-declaration]
  174 |     turnLeft(motorSpeed);
      |     ^~~~~~~~
../Core/Src/main.c:178:5: warning: implicit declaration of function 'turnRight' [-Wimplicit-function-declaration]
  178 |     turnRight(motorSpeed);
      |     ^~~~~~~~~
../Core/Src/main.c:182:5: warning: implicit declaration of function 'stop' [-Wimplicit-function-declaration]
  182 |     stop();
      |     ^~~~
../Core/Src/main.c: In function 'main':
../Core/Src/main.c:281:6: warning: unused variable 'tab_dist' [-Wunused-variable]
  281 |  int tab_dist[2];
      |      ^~~~~~~~
../Core/Src/main.c:280:6: warning: variable 'ret' set but not used [-Wunused-but-set-variable]
  280 |  int ret = 0;
      |      ^~~
../Core/Src/main.c: At top level:
../Core/Src/main.c:45:13: warning: 'randomTimerCallback' declared 'static' but never defined [-Wunused-function]
   45 | static void randomTimerCallback(TimerHandle_t xTimer);
      |             ^~~~~~~~~~~~~~~~~~~
../Core/Src/main.c: In function 'microros_task':
../Core/Src/main.c:466:2: warning: ignoring return value of 'rcutils_set_default_allocator' declared with attribute 'warn_unused_result' [-Wunused-result]
  466 |  rcutils_set_default_allocator(&freeRTOS_allocator);
      |  ^~~~~~~~~~~~~~~~~~~~~~~~~~~~~~~~~~~~~~~~~~~~~~~~~~
../Core/Src/main.c:478:2: warning: ignoring return value of 'rcl_init_options_init' declared with attribute 'warn_unused_result' [-Wunused-result]
  478 |  rcl_init_options_init(&init_options, allocator);
      |  ^~~~~~~~~~~~~~~~~~~~~~~~~~~~~~~~~~~~~~~~~~~~~~~
../Core/Src/main.c:480:2: warning: ignoring return value of 'rcl_init_options_set_domain_id' declared with attribute 'warn_unused_result' [-Wunused-result]
  480 |  rcl_init_options_set_domain_id(&init_options,
      |  ^~~~~~~~~~~~~~~~~~~~~~~~~~~~~~~~~~~~~~~~~~~~~
  481 |  ROS_DOMAIN_ID);
      |  ~~~~~~~~~~~~~~
../Core/Src/main.c:616:3: warning: ignoring return value of 'rcl_publish' declared with attribute 'warn_unused_result' [-Wunused-result]
  616 |   rcl_publish(&sensor_vl53_publisher, &sensor_vl53_msg,
      |   ^~~~~~~~~~~~~~~~~~~~~~~~~~~~~~~~~~~~~~~~~~~~~~~~~~~~~
  617 |   NULL);
      |   ~~~~~
../Core/Src/main.c:620:3: warning: ignoring return value of 'rcl_publish' declared with attribute 'warn_unused_result' [-Wunused-result]
  620 |   rcl_publish(&sensor_ir_left_publisher, &sensor_ir_left_msg,
      |   ^~~~~~~~~~~~~~~~~~~~~~~~~~~~~~~~~~~~~~~~~~~~~~~~~~~~~~~~~~~
  621 |   NULL);
      |   ~~~~~
../Core/Src/main.c:624:3: warning: ignoring return value of 'rcl_publish' declared with attribute 'warn_unused_result' [-Wunused-result]
  624 |   rcl_publish(&sensor_ir_right_publisher, &sensor_ir_right_msg,
      |   ^~~~~~~~~~~~~~~~~~~~~~~~~~~~~~~~~~~~~~~~~~~~~~~~~~~~~~~~~~~~~
  625 |   NULL);
      |   ~~~~~
../Core/Src/main.c:637:3: warning: ignoring return value of 'rcl_publish' declared with attribute 'warn_unused_result' [-Wunused-result]
  637 |   rcl_publish(&speed_publisher, &robot_speed_msg,
      |   ^~~~~~~~~~~~~~~~~~~~~~~~~~~~~~~~~~~~~~~~~~~~~~~
  638 |   NULL);
      |   ~~~~~
At top level:
../Core/Src/main.c:73:13: warning: 'lastObstacleCmd' defined but not used [-Wunused-variable]
   73 | static char lastObstacleCmd = 0;
      |             ^~~~~~~~~~~~~~~
../Core/Src/main.c:44:22: warning: 'xRandomTimer' defined but not used [-Wunused-variable]
   44 | static TimerHandle_t xRandomTimer;
      |                      ^~~~~~~~~~~~
arm-none-eabi-gcc -o "base_robot.elf" @"objects.list"  -lmicroros -mcpu=cortex-m4 -T"/home/e2023/e3pennan/Documents/sen robot/robot_task/base_robot/STM32F411RETX_FLASH.ld" --specs=nosys.specs -Wl,-Map="base_robot.map" -Wl,--gc-sections -static -L"/home/e2023/e3pennan/Documents/sen robot/robot_task/base_robot/micro_ros_stm32cubemx_utils/microros_static_library/libmicroros" --specs=nano.specs -mfpu=fpv4-sp-d16 -mfloat-abi=hard -mthumb -u _printf_float -u _scanf_float -Wl,--start-group -lc -lm -Wl,--end-group
Finished building target: base_robot.elf
 
arm-none-eabi-size   base_robot.elf 
arm-none-eabi-objdump -h -S  base_robot.elf  > "base_robot.list"
   text	   data	    bss	    dec	    hex	filename
 129088	    656	  60544	 190288	  2e750	base_robot.elf
Finished building: default.size.stdout
 
Finished building: base_robot.list
 
18:52:29 **** Incremental Build of configuration Debug for project base_robot ****
make -j12 all 
arm-none-eabi-gcc "../Core/Src/main.c" -mcpu=cortex-m4 -std=gnu11 -g3 -DDEBUG -DUSE_HAL_DRIVER -DSTM32F411xE -c -I../Core/Inc -I../Drivers/STM32F4xx_HAL_Driver/Inc -I"/home/e2023/e3pennan/Documents/sen robot/robot_task/base_robot/micro_ros_stm32cubemx_utils/microros_static_library/libmicroros/microros_include" -I../Drivers/STM32F4xx_HAL_Driver/Inc/Legacy -I../Drivers/CMSIS/Device/ST/STM32F4xx/Include -I../Drivers/CMSIS/Include -I../Middlewares/Third_Party/FreeRTOS/Source/include -I../Middlewares/Third_Party/FreeRTOS/Source/CMSIS_RTOS_V2 -I../Middlewares/Third_Party/FreeRTOS/Source/portable/GCC/ARM_CM4F -O0 -ffunction-sections -fdata-sections -Wall -fstack-usage -MMD -MP -MF"Core/Src/main.d" -MT"Core/Src/main.o" --specs=nano.specs -mfpu=fpv4-sp-d16 -mfloat-abi=hard -mthumb -o "Core/Src/main.o"
../Core/Src/main.c: In function 'task_Sensor':
../Core/Src/main.c:86:11: warning: implicit declaration of function 'captDistIR_ToCm'; did you mean 'captDistIR_Get'? [-Wimplicit-function-declaration]
   86 |   distL = captDistIR_ToCm(tab_distIR[0]);
      |           ^~~~~~~~~~~~~~~
      |           captDistIR_Get
../Core/Src/main.c:123:10: warning: unused variable 'cmd' [-Wunused-variable]
  123 |     char cmd;
      |          ^~~
../Core/Src/main.c: In function 'task_Manual':
../Core/Src/main.c:166:5: warning: implicit declaration of function 'moveForward' [-Wimplicit-function-declaration]
  166 |     moveForward(motorSpeed);
      |     ^~~~~~~~~~~
../Core/Src/main.c:170:5: warning: implicit declaration of function 'moveBackward' [-Wimplicit-function-declaration]
  170 |     moveBackward(motorSpeed);
      |     ^~~~~~~~~~~~
../Core/Src/main.c:174:5: warning: implicit declaration of function 'turnLeft' [-Wimplicit-function-declaration]
  174 |     turnLeft(motorSpeed);
      |     ^~~~~~~~
../Core/Src/main.c:178:5: warning: implicit declaration of function 'turnRight' [-Wimplicit-function-declaration]
  178 |     turnRight(motorSpeed);
      |     ^~~~~~~~~
../Core/Src/main.c:182:5: warning: implicit declaration of function 'stop' [-Wimplicit-function-declaration]
  182 |     stop();
      |     ^~~~
../Core/Src/main.c: In function 'main':
../Core/Src/main.c:281:6: warning: unused variable 'tab_dist' [-Wunused-variable]
  281 |  int tab_dist[2];
      |      ^~~~~~~~
../Core/Src/main.c:280:6: warning: variable 'ret' set but not used [-Wunused-but-set-variable]
  280 |  int ret = 0;
      |      ^~~
../Core/Src/main.c: At top level:
../Core/Src/main.c:45:13: warning: 'randomTimerCallback' declared 'static' but never defined [-Wunused-function]
   45 | static void randomTimerCallback(TimerHandle_t xTimer);
      |             ^~~~~~~~~~~~~~~~~~~
../Core/Src/main.c: In function 'microros_task':
../Core/Src/main.c:466:2: warning: ignoring return value of 'rcutils_set_default_allocator' declared with attribute 'warn_unused_result' [-Wunused-result]
  466 |  rcutils_set_default_allocator(&freeRTOS_allocator);
      |  ^~~~~~~~~~~~~~~~~~~~~~~~~~~~~~~~~~~~~~~~~~~~~~~~~~
../Core/Src/main.c:478:2: warning: ignoring return value of 'rcl_init_options_init' declared with attribute 'warn_unused_result' [-Wunused-result]
  478 |  rcl_init_options_init(&init_options, allocator);
      |  ^~~~~~~~~~~~~~~~~~~~~~~~~~~~~~~~~~~~~~~~~~~~~~~
../Core/Src/main.c:480:2: warning: ignoring return value of 'rcl_init_options_set_domain_id' declared with attribute 'warn_unused_result' [-Wunused-result]
  480 |  rcl_init_options_set_domain_id(&init_options,
      |  ^~~~~~~~~~~~~~~~~~~~~~~~~~~~~~~~~~~~~~~~~~~~~
  481 |  ROS_DOMAIN_ID);
      |  ~~~~~~~~~~~~~~
../Core/Src/main.c:616:3: warning: ignoring return value of 'rcl_publish' declared with attribute 'warn_unused_result' [-Wunused-result]
  616 |   rcl_publish(&sensor_vl53_publisher, &sensor_vl53_msg,
      |   ^~~~~~~~~~~~~~~~~~~~~~~~~~~~~~~~~~~~~~~~~~~~~~~~~~~~~
  617 |   NULL);
      |   ~~~~~
../Core/Src/main.c:620:3: warning: ignoring return value of 'rcl_publish' declared with attribute 'warn_unused_result' [-Wunused-result]
  620 |   rcl_publish(&sensor_ir_left_publisher, &sensor_ir_left_msg,
      |   ^~~~~~~~~~~~~~~~~~~~~~~~~~~~~~~~~~~~~~~~~~~~~~~~~~~~~~~~~~~
  621 |   NULL);
      |   ~~~~~
../Core/Src/main.c:624:3: warning: ignoring return value of 'rcl_publish' declared with attribute 'warn_unused_result' [-Wunused-result]
  624 |   rcl_publish(&sensor_ir_right_publisher, &sensor_ir_right_msg,
      |   ^~~~~~~~~~~~~~~~~~~~~~~~~~~~~~~~~~~~~~~~~~~~~~~~~~~~~~~~~~~~~
  625 |   NULL);
      |   ~~~~~
../Core/Src/main.c:637:3: warning: ignoring return value of 'rcl_publish' declared with attribute 'warn_unused_result' [-Wunused-result]
  637 |   rcl_publish(&speed_publisher, &robot_speed_msg,
      |   ^~~~~~~~~~~~~~~~~~~~~~~~~~~~~~~~~~~~~~~~~~~~~~~
  638 |   NULL);
      |   ~~~~~
At top level:
../Core/Src/main.c:73:13: warning: 'lastObstacleCmd' defined but not used [-Wunused-variable]
   73 | static char lastObstacleCmd = 0;
      |             ^~~~~~~~~~~~~~~
../Core/Src/main.c:44:22: warning: 'xRandomTimer' defined but not used [-Wunused-variable]
   44 | static TimerHandle_t xRandomTimer;
      |                      ^~~~~~~~~~~~
arm-none-eabi-gcc -o "base_robot.elf" @"objects.list"  -lmicroros -mcpu=cortex-m4 -T"/home/e2023/e3pennan/Documents/sen robot/robot_task/base_robot/STM32F411RETX_FLASH.ld" --specs=nosys.specs -Wl,-Map="base_robot.map" -Wl,--gc-sections -static -L"/home/e2023/e3pennan/Documents/sen robot/robot_task/base_robot/micro_ros_stm32cubemx_utils/microros_static_library/libmicroros" --specs=nano.specs -mfpu=fpv4-sp-d16 -mfloat-abi=hard -mthumb -u _printf_float -u _scanf_float -Wl,--start-group -lc -lm -Wl,--end-group
Finished building target: base_robot.elf
 
arm-none-eabi-size   base_robot.elf 
arm-none-eabi-objdump -h -S  base_robot.elf  > "base_robot.list"
   text	   data	    bss	    dec	    hex	filename
 129088	    652	  60552	 190292	  2e754	base_robot.elf
Finished building: default.size.stdout
 
Finished building: base_robot.list
 
18:53:48 **** Incremental Build of configuration Debug for project base_robot ****
make -j12 all 
arm-none-eabi-size   base_robot.elf 
   text	   data	    bss	    dec	    hex	filename
 129088	    652	  60552	 190292	  2e754	base_robot.elf
Finished building: default.size.stdout
 
18:56:30 **** Incremental Build of configuration Debug for project base_robot ****
make -j12 all 
arm-none-eabi-gcc "../Core/Src/main.c" -mcpu=cortex-m4 -std=gnu11 -g3 -DDEBUG -DUSE_HAL_DRIVER -DSTM32F411xE -c -I../Core/Inc -I../Drivers/STM32F4xx_HAL_Driver/Inc -I"/home/e2023/e3pennan/Documents/sen robot/robot_task/base_robot/micro_ros_stm32cubemx_utils/microros_static_library/libmicroros/microros_include" -I../Drivers/STM32F4xx_HAL_Driver/Inc/Legacy -I../Drivers/CMSIS/Device/ST/STM32F4xx/Include -I../Drivers/CMSIS/Include -I../Middlewares/Third_Party/FreeRTOS/Source/include -I../Middlewares/Third_Party/FreeRTOS/Source/CMSIS_RTOS_V2 -I../Middlewares/Third_Party/FreeRTOS/Source/portable/GCC/ARM_CM4F -O0 -ffunction-sections -fdata-sections -Wall -fstack-usage -MMD -MP -MF"Core/Src/main.d" -MT"Core/Src/main.o" --specs=nano.specs -mfpu=fpv4-sp-d16 -mfloat-abi=hard -mthumb -o "Core/Src/main.o"
../Core/Src/main.c: In function 'task_Sensor':
../Core/Src/main.c:86:11: warning: implicit declaration of function 'captDistIR_ToCm'; did you mean 'captDistIR_Get'? [-Wimplicit-function-declaration]
   86 |   distL = captDistIR_ToCm(tab_distIR[0]);
      |           ^~~~~~~~~~~~~~~
      |           captDistIR_Get
../Core/Src/main.c:123:10: warning: unused variable 'cmd' [-Wunused-variable]
  123 |     char cmd;
      |          ^~~
../Core/Src/main.c: In function 'task_Manual':
../Core/Src/main.c:166:5: warning: implicit declaration of function 'moveForward' [-Wimplicit-function-declaration]
  166 |     moveForward(motorSpeed);
      |     ^~~~~~~~~~~
../Core/Src/main.c:170:5: warning: implicit declaration of function 'moveBackward' [-Wimplicit-function-declaration]
  170 |     moveBackward(motorSpeed);
      |     ^~~~~~~~~~~~
../Core/Src/main.c:174:5: warning: implicit declaration of function 'turnLeft' [-Wimplicit-function-declaration]
  174 |     turnLeft(motorSpeed);
      |     ^~~~~~~~
../Core/Src/main.c:178:5: warning: implicit declaration of function 'turnRight' [-Wimplicit-function-declaration]
  178 |     turnRight(motorSpeed);
      |     ^~~~~~~~~
../Core/Src/main.c:182:5: warning: implicit declaration of function 'stop' [-Wimplicit-function-declaration]
  182 |     stop();
      |     ^~~~
../Core/Src/main.c: In function 'main':
../Core/Src/main.c:281:6: warning: unused variable 'tab_dist' [-Wunused-variable]
  281 |  int tab_dist[2];
      |      ^~~~~~~~
../Core/Src/main.c:280:6: warning: variable 'ret' set but not used [-Wunused-but-set-variable]
  280 |  int ret = 0;
      |      ^~~
../Core/Src/main.c: At top level:
../Core/Src/main.c:45:13: warning: 'randomTimerCallback' declared 'static' but never defined [-Wunused-function]
   45 | static void randomTimerCallback(TimerHandle_t xTimer);
      |             ^~~~~~~~~~~~~~~~~~~
../Core/Src/main.c: In function 'microros_task':
../Core/Src/main.c:466:2: warning: ignoring return value of 'rcutils_set_default_allocator' declared with attribute 'warn_unused_result' [-Wunused-result]
  466 |  rcutils_set_default_allocator(&freeRTOS_allocator);
      |  ^~~~~~~~~~~~~~~~~~~~~~~~~~~~~~~~~~~~~~~~~~~~~~~~~~
../Core/Src/main.c:478:2: warning: ignoring return value of 'rcl_init_options_init' declared with attribute 'warn_unused_result' [-Wunused-result]
  478 |  rcl_init_options_init(&init_options, allocator);
      |  ^~~~~~~~~~~~~~~~~~~~~~~~~~~~~~~~~~~~~~~~~~~~~~~
../Core/Src/main.c:480:2: warning: ignoring return value of 'rcl_init_options_set_domain_id' declared with attribute 'warn_unused_result' [-Wunused-result]
  480 |  rcl_init_options_set_domain_id(&init_options,
      |  ^~~~~~~~~~~~~~~~~~~~~~~~~~~~~~~~~~~~~~~~~~~~~
  481 |  ROS_DOMAIN_ID);
      |  ~~~~~~~~~~~~~~
../Core/Src/main.c:616:3: warning: ignoring return value of 'rcl_publish' declared with attribute 'warn_unused_result' [-Wunused-result]
  616 |   rcl_publish(&sensor_vl53_publisher, &sensor_vl53_msg,
      |   ^~~~~~~~~~~~~~~~~~~~~~~~~~~~~~~~~~~~~~~~~~~~~~~~~~~~~
  617 |   NULL);
      |   ~~~~~
../Core/Src/main.c:620:3: warning: ignoring return value of 'rcl_publish' declared with attribute 'warn_unused_result' [-Wunused-result]
  620 |   rcl_publish(&sensor_ir_left_publisher, &sensor_ir_left_msg,
      |   ^~~~~~~~~~~~~~~~~~~~~~~~~~~~~~~~~~~~~~~~~~~~~~~~~~~~~~~~~~~
  621 |   NULL);
      |   ~~~~~
../Core/Src/main.c:624:3: warning: ignoring return value of 'rcl_publish' declared with attribute 'warn_unused_result' [-Wunused-result]
  624 |   rcl_publish(&sensor_ir_right_publisher, &sensor_ir_right_msg,
      |   ^~~~~~~~~~~~~~~~~~~~~~~~~~~~~~~~~~~~~~~~~~~~~~~~~~~~~~~~~~~~~
  625 |   NULL);
      |   ~~~~~
../Core/Src/main.c:637:3: warning: ignoring return value of 'rcl_publish' declared with attribute 'warn_unused_result' [-Wunused-result]
  637 |   rcl_publish(&speed_publisher, &robot_speed_msg,
      |   ^~~~~~~~~~~~~~~~~~~~~~~~~~~~~~~~~~~~~~~~~~~~~~~
  638 |   NULL);
      |   ~~~~~
At top level:
../Core/Src/main.c:73:13: warning: 'lastObstacleCmd' defined but not used [-Wunused-variable]
   73 | static char lastObstacleCmd = 0;
      |             ^~~~~~~~~~~~~~~
../Core/Src/main.c:44:22: warning: 'xRandomTimer' defined but not used [-Wunused-variable]
   44 | static TimerHandle_t xRandomTimer;
      |                      ^~~~~~~~~~~~
arm-none-eabi-gcc -o "base_robot.elf" @"objects.list"  -lmicroros -mcpu=cortex-m4 -T"/home/e2023/e3pennan/Documents/sen robot/robot_task/base_robot/STM32F411RETX_FLASH.ld" --specs=nosys.specs -Wl,-Map="base_robot.map" -Wl,--gc-sections -static -L"/home/e2023/e3pennan/Documents/sen robot/robot_task/base_robot/micro_ros_stm32cubemx_utils/microros_static_library/libmicroros" --specs=nano.specs -mfpu=fpv4-sp-d16 -mfloat-abi=hard -mthumb -u _printf_float -u _scanf_float -Wl,--start-group -lc -lm -Wl,--end-group
Finished building target: base_robot.elf
 
arm-none-eabi-size   base_robot.elf 
arm-none-eabi-objdump -h -S  base_robot.elf  > "base_robot.list"
   text	   data	    bss	    dec	    hex	filename
 129088	    652	  60552	 190292	  2e754	base_robot.elf
Finished building: default.size.stdout
 
Finished building: base_robot.list
 
18:57:41 **** Incremental Build of configuration Debug for project base_robot ****
make -j12 all 
arm-none-eabi-gcc "../Core/Src/main.c" -mcpu=cortex-m4 -std=gnu11 -g3 -DDEBUG -DUSE_HAL_DRIVER -DSTM32F411xE -c -I../Core/Inc -I../Drivers/STM32F4xx_HAL_Driver/Inc -I"/home/e2023/e3pennan/Documents/sen robot/robot_task/base_robot/micro_ros_stm32cubemx_utils/microros_static_library/libmicroros/microros_include" -I../Drivers/STM32F4xx_HAL_Driver/Inc/Legacy -I../Drivers/CMSIS/Device/ST/STM32F4xx/Include -I../Drivers/CMSIS/Include -I../Middlewares/Third_Party/FreeRTOS/Source/include -I../Middlewares/Third_Party/FreeRTOS/Source/CMSIS_RTOS_V2 -I../Middlewares/Third_Party/FreeRTOS/Source/portable/GCC/ARM_CM4F -O0 -ffunction-sections -fdata-sections -Wall -fstack-usage -MMD -MP -MF"Core/Src/main.d" -MT"Core/Src/main.o" --specs=nano.specs -mfpu=fpv4-sp-d16 -mfloat-abi=hard -mthumb -o "Core/Src/main.o"
../Core/Src/main.c: In function 'task_Sensor':
../Core/Src/main.c:86:11: warning: implicit declaration of function 'captDistIR_ToCm'; did you mean 'captDistIR_Get'? [-Wimplicit-function-declaration]
   86 |   distL = captDistIR_ToCm(tab_distIR[0]);
      |           ^~~~~~~~~~~~~~~
      |           captDistIR_Get
../Core/Src/main.c:123:10: warning: unused variable 'cmd' [-Wunused-variable]
  123 |     char cmd;
      |          ^~~
../Core/Src/main.c: In function 'task_Manual':
../Core/Src/main.c:166:5: warning: implicit declaration of function 'moveForward' [-Wimplicit-function-declaration]
  166 |     moveForward(motorSpeed);
      |     ^~~~~~~~~~~
../Core/Src/main.c:170:5: warning: implicit declaration of function 'moveBackward' [-Wimplicit-function-declaration]
  170 |     moveBackward(motorSpeed);
      |     ^~~~~~~~~~~~
../Core/Src/main.c:174:5: warning: implicit declaration of function 'turnLeft' [-Wimplicit-function-declaration]
  174 |     turnLeft(motorSpeed);
      |     ^~~~~~~~
../Core/Src/main.c:178:5: warning: implicit declaration of function 'turnRight' [-Wimplicit-function-declaration]
  178 |     turnRight(motorSpeed);
      |     ^~~~~~~~~
../Core/Src/main.c:182:5: warning: implicit declaration of function 'stop' [-Wimplicit-function-declaration]
  182 |     stop();
      |     ^~~~
../Core/Src/main.c: In function 'main':
../Core/Src/main.c:281:6: warning: unused variable 'tab_dist' [-Wunused-variable]
  281 |  int tab_dist[2];
      |      ^~~~~~~~
../Core/Src/main.c:280:6: warning: variable 'ret' set but not used [-Wunused-but-set-variable]
  280 |  int ret = 0;
      |      ^~~
../Core/Src/main.c: At top level:
../Core/Src/main.c:45:13: warning: 'randomTimerCallback' declared 'static' but never defined [-Wunused-function]
   45 | static void randomTimerCallback(TimerHandle_t xTimer);
      |             ^~~~~~~~~~~~~~~~~~~
../Core/Src/main.c: In function 'microros_task':
../Core/Src/main.c:466:2: warning: ignoring return value of 'rcutils_set_default_allocator' declared with attribute 'warn_unused_result' [-Wunused-result]
  466 |  rcutils_set_default_allocator(&freeRTOS_allocator);
      |  ^~~~~~~~~~~~~~~~~~~~~~~~~~~~~~~~~~~~~~~~~~~~~~~~~~
../Core/Src/main.c:478:2: warning: ignoring return value of 'rcl_init_options_init' declared with attribute 'warn_unused_result' [-Wunused-result]
  478 |  rcl_init_options_init(&init_options, allocator);
      |  ^~~~~~~~~~~~~~~~~~~~~~~~~~~~~~~~~~~~~~~~~~~~~~~
../Core/Src/main.c:480:2: warning: ignoring return value of 'rcl_init_options_set_domain_id' declared with attribute 'warn_unused_result' [-Wunused-result]
  480 |  rcl_init_options_set_domain_id(&init_options,
      |  ^~~~~~~~~~~~~~~~~~~~~~~~~~~~~~~~~~~~~~~~~~~~~
  481 |  ROS_DOMAIN_ID);
      |  ~~~~~~~~~~~~~~
../Core/Src/main.c:616:3: warning: ignoring return value of 'rcl_publish' declared with attribute 'warn_unused_result' [-Wunused-result]
  616 |   rcl_publish(&sensor_vl53_publisher, &sensor_vl53_msg,
      |   ^~~~~~~~~~~~~~~~~~~~~~~~~~~~~~~~~~~~~~~~~~~~~~~~~~~~~
  617 |   NULL);
      |   ~~~~~
../Core/Src/main.c:620:3: warning: ignoring return value of 'rcl_publish' declared with attribute 'warn_unused_result' [-Wunused-result]
  620 |   rcl_publish(&sensor_ir_left_publisher, &sensor_ir_left_msg,
      |   ^~~~~~~~~~~~~~~~~~~~~~~~~~~~~~~~~~~~~~~~~~~~~~~~~~~~~~~~~~~
  621 |   NULL);
      |   ~~~~~
../Core/Src/main.c:624:3: warning: ignoring return value of 'rcl_publish' declared with attribute 'warn_unused_result' [-Wunused-result]
  624 |   rcl_publish(&sensor_ir_right_publisher, &sensor_ir_right_msg,
      |   ^~~~~~~~~~~~~~~~~~~~~~~~~~~~~~~~~~~~~~~~~~~~~~~~~~~~~~~~~~~~~
  625 |   NULL);
      |   ~~~~~
../Core/Src/main.c:637:3: warning: ignoring return value of 'rcl_publish' declared with attribute 'warn_unused_result' [-Wunused-result]
  637 |   rcl_publish(&speed_publisher, &robot_speed_msg,
      |   ^~~~~~~~~~~~~~~~~~~~~~~~~~~~~~~~~~~~~~~~~~~~~~~
  638 |   NULL);
      |   ~~~~~
At top level:
../Core/Src/main.c:73:13: warning: 'lastObstacleCmd' defined but not used [-Wunused-variable]
   73 | static char lastObstacleCmd = 0;
      |             ^~~~~~~~~~~~~~~
../Core/Src/main.c:44:22: warning: 'xRandomTimer' defined but not used [-Wunused-variable]
   44 | static TimerHandle_t xRandomTimer;
      |                      ^~~~~~~~~~~~
arm-none-eabi-gcc -o "base_robot.elf" @"objects.list"  -lmicroros -mcpu=cortex-m4 -T"/home/e2023/e3pennan/Documents/sen robot/robot_task/base_robot/STM32F411RETX_FLASH.ld" --specs=nosys.specs -Wl,-Map="base_robot.map" -Wl,--gc-sections -static -L"/home/e2023/e3pennan/Documents/sen robot/robot_task/base_robot/micro_ros_stm32cubemx_utils/microros_static_library/libmicroros" --specs=nano.specs -mfpu=fpv4-sp-d16 -mfloat-abi=hard -mthumb -u _printf_float -u _scanf_float -Wl,--start-group -lc -lm -Wl,--end-group
Finished building target: base_robot.elf
 
arm-none-eabi-size   base_robot.elf 
arm-none-eabi-objdump -h -S  base_robot.elf  > "base_robot.list"
   text	   data	    bss	    dec	    hex	filename
 129088	    652	  60552	 190292	  2e754	base_robot.elf
Finished building: default.size.stdout
 
Finished building: base_robot.list
 
19:01:58 **** Incremental Build of configuration Debug for project base_robot ****
make -j12 all 
arm-none-eabi-gcc "../Core/Src/main.c" -mcpu=cortex-m4 -std=gnu11 -g3 -DDEBUG -DUSE_HAL_DRIVER -DSTM32F411xE -c -I../Core/Inc -I../Drivers/STM32F4xx_HAL_Driver/Inc -I"/home/e2023/e3pennan/Documents/sen robot/robot_task/base_robot/micro_ros_stm32cubemx_utils/microros_static_library/libmicroros/microros_include" -I../Drivers/STM32F4xx_HAL_Driver/Inc/Legacy -I../Drivers/CMSIS/Device/ST/STM32F4xx/Include -I../Drivers/CMSIS/Include -I../Middlewares/Third_Party/FreeRTOS/Source/include -I../Middlewares/Third_Party/FreeRTOS/Source/CMSIS_RTOS_V2 -I../Middlewares/Third_Party/FreeRTOS/Source/portable/GCC/ARM_CM4F -O0 -ffunction-sections -fdata-sections -Wall -fstack-usage -MMD -MP -MF"Core/Src/main.d" -MT"Core/Src/main.o" --specs=nano.specs -mfpu=fpv4-sp-d16 -mfloat-abi=hard -mthumb -o "Core/Src/main.o"
../Core/Src/main.c: In function 'task_Sensor':
../Core/Src/main.c:86:11: warning: implicit declaration of function 'captDistIR_ToCm'; did you mean 'captDistIR_Get'? [-Wimplicit-function-declaration]
   86 |   distL = captDistIR_ToCm(tab_distIR[0]);
      |           ^~~~~~~~~~~~~~~
      |           captDistIR_Get
../Core/Src/main.c:123:10: warning: unused variable 'cmd' [-Wunused-variable]
  123 |     char cmd;
      |          ^~~
../Core/Src/main.c: In function 'task_Manual':
../Core/Src/main.c:166:5: warning: implicit declaration of function 'moveForward' [-Wimplicit-function-declaration]
  166 |     moveForward(motorSpeed);
      |     ^~~~~~~~~~~
../Core/Src/main.c:170:5: warning: implicit declaration of function 'moveBackward' [-Wimplicit-function-declaration]
  170 |     moveBackward(motorSpeed);
      |     ^~~~~~~~~~~~
../Core/Src/main.c:174:5: warning: implicit declaration of function 'turnLeft' [-Wimplicit-function-declaration]
  174 |     turnLeft(motorSpeed);
      |     ^~~~~~~~
../Core/Src/main.c:178:5: warning: implicit declaration of function 'turnRight' [-Wimplicit-function-declaration]
  178 |     turnRight(motorSpeed);
      |     ^~~~~~~~~
../Core/Src/main.c:182:5: warning: implicit declaration of function 'stop' [-Wimplicit-function-declaration]
  182 |     stop();
      |     ^~~~
../Core/Src/main.c: In function 'main':
../Core/Src/main.c:281:6: warning: unused variable 'tab_dist' [-Wunused-variable]
  281 |  int tab_dist[2];
      |      ^~~~~~~~
../Core/Src/main.c:280:6: warning: variable 'ret' set but not used [-Wunused-but-set-variable]
  280 |  int ret = 0;
      |      ^~~
../Core/Src/main.c: At top level:
../Core/Src/main.c:45:13: warning: 'randomTimerCallback' declared 'static' but never defined [-Wunused-function]
   45 | static void randomTimerCallback(TimerHandle_t xTimer);
      |             ^~~~~~~~~~~~~~~~~~~
../Core/Src/main.c: In function 'microros_task':
../Core/Src/main.c:466:2: warning: ignoring return value of 'rcutils_set_default_allocator' declared with attribute 'warn_unused_result' [-Wunused-result]
  466 |  rcutils_set_default_allocator(&freeRTOS_allocator);
      |  ^~~~~~~~~~~~~~~~~~~~~~~~~~~~~~~~~~~~~~~~~~~~~~~~~~
../Core/Src/main.c:478:2: warning: ignoring return value of 'rcl_init_options_init' declared with attribute 'warn_unused_result' [-Wunused-result]
  478 |  rcl_init_options_init(&init_options, allocator);
      |  ^~~~~~~~~~~~~~~~~~~~~~~~~~~~~~~~~~~~~~~~~~~~~~~
../Core/Src/main.c:480:2: warning: ignoring return value of 'rcl_init_options_set_domain_id' declared with attribute 'warn_unused_result' [-Wunused-result]
  480 |  rcl_init_options_set_domain_id(&init_options,
      |  ^~~~~~~~~~~~~~~~~~~~~~~~~~~~~~~~~~~~~~~~~~~~~
  481 |  ROS_DOMAIN_ID);
      |  ~~~~~~~~~~~~~~
../Core/Src/main.c:616:3: warning: ignoring return value of 'rcl_publish' declared with attribute 'warn_unused_result' [-Wunused-result]
  616 |   rcl_publish(&sensor_vl53_publisher, &sensor_vl53_msg,
      |   ^~~~~~~~~~~~~~~~~~~~~~~~~~~~~~~~~~~~~~~~~~~~~~~~~~~~~
  617 |   NULL);
      |   ~~~~~
../Core/Src/main.c:620:3: warning: ignoring return value of 'rcl_publish' declared with attribute 'warn_unused_result' [-Wunused-result]
  620 |   rcl_publish(&sensor_ir_left_publisher, &sensor_ir_left_msg,
      |   ^~~~~~~~~~~~~~~~~~~~~~~~~~~~~~~~~~~~~~~~~~~~~~~~~~~~~~~~~~~
  621 |   NULL);
      |   ~~~~~
../Core/Src/main.c:624:3: warning: ignoring return value of 'rcl_publish' declared with attribute 'warn_unused_result' [-Wunused-result]
  624 |   rcl_publish(&sensor_ir_right_publisher, &sensor_ir_right_msg,
      |   ^~~~~~~~~~~~~~~~~~~~~~~~~~~~~~~~~~~~~~~~~~~~~~~~~~~~~~~~~~~~~
  625 |   NULL);
      |   ~~~~~
../Core/Src/main.c:637:3: warning: ignoring return value of 'rcl_publish' declared with attribute 'warn_unused_result' [-Wunused-result]
  637 |   rcl_publish(&speed_publisher, &robot_speed_msg,
      |   ^~~~~~~~~~~~~~~~~~~~~~~~~~~~~~~~~~~~~~~~~~~~~~~
  638 |   NULL);
      |   ~~~~~
At top level:
../Core/Src/main.c:73:13: warning: 'lastObstacleCmd' defined but not used [-Wunused-variable]
   73 | static char lastObstacleCmd = 0;
      |             ^~~~~~~~~~~~~~~
../Core/Src/main.c:44:22: warning: 'xRandomTimer' defined but not used [-Wunused-variable]
   44 | static TimerHandle_t xRandomTimer;
      |                      ^~~~~~~~~~~~
arm-none-eabi-gcc -o "base_robot.elf" @"objects.list"  -lmicroros -mcpu=cortex-m4 -T"/home/e2023/e3pennan/Documents/sen robot/robot_task/base_robot/STM32F411RETX_FLASH.ld" --specs=nosys.specs -Wl,-Map="base_robot.map" -Wl,--gc-sections -static -L"/home/e2023/e3pennan/Documents/sen robot/robot_task/base_robot/micro_ros_stm32cubemx_utils/microros_static_library/libmicroros" --specs=nano.specs -mfpu=fpv4-sp-d16 -mfloat-abi=hard -mthumb -u _printf_float -u _scanf_float -Wl,--start-group -lc -lm -Wl,--end-group
Finished building target: base_robot.elf
 
arm-none-eabi-size   base_robot.elf 
arm-none-eabi-objdump -h -S  base_robot.elf  > "base_robot.list"
   text	   data	    bss	    dec	    hex	filename
 129088	    652	  60552	 190292	  2e754	base_robot.elf
Finished building: default.size.stdout
 
Finished building: base_robot.list
 
19:02:41 **** Incremental Build of configuration Debug for project base_robot ****
make -j12 all 
arm-none-eabi-size   base_robot.elf 
   text	   data	    bss	    dec	    hex	filename
 129088	    652	  60552	 190292	  2e754	base_robot.elf
Finished building: default.size.stdout
 
19:03:29 **** Incremental Build of configuration Debug for project base_robot ****
make -j12 all 
arm-none-eabi-size   base_robot.elf 
   text	   data	    bss	    dec	    hex	filename
 129088	    652	  60552	 190292	  2e754	base_robot.elf
Finished building: default.size.stdout
 
19:04:50 **** Incremental Build of configuration Debug for project base_robot ****
make -j12 all 
arm-none-eabi-gcc "../Core/Src/main.c" -mcpu=cortex-m4 -std=gnu11 -g3 -DDEBUG -DUSE_HAL_DRIVER -DSTM32F411xE -c -I../Core/Inc -I../Drivers/STM32F4xx_HAL_Driver/Inc -I"/home/e2023/e3pennan/Documents/sen robot/robot_task/base_robot/micro_ros_stm32cubemx_utils/microros_static_library/libmicroros/microros_include" -I../Drivers/STM32F4xx_HAL_Driver/Inc/Legacy -I../Drivers/CMSIS/Device/ST/STM32F4xx/Include -I../Drivers/CMSIS/Include -I../Middlewares/Third_Party/FreeRTOS/Source/include -I../Middlewares/Third_Party/FreeRTOS/Source/CMSIS_RTOS_V2 -I../Middlewares/Third_Party/FreeRTOS/Source/portable/GCC/ARM_CM4F -O0 -ffunction-sections -fdata-sections -Wall -fstack-usage -MMD -MP -MF"Core/Src/main.d" -MT"Core/Src/main.o" --specs=nano.specs -mfpu=fpv4-sp-d16 -mfloat-abi=hard -mthumb -o "Core/Src/main.o"
../Core/Src/main.c: In function 'task_Sensor':
../Core/Src/main.c:86:11: warning: implicit declaration of function 'captDistIR_ToCm'; did you mean 'captDistIR_Get'? [-Wimplicit-function-declaration]
   86 |   distL = captDistIR_ToCm(tab_distIR[0]);
      |           ^~~~~~~~~~~~~~~
      |           captDistIR_Get
../Core/Src/main.c:123:10: warning: unused variable 'cmd' [-Wunused-variable]
  123 |     char cmd;
      |          ^~~
../Core/Src/main.c: In function 'task_Manual':
../Core/Src/main.c:166:5: warning: implicit declaration of function 'moveForward' [-Wimplicit-function-declaration]
  166 |     moveForward(motorSpeed);
      |     ^~~~~~~~~~~
../Core/Src/main.c:170:5: warning: implicit declaration of function 'moveBackward' [-Wimplicit-function-declaration]
  170 |     moveBackward(motorSpeed);
      |     ^~~~~~~~~~~~
../Core/Src/main.c:174:5: warning: implicit declaration of function 'turnLeft' [-Wimplicit-function-declaration]
  174 |     turnLeft(motorSpeed);
      |     ^~~~~~~~
../Core/Src/main.c:178:5: warning: implicit declaration of function 'turnRight' [-Wimplicit-function-declaration]
  178 |     turnRight(motorSpeed);
      |     ^~~~~~~~~
../Core/Src/main.c:182:5: warning: implicit declaration of function 'stop' [-Wimplicit-function-declaration]
  182 |     stop();
      |     ^~~~
../Core/Src/main.c: In function 'main':
../Core/Src/main.c:281:6: warning: unused variable 'tab_dist' [-Wunused-variable]
  281 |  int tab_dist[2];
      |      ^~~~~~~~
../Core/Src/main.c:280:6: warning: variable 'ret' set but not used [-Wunused-but-set-variable]
  280 |  int ret = 0;
      |      ^~~
../Core/Src/main.c: At top level:
../Core/Src/main.c:45:13: warning: 'randomTimerCallback' declared 'static' but never defined [-Wunused-function]
   45 | static void randomTimerCallback(TimerHandle_t xTimer);
      |             ^~~~~~~~~~~~~~~~~~~
../Core/Src/main.c: In function 'microros_task':
../Core/Src/main.c:466:2: warning: ignoring return value of 'rcutils_set_default_allocator' declared with attribute 'warn_unused_result' [-Wunused-result]
  466 |  rcutils_set_default_allocator(&freeRTOS_allocator);
      |  ^~~~~~~~~~~~~~~~~~~~~~~~~~~~~~~~~~~~~~~~~~~~~~~~~~
../Core/Src/main.c:478:2: warning: ignoring return value of 'rcl_init_options_init' declared with attribute 'warn_unused_result' [-Wunused-result]
  478 |  rcl_init_options_init(&init_options, allocator);
      |  ^~~~~~~~~~~~~~~~~~~~~~~~~~~~~~~~~~~~~~~~~~~~~~~
../Core/Src/main.c:480:2: warning: ignoring return value of 'rcl_init_options_set_domain_id' declared with attribute 'warn_unused_result' [-Wunused-result]
  480 |  rcl_init_options_set_domain_id(&init_options,
      |  ^~~~~~~~~~~~~~~~~~~~~~~~~~~~~~~~~~~~~~~~~~~~~
  481 |  ROS_DOMAIN_ID);
      |  ~~~~~~~~~~~~~~
../Core/Src/main.c:616:3: warning: ignoring return value of 'rcl_publish' declared with attribute 'warn_unused_result' [-Wunused-result]
  616 |   rcl_publish(&sensor_vl53_publisher, &sensor_vl53_msg,
      |   ^~~~~~~~~~~~~~~~~~~~~~~~~~~~~~~~~~~~~~~~~~~~~~~~~~~~~
  617 |   NULL);
      |   ~~~~~
../Core/Src/main.c:620:3: warning: ignoring return value of 'rcl_publish' declared with attribute 'warn_unused_result' [-Wunused-result]
  620 |   rcl_publish(&sensor_ir_left_publisher, &sensor_ir_left_msg,
      |   ^~~~~~~~~~~~~~~~~~~~~~~~~~~~~~~~~~~~~~~~~~~~~~~~~~~~~~~~~~~
  621 |   NULL);
      |   ~~~~~
../Core/Src/main.c:624:3: warning: ignoring return value of 'rcl_publish' declared with attribute 'warn_unused_result' [-Wunused-result]
  624 |   rcl_publish(&sensor_ir_right_publisher, &sensor_ir_right_msg,
      |   ^~~~~~~~~~~~~~~~~~~~~~~~~~~~~~~~~~~~~~~~~~~~~~~~~~~~~~~~~~~~~
  625 |   NULL);
      |   ~~~~~
../Core/Src/main.c:637:3: warning: ignoring return value of 'rcl_publish' declared with attribute 'warn_unused_result' [-Wunused-result]
  637 |   rcl_publish(&speed_publisher, &robot_speed_msg,
      |   ^~~~~~~~~~~~~~~~~~~~~~~~~~~~~~~~~~~~~~~~~~~~~~~
  638 |   NULL);
      |   ~~~~~
At top level:
../Core/Src/main.c:73:13: warning: 'lastObstacleCmd' defined but not used [-Wunused-variable]
   73 | static char lastObstacleCmd = 0;
      |             ^~~~~~~~~~~~~~~
../Core/Src/main.c:44:22: warning: 'xRandomTimer' defined but not used [-Wunused-variable]
   44 | static TimerHandle_t xRandomTimer;
      |                      ^~~~~~~~~~~~
arm-none-eabi-gcc -o "base_robot.elf" @"objects.list"  -lmicroros -mcpu=cortex-m4 -T"/home/e2023/e3pennan/Documents/sen robot/robot_task/base_robot/STM32F411RETX_FLASH.ld" --specs=nosys.specs -Wl,-Map="base_robot.map" -Wl,--gc-sections -static -L"/home/e2023/e3pennan/Documents/sen robot/robot_task/base_robot/micro_ros_stm32cubemx_utils/microros_static_library/libmicroros" --specs=nano.specs -mfpu=fpv4-sp-d16 -mfloat-abi=hard -mthumb -u _printf_float -u _scanf_float -Wl,--start-group -lc -lm -Wl,--end-group
Finished building target: base_robot.elf
 
arm-none-eabi-size   base_robot.elf 
arm-none-eabi-objdump -h -S  base_robot.elf  > "base_robot.list"
   text	   data	    bss	    dec	    hex	filename
 129088	    652	  60552	 190292	  2e754	base_robot.elf
Finished building: default.size.stdout
 
Finished building: base_robot.list
 
19:05:46 **** Incremental Build of configuration Debug for project base_robot ****
make -j12 all 
arm-none-eabi-gcc "../Core/Src/main.c" -mcpu=cortex-m4 -std=gnu11 -g3 -DDEBUG -DUSE_HAL_DRIVER -DSTM32F411xE -c -I../Core/Inc -I../Drivers/STM32F4xx_HAL_Driver/Inc -I"/home/e2023/e3pennan/Documents/sen robot/robot_task/base_robot/micro_ros_stm32cubemx_utils/microros_static_library/libmicroros/microros_include" -I../Drivers/STM32F4xx_HAL_Driver/Inc/Legacy -I../Drivers/CMSIS/Device/ST/STM32F4xx/Include -I../Drivers/CMSIS/Include -I../Middlewares/Third_Party/FreeRTOS/Source/include -I../Middlewares/Third_Party/FreeRTOS/Source/CMSIS_RTOS_V2 -I../Middlewares/Third_Party/FreeRTOS/Source/portable/GCC/ARM_CM4F -O0 -ffunction-sections -fdata-sections -Wall -fstack-usage -MMD -MP -MF"Core/Src/main.d" -MT"Core/Src/main.o" --specs=nano.specs -mfpu=fpv4-sp-d16 -mfloat-abi=hard -mthumb -o "Core/Src/main.o"
../Core/Src/main.c: In function 'task_Sensor':
../Core/Src/main.c:86:11: warning: implicit declaration of function 'captDistIR_ToCm'; did you mean 'captDistIR_Get'? [-Wimplicit-function-declaration]
   86 |   distL = captDistIR_ToCm(tab_distIR[0]);
      |           ^~~~~~~~~~~~~~~
      |           captDistIR_Get
../Core/Src/main.c:123:10: warning: unused variable 'cmd' [-Wunused-variable]
  123 |     char cmd;
      |          ^~~
../Core/Src/main.c: In function 'task_Manual':
../Core/Src/main.c:166:5: warning: implicit declaration of function 'moveForward' [-Wimplicit-function-declaration]
  166 |     moveForward(motorSpeed);
      |     ^~~~~~~~~~~
../Core/Src/main.c:170:5: warning: implicit declaration of function 'moveBackward' [-Wimplicit-function-declaration]
  170 |     moveBackward(motorSpeed);
      |     ^~~~~~~~~~~~
../Core/Src/main.c:174:5: warning: implicit declaration of function 'turnLeft' [-Wimplicit-function-declaration]
  174 |     turnLeft(motorSpeed);
      |     ^~~~~~~~
../Core/Src/main.c:178:5: warning: implicit declaration of function 'turnRight' [-Wimplicit-function-declaration]
  178 |     turnRight(motorSpeed);
      |     ^~~~~~~~~
../Core/Src/main.c:182:5: warning: implicit declaration of function 'stop' [-Wimplicit-function-declaration]
  182 |     stop();
      |     ^~~~
../Core/Src/main.c: In function 'main':
../Core/Src/main.c:281:6: warning: unused variable 'tab_dist' [-Wunused-variable]
  281 |  int tab_dist[2];
      |      ^~~~~~~~
../Core/Src/main.c:280:6: warning: variable 'ret' set but not used [-Wunused-but-set-variable]
  280 |  int ret = 0;
      |      ^~~
../Core/Src/main.c: At top level:
../Core/Src/main.c:45:13: warning: 'randomTimerCallback' declared 'static' but never defined [-Wunused-function]
   45 | static void randomTimerCallback(TimerHandle_t xTimer);
      |             ^~~~~~~~~~~~~~~~~~~
../Core/Src/main.c: In function 'microros_task':
../Core/Src/main.c:466:2: warning: ignoring return value of 'rcutils_set_default_allocator' declared with attribute 'warn_unused_result' [-Wunused-result]
  466 |  rcutils_set_default_allocator(&freeRTOS_allocator);
      |  ^~~~~~~~~~~~~~~~~~~~~~~~~~~~~~~~~~~~~~~~~~~~~~~~~~
../Core/Src/main.c:478:2: warning: ignoring return value of 'rcl_init_options_init' declared with attribute 'warn_unused_result' [-Wunused-result]
  478 |  rcl_init_options_init(&init_options, allocator);
      |  ^~~~~~~~~~~~~~~~~~~~~~~~~~~~~~~~~~~~~~~~~~~~~~~
../Core/Src/main.c:480:2: warning: ignoring return value of 'rcl_init_options_set_domain_id' declared with attribute 'warn_unused_result' [-Wunused-result]
  480 |  rcl_init_options_set_domain_id(&init_options,
      |  ^~~~~~~~~~~~~~~~~~~~~~~~~~~~~~~~~~~~~~~~~~~~~
  481 |  ROS_DOMAIN_ID);
      |  ~~~~~~~~~~~~~~
../Core/Src/main.c:616:3: warning: ignoring return value of 'rcl_publish' declared with attribute 'warn_unused_result' [-Wunused-result]
  616 |   rcl_publish(&sensor_vl53_publisher, &sensor_vl53_msg,
      |   ^~~~~~~~~~~~~~~~~~~~~~~~~~~~~~~~~~~~~~~~~~~~~~~~~~~~~
  617 |   NULL);
      |   ~~~~~
../Core/Src/main.c:620:3: warning: ignoring return value of 'rcl_publish' declared with attribute 'warn_unused_result' [-Wunused-result]
  620 |   rcl_publish(&sensor_ir_left_publisher, &sensor_ir_left_msg,
      |   ^~~~~~~~~~~~~~~~~~~~~~~~~~~~~~~~~~~~~~~~~~~~~~~~~~~~~~~~~~~
  621 |   NULL);
      |   ~~~~~
../Core/Src/main.c:624:3: warning: ignoring return value of 'rcl_publish' declared with attribute 'warn_unused_result' [-Wunused-result]
  624 |   rcl_publish(&sensor_ir_right_publisher, &sensor_ir_right_msg,
      |   ^~~~~~~~~~~~~~~~~~~~~~~~~~~~~~~~~~~~~~~~~~~~~~~~~~~~~~~~~~~~~
  625 |   NULL);
      |   ~~~~~
../Core/Src/main.c:637:3: warning: ignoring return value of 'rcl_publish' declared with attribute 'warn_unused_result' [-Wunused-result]
  637 |   rcl_publish(&speed_publisher, &robot_speed_msg,
      |   ^~~~~~~~~~~~~~~~~~~~~~~~~~~~~~~~~~~~~~~~~~~~~~~
  638 |   NULL);
      |   ~~~~~
At top level:
../Core/Src/main.c:73:13: warning: 'lastObstacleCmd' defined but not used [-Wunused-variable]
   73 | static char lastObstacleCmd = 0;
      |             ^~~~~~~~~~~~~~~
../Core/Src/main.c:44:22: warning: 'xRandomTimer' defined but not used [-Wunused-variable]
   44 | static TimerHandle_t xRandomTimer;
      |                      ^~~~~~~~~~~~
arm-none-eabi-gcc -o "base_robot.elf" @"objects.list"  -lmicroros -mcpu=cortex-m4 -T"/home/e2023/e3pennan/Documents/sen robot/robot_task/base_robot/STM32F411RETX_FLASH.ld" --specs=nosys.specs -Wl,-Map="base_robot.map" -Wl,--gc-sections -static -L"/home/e2023/e3pennan/Documents/sen robot/robot_task/base_robot/micro_ros_stm32cubemx_utils/microros_static_library/libmicroros" --specs=nano.specs -mfpu=fpv4-sp-d16 -mfloat-abi=hard -mthumb -u _printf_float -u _scanf_float -Wl,--start-group -lc -lm -Wl,--end-group
Finished building target: base_robot.elf
 
arm-none-eabi-size   base_robot.elf 
arm-none-eabi-objdump -h -S  base_robot.elf  > "base_robot.list"
   text	   data	    bss	    dec	    hex	filename
 129088	    652	  60552	 190292	  2e754	base_robot.elf
Finished building: default.size.stdout
 
Finished building: base_robot.list
 
