solid CATIA STL
  facet normal -1.000000e+000  -0.000000e+000  0.000000e+000
    outer loop
      vertex -6.000000e+000 -1.180074e+001  1.355422e+001
      vertex -6.000000e+000 -1.029458e+001 -4.305479e-001
      vertex -6.000000e+000 -1.038063e+001 -4.076144e+000
    endloop
  endfacet
  facet normal -1.000000e+000  -0.000000e+000  0.000000e+000
    outer loop
      vertex -6.000000e+000 -1.180074e+001  1.355422e+001
      vertex -6.000000e+000 -9.910114e+000  1.325978e+001
      vertex -6.000000e+000 -1.029458e+001 -4.305479e-001
    endloop
  endfacet
  facet normal -9.999999e-001  0.000000e+000  0.000000e+000
    outer loop
      vertex -6.000000e+000  1.880604e+001 -3.695910e+000
      vertex -6.000000e+000  2.029615e+001 -4.896220e+000
      vertex -6.000000e+000  1.029458e+001 -4.564145e+000
    endloop
  endfacet
  facet normal -1.000000e+000  0.000000e+000  0.000000e+000
    outer loop
      vertex -6.000000e+000 -1.511209e+001 -4.894474e+000
      vertex -6.000000e+000 -1.222556e+001 -1.887489e+001
      vertex -6.000000e+000 -1.689852e+001 -6.767276e+000
    endloop
  endfacet
  facet normal -1.000000e+000  0.000000e+000  -0.000000e+000
    outer loop
      vertex -6.000000e+000 -1.511209e+001 -4.894474e+000
      vertex -6.000000e+000 -1.450139e+001 -2.379363e+000
      vertex -6.000000e+000 -1.222556e+001 -1.887489e+001
    endloop
  endfacet
  facet normal -1.000000e+000  0.000000e+000  0.000000e+000
    outer loop
      vertex -6.000000e+000 -1.871277e+001 -1.907541e+001
      vertex -6.000000e+000 -2.189713e+001 -6.885259e+000
      vertex -6.000000e+000 -1.938202e+001 -7.495954e+000
    endloop
  endfacet
  facet normal -9.999999e-001  0.000000e+000  -0.000000e+000
    outer loop
      vertex -6.000000e+000 -3.357389e+000  7.451419e+000
      vertex -6.000000e+000 -3.013417e+000  2.232038e+001
      vertex -6.000000e+000  2.477641e-001  7.999730e+000
    endloop
  endfacet
  facet normal -1.000000e+000  -0.000000e+000  0.000000e+000
    outer loop
      vertex -6.000000e+000 -3.013417e+000  2.232038e+001
      vertex -6.000000e+000  3.013417e+000  2.232038e+001
      vertex -6.000000e+000  2.477641e-001  7.999730e+000
    endloop
  endfacet
  facet normal -1.000000e+000  0.000000e+000  -0.000000e+000
    outer loop
      vertex -6.000000e+000  2.477641e-001  7.999730e+000
      vertex -6.000000e+000  3.013417e+000  2.232038e+001
      vertex -6.000000e+000  8.865122e+000  2.087806e+001
    endloop
  endfacet
  facet normal -1.000000e+000  0.000000e+000  0.000000e+000
    outer loop
      vertex -6.000000e+000  2.029615e+001 -4.896220e+000
      vertex -6.000000e+000  8.966853e+000 -7.960454e+000
      vertex -6.000000e+000  1.029458e+001 -4.564145e+000
    endloop
  endfacet
  facet normal -1.000000e+000  0.000000e+000  -0.000000e+000
    outer loop
      vertex -6.000000e+000 -1.029458e+001 -4.305479e-001
      vertex -6.000000e+000 -9.910114e+000  1.325978e+001
      vertex -6.000000e+000 -8.966853e+000  2.965762e+000
    endloop
  endfacet
  facet normal -1.000000e+000  0.000000e+000  0.000000e+000
    outer loop
      vertex -6.000000e+000 -8.966853e+000  2.965762e+000
      vertex -6.000000e+000 -9.910114e+000  1.325978e+001
      vertex -6.000000e+000 -6.557592e+000  5.703141e+000
    endloop
  endfacet
  facet normal -1.000000e+000  -0.000000e+000  0.000000e+000
    outer loop
      vertex -6.000000e+000 -1.263496e+001  1.698993e+001
      vertex -6.000000e+000 -1.292941e+001  1.509930e+001
      vertex -6.000000e+000 -1.871277e+001  1.408072e+001
    endloop
  endfacet
  facet normal -1.000000e+000  0.000000e+000  0.000000e+000
    outer loop
      vertex -6.000000e+000 -1.292941e+001  1.509930e+001
      vertex -6.000000e+000 -1.180074e+001  1.355422e+001
      vertex -6.000000e+000 -1.871277e+001  1.408072e+001
    endloop
  endfacet
  facet normal -1.000000e+000  0.000000e+000  0.000000e+000
    outer loop
      vertex -6.000000e+000 -1.044101e+001 -1.818458e+001
      vertex -6.000000e+000 -1.222556e+001 -1.887489e+001
      vertex -6.000000e+000 -1.450139e+001 -2.379363e+000
    endloop
  endfacet
  facet normal -1.000000e+000  0.000000e+000  0.000000e+000
    outer loop
      vertex -6.000000e+000 -1.044101e+001 -1.818458e+001
      vertex -6.000000e+000 -1.450139e+001 -2.379363e+000
      vertex -6.000000e+000 -1.180074e+001  1.355422e+001
    endloop
  endfacet
  facet normal -1.000000e+000  0.000000e+000  0.000000e+000
    outer loop
      vertex -6.000000e+000 -1.044101e+001 -1.818458e+001
      vertex -6.000000e+000 -1.180074e+001  1.355422e+001
      vertex -6.000000e+000 -1.038063e+001 -4.076144e+000
    endloop
  endfacet
  facet normal -1.000000e+000  0.000000e+000  -0.000000e+000
    outer loop
      vertex -6.000000e+000 -1.044101e+001 -1.818458e+001
      vertex -6.000000e+000 -1.038063e+001 -4.076144e+000
      vertex -6.000000e+000 -9.214617e+000 -7.531314e+000
    endloop
  endfacet
  facet normal -1.000000e+000  0.000000e+000  -0.000000e+000
    outer loop
      vertex -6.000000e+000 -1.044101e+001 -1.818458e+001
      vertex -6.000000e+000 -9.214617e+000 -7.531314e+000
      vertex -6.000000e+000 -6.937189e+000 -1.037931e+001
    endloop
  endfacet
  facet normal -1.000000e+000  0.000000e+000  -0.000000e+000
    outer loop
      vertex -6.000000e+000 -1.044101e+001 -1.818458e+001
      vertex -6.000000e+000 -6.937189e+000 -1.037931e+001
      vertex -6.000000e+000 -3.823034e+000 -1.227663e+001
    endloop
  endfacet
  facet normal -1.000000e+000  0.000000e+000  -0.000000e+000
    outer loop
      vertex -6.000000e+000 -1.044101e+001 -1.818458e+001
      vertex -6.000000e+000 -3.823034e+000 -1.227663e+001
      vertex -6.000000e+000 -2.477641e-001 -1.299442e+001
    endloop
  endfacet
  facet normal -1.000000e+000  0.000000e+000  0.000000e+000
    outer loop
      vertex -6.000000e+000 -1.044101e+001 -1.818458e+001
      vertex -6.000000e+000 -2.477641e-001 -1.299442e+001
      vertex -6.000000e+000 -8.691012e+000 -1.895832e+001
    endloop
  endfacet
  facet normal -9.999999e-001  0.000000e+000  0.000000e+000
    outer loop
      vertex -6.000000e+000 -1.055899e+001 -2.318318e+001
      vertex -6.000000e+000 -8.774439e+000 -2.249287e+001
      vertex -6.000000e+000 -8.865122e+000 -2.587275e+001
    endloop
  endfacet
  facet normal -1.000000e+000  0.000000e+000  0.000000e+000
    outer loop
      vertex -6.000000e+000 -1.055899e+001 -2.318318e+001
      vertex -6.000000e+000 -8.865122e+000 -2.587275e+001
      vertex -6.000000e+000 -1.420162e+001 -2.307194e+001
    endloop
  endfacet
  facet normal -1.000000e+000  0.000000e+000  0.000000e+000
    outer loop
      vertex -6.000000e+000 -1.055899e+001 -2.318318e+001
      vertex -6.000000e+000 -1.420162e+001 -2.307194e+001
      vertex -6.000000e+000 -1.230899e+001 -2.240944e+001
    endloop
  endfacet
  facet normal -1.000000e+000  0.000000e+000  0.000000e+000
    outer loop
      vertex -6.000000e+000  1.871277e+001  1.408072e+001
      vertex -6.000000e+000  1.038063e+001 -9.185480e-001
      vertex -6.000000e+000  9.214617e+000  2.536622e+000
    endloop
  endfacet
  facet normal -1.000000e+000  0.000000e+000  0.000000e+000
    outer loop
      vertex -6.000000e+000  1.871277e+001  1.408072e+001
      vertex -6.000000e+000  9.214617e+000  2.536622e+000
      vertex -6.000000e+000  6.937189e+000  5.384621e+000
    endloop
  endfacet
  facet normal -1.000000e+000  0.000000e+000  0.000000e+000
    outer loop
      vertex -6.000000e+000  1.871277e+001  1.408072e+001
      vertex -6.000000e+000  6.937189e+000  5.384621e+000
      vertex -6.000000e+000  3.823034e+000  7.281939e+000
    endloop
  endfacet
  facet normal -1.000000e+000  0.000000e+000  0.000000e+000
    outer loop
      vertex -6.000000e+000  1.871277e+001  1.408072e+001
      vertex -6.000000e+000  3.823034e+000  7.281939e+000
      vertex -6.000000e+000  2.477641e-001  7.999730e+000
    endloop
  endfacet
  facet normal -1.000000e+000  0.000000e+000  0.000000e+000
    outer loop
      vertex -6.000000e+000  1.871277e+001  1.408072e+001
      vertex -6.000000e+000  2.477641e-001  7.999730e+000
      vertex -6.000000e+000  8.865122e+000  2.087806e+001
    endloop
  endfacet
  facet normal -1.000000e+000  0.000000e+000  0.000000e+000
    outer loop
      vertex -6.000000e+000  1.871277e+001  1.408072e+001
      vertex -6.000000e+000  8.865122e+000  2.087806e+001
      vertex -6.000000e+000  1.420162e+001  1.807725e+001
    endloop
  endfacet
  facet normal -9.999999e-001  0.000000e+000  0.000000e+000
    outer loop
      vertex -6.000000e+000 -1.938202e+001 -7.495954e+000
      vertex -6.000000e+000 -1.689852e+001 -6.767276e+000
      vertex -6.000000e+000 -1.871277e+001 -1.907541e+001
    endloop
  endfacet
  facet normal -1.000000e+000  0.000000e+000  0.000000e+000
    outer loop
      vertex -6.000000e+000 -1.871277e+001 -1.907541e+001
      vertex -6.000000e+000 -1.689852e+001 -6.767276e+000
      vertex -6.000000e+000 -1.222556e+001 -1.887489e+001
    endloop
  endfacet
  facet normal -1.000000e+000  0.000000e+000  0.000000e+000
    outer loop
      vertex -6.000000e+000 -1.871277e+001 -1.907541e+001
      vertex -6.000000e+000 -1.222556e+001 -1.887489e+001
      vertex -6.000000e+000 -1.420162e+001 -2.307194e+001
    endloop
  endfacet
  facet normal -1.000000e+000  0.000000e+000  0.000000e+000
    outer loop
      vertex -6.000000e+000 -1.420162e+001 -2.307194e+001
      vertex -6.000000e+000 -1.222556e+001 -1.887489e+001
      vertex -6.000000e+000 -1.299930e+001 -2.062489e+001
    endloop
  endfacet
  facet normal -1.000000e+000  0.000000e+000  -0.000000e+000
    outer loop
      vertex -6.000000e+000 -1.420162e+001 -2.307194e+001
      vertex -6.000000e+000 -1.299930e+001 -2.062489e+001
      vertex -6.000000e+000 -1.230899e+001 -2.240944e+001
    endloop
  endfacet
  facet normal -1.000000e+000  0.000000e+000  0.000000e+000
    outer loop
      vertex -6.000000e+000 -1.871277e+001 -1.907541e+001
      vertex -6.000000e+000 -2.213640e+001 -1.411543e+001
      vertex -6.000000e+000 -2.189713e+001 -6.885259e+000
    endloop
  endfacet
  facet normal -1.000000e+000  0.000000e+000  0.000000e+000
    outer loop
      vertex -6.000000e+000 -2.189713e+001 -6.885259e+000
      vertex -6.000000e+000 -2.213640e+001 -1.411543e+001
      vertex -6.000000e+000 -2.427355e+001 -8.480238e+000
    endloop
  endfacet
  facet normal -9.999999e-001  0.000000e+000  0.000000e+000
    outer loop
      vertex -6.000000e+000 -2.189713e+001 -6.885259e+000
      vertex -6.000000e+000 -2.427355e+001 -8.480238e+000
      vertex -6.000000e+000 -2.376993e+001 -5.098826e+000
    endloop
  endfacet
  facet normal -1.000000e+000  0.000000e+000  0.000000e+000
    outer loop
      vertex -6.000000e+000 -2.210148e+001  1.772584e+000
      vertex -6.000000e+000 -2.427355e+001  3.485545e+000
      vertex -6.000000e+000 -1.961798e+001  2.501262e+000
    endloop
  endfacet
  facet normal -1.000000e+000  0.000000e+000  0.000000e+000
    outer loop
      vertex -6.000000e+000 -1.961798e+001  2.501262e+000
      vertex -6.000000e+000 -2.427355e+001  3.485545e+000
      vertex -6.000000e+000 -2.213640e+001  9.120733e+000
    endloop
  endfacet
  facet normal -1.000000e+000  0.000000e+000  0.000000e+000
    outer loop
      vertex -6.000000e+000 -1.961798e+001  2.501262e+000
      vertex -6.000000e+000 -2.213640e+001  9.120733e+000
      vertex -6.000000e+000 -1.710287e+001  1.890567e+000
    endloop
  endfacet
  facet normal -1.000000e+000  0.000000e+000  0.000000e+000
    outer loop
      vertex -6.000000e+000 -1.710287e+001  1.890567e+000
      vertex -6.000000e+000 -2.213640e+001  9.120733e+000
      vertex -6.000000e+000 -1.871277e+001  1.408072e+001
    endloop
  endfacet
  facet normal -1.000000e+000  0.000000e+000  0.000000e+000
    outer loop
      vertex -6.000000e+000 -1.710287e+001  1.890567e+000
      vertex -6.000000e+000 -1.871277e+001  1.408072e+001
      vertex -6.000000e+000 -1.523007e+001  1.041340e-001
    endloop
  endfacet
  facet normal -1.000000e+000  0.000000e+000  0.000000e+000
    outer loop
      vertex -6.000000e+000 -1.523007e+001  1.041340e-001
      vertex -6.000000e+000 -1.871277e+001  1.408072e+001
      vertex -6.000000e+000 -1.180074e+001  1.355422e+001
    endloop
  endfacet
  facet normal -1.000000e+000  0.000000e+000  0.000000e+000
    outer loop
      vertex -6.000000e+000 -1.523007e+001  1.041340e-001
      vertex -6.000000e+000 -1.180074e+001  1.355422e+001
      vertex -6.000000e+000 -1.450139e+001 -2.379363e+000
    endloop
  endfacet
  facet normal -1.000000e+000  0.000000e+000  -0.000000e+000
    outer loop
      vertex -6.000000e+000  3.013417e+000 -2.731507e+001
      vertex -6.000000e+000  3.357389e+000 -1.244611e+001
      vertex -6.000000e+000  8.865122e+000 -2.587275e+001
    endloop
  endfacet
  facet normal -1.000000e+000  0.000000e+000  0.000000e+000
    outer loop
      vertex -6.000000e+000  8.865122e+000 -2.587275e+001
      vertex -6.000000e+000  3.357389e+000 -1.244611e+001
      vertex -6.000000e+000  6.557592e+000 -1.069783e+001
    endloop
  endfacet
  facet normal -1.000000e+000  0.000000e+000  0.000000e+000
    outer loop
      vertex -6.000000e+000  8.865122e+000 -2.587275e+001
      vertex -6.000000e+000  6.557592e+000 -1.069783e+001
      vertex -6.000000e+000  1.420162e+001 -2.307194e+001
    endloop
  endfacet
  facet normal -1.000000e+000  0.000000e+000  0.000000e+000
    outer loop
      vertex -6.000000e+000  1.420162e+001 -2.307194e+001
      vertex -6.000000e+000  6.557592e+000 -1.069783e+001
      vertex -6.000000e+000  8.966853e+000 -7.960454e+000
    endloop
  endfacet
  facet normal -1.000000e+000  0.000000e+000  0.000000e+000
    outer loop
      vertex -6.000000e+000  1.420162e+001 -2.307194e+001
      vertex -6.000000e+000  8.966853e+000 -7.960454e+000
      vertex -6.000000e+000  1.871277e+001 -1.907541e+001
    endloop
  endfacet
  facet normal -1.000000e+000  0.000000e+000  0.000000e+000
    outer loop
      vertex -6.000000e+000  1.871277e+001 -1.907541e+001
      vertex -6.000000e+000  8.966853e+000 -7.960454e+000
      vertex -6.000000e+000  2.029615e+001 -4.896220e+000
    endloop
  endfacet
  facet normal -1.000000e+000  0.000000e+000  -0.000000e+000
    outer loop
      vertex -6.000000e+000  1.871277e+001 -1.907541e+001
      vertex -6.000000e+000  2.029615e+001 -4.896220e+000
      vertex -6.000000e+000  2.213640e+001 -1.411543e+001
    endloop
  endfacet
  facet normal -1.000000e+000  0.000000e+000  0.000000e+000
    outer loop
      vertex -6.000000e+000  2.213640e+001 -1.411543e+001
      vertex -6.000000e+000  2.029615e+001 -4.896220e+000
      vertex -6.000000e+000  2.219856e+001 -4.691303e+000
    endloop
  endfacet
  facet normal -1.000000e+000  0.000000e+000  -0.000000e+000
    outer loop
      vertex -6.000000e+000  2.213640e+001 -1.411543e+001
      vertex -6.000000e+000  2.219856e+001 -4.691303e+000
      vertex -6.000000e+000  2.427355e+001 -8.480238e+000
    endloop
  endfacet
  facet normal -1.000000e+000  0.000000e+000  -0.000000e+000
    outer loop
      vertex -6.000000e+000  1.038063e+001 -9.185480e-001
      vertex -6.000000e+000  1.871277e+001  1.408072e+001
      vertex -6.000000e+000  1.980144e+001 -3.033898e-001
    endloop
  endfacet
  facet normal -1.000000e+000  0.000000e+000  0.000000e+000
    outer loop
      vertex -6.000000e+000  1.980144e+001 -3.033898e-001
      vertex -6.000000e+000  1.871277e+001  1.408072e+001
      vertex -6.000000e+000  2.213640e+001  9.120733e+000
    endloop
  endfacet
  facet normal -1.000000e+000  0.000000e+000  0.000000e+000
    outer loop
      vertex -6.000000e+000  1.980144e+001 -3.033898e-001
      vertex -6.000000e+000  2.213640e+001  9.120733e+000
      vertex -6.000000e+000  2.170385e+001 -9.847209e-002
    endloop
  endfacet
  facet normal -1.000000e+000  0.000000e+000  0.000000e+000
    outer loop
      vertex -6.000000e+000  2.170385e+001 -9.847209e-002
      vertex -6.000000e+000  2.213640e+001  9.120733e+000
      vertex -6.000000e+000  2.427355e+001  3.485545e+000
    endloop
  endfacet
  facet normal -1.000000e+000  0.000000e+000  0.000000e+000
    outer loop
      vertex -6.000000e+000  2.170385e+001 -9.847209e-002
      vertex -6.000000e+000  2.427355e+001  3.485545e+000
      vertex -6.000000e+000  2.319396e+001 -1.298782e+000
    endloop
  endfacet
  facet normal -1.000000e+000  0.000000e+000  0.000000e+000
    outer loop
      vertex -6.000000e+000  2.319396e+001 -1.298782e+000
      vertex -6.000000e+000  2.427355e+001  3.485545e+000
      vertex -6.000000e+000  2.500000e+001 -2.497346e+000
    endloop
  endfacet
  facet normal -1.000000e+000  -0.000000e+000  0.000000e+000
    outer loop
      vertex -6.000000e+000  2.319396e+001 -1.298782e+000
      vertex -6.000000e+000  2.500000e+001 -2.497346e+000
      vertex -6.000000e+000  2.339887e+001 -3.201195e+000
    endloop
  endfacet
  facet normal -1.000000e+000  0.000000e+000  0.000000e+000
    outer loop
      vertex -6.000000e+000 -8.000696e+000 -2.074287e+001
      vertex -6.000000e+000 -3.013417e+000 -2.731507e+001
      vertex -6.000000e+000 -8.774439e+000 -2.249287e+001
    endloop
  endfacet
  facet normal -1.000000e+000  0.000000e+000  -0.000000e+000
    outer loop
      vertex -6.000000e+000 -8.774439e+000 -2.249287e+001
      vertex -6.000000e+000 -3.013417e+000 -2.731507e+001
      vertex -6.000000e+000 -8.865122e+000 -2.587275e+001
    endloop
  endfacet
  facet normal -1.000000e+000  0.000000e+000  0.000000e+000
    outer loop
      vertex -6.000000e+000 -8.000696e+000 -2.074287e+001
      vertex -6.000000e+000 -8.691012e+000 -1.895832e+001
      vertex -6.000000e+000 -3.013417e+000 -2.731507e+001
    endloop
  endfacet
  facet normal -1.000000e+000  0.000000e+000  0.000000e+000
    outer loop
      vertex -6.000000e+000 -3.013417e+000 -2.731507e+001
      vertex -6.000000e+000 -8.691012e+000 -1.895832e+001
      vertex -6.000000e+000 -2.477641e-001 -1.299442e+001
    endloop
  endfacet
  facet normal -1.000000e+000  0.000000e+000  -0.000000e+000
    outer loop
      vertex -6.000000e+000 -3.013417e+000 -2.731507e+001
      vertex -6.000000e+000 -2.477641e-001 -1.299442e+001
      vertex -6.000000e+000  3.013417e+000 -2.731507e+001
    endloop
  endfacet
  facet normal -9.999999e-001  0.000000e+000  0.000000e+000
    outer loop
      vertex -6.000000e+000  3.013417e+000 -2.731507e+001
      vertex -6.000000e+000 -2.477641e-001 -1.299442e+001
      vertex -6.000000e+000  3.357389e+000 -1.244611e+001
    endloop
  endfacet
  facet normal -1.000000e+000  0.000000e+000  0.000000e+000
    outer loop
      vertex -6.000000e+000 -6.557592e+000  5.703141e+000
      vertex -6.000000e+000 -9.910114e+000  1.325978e+001
      vertex -6.000000e+000 -3.357389e+000  7.451419e+000
    endloop
  endfacet
  facet normal -1.000000e+000  0.000000e+000  0.000000e+000
    outer loop
      vertex -6.000000e+000 -3.357389e+000  7.451419e+000
      vertex -6.000000e+000 -9.910114e+000  1.325978e+001
      vertex -6.000000e+000 -8.365035e+000  1.438845e+001
    endloop
  endfacet
  facet normal -1.000000e+000  0.000000e+000  0.000000e+000
    outer loop
      vertex -6.000000e+000 -3.357389e+000  7.451419e+000
      vertex -6.000000e+000 -8.365035e+000  1.438845e+001
      vertex -6.000000e+000 -3.013417e+000  2.232038e+001
    endloop
  endfacet
  facet normal -1.000000e+000  0.000000e+000  0.000000e+000
    outer loop
      vertex -6.000000e+000 -3.013417e+000  2.232038e+001
      vertex -6.000000e+000 -8.365035e+000  1.438845e+001
      vertex -6.000000e+000 -8.070590e+000  1.627907e+001
    endloop
  endfacet
  facet normal -1.000000e+000  0.000000e+000  0.000000e+000
    outer loop
      vertex -6.000000e+000 -3.013417e+000  2.232038e+001
      vertex -6.000000e+000 -8.070590e+000  1.627907e+001
      vertex -6.000000e+000 -8.865122e+000  2.087806e+001
    endloop
  endfacet
  facet normal -1.000000e+000  0.000000e+000  -0.000000e+000
    outer loop
      vertex -6.000000e+000 -8.865122e+000  2.087806e+001
      vertex -6.000000e+000 -8.070590e+000  1.627907e+001
      vertex -6.000000e+000 -9.199260e+000  1.782415e+001
    endloop
  endfacet
  facet normal -1.000000e+000  0.000000e+000  0.000000e+000
    outer loop
      vertex -6.000000e+000 -8.865122e+000  2.087806e+001
      vertex -6.000000e+000 -9.199260e+000  1.782415e+001
      vertex -6.000000e+000 -1.108989e+001  1.811860e+001
    endloop
  endfacet
  facet normal -1.000000e+000  0.000000e+000  0.000000e+000
    outer loop
      vertex -6.000000e+000  2.427355e+001 -8.480238e+000
      vertex -6.000000e+000  2.219856e+001 -4.691303e+000
      vertex -6.000000e+000  2.500000e+001 -2.497346e+000
    endloop
  endfacet
  facet normal -1.000000e+000  0.000000e+000  0.000000e+000
    outer loop
      vertex -6.000000e+000  2.500000e+001 -2.497346e+000
      vertex -6.000000e+000  2.219856e+001 -4.691303e+000
      vertex -6.000000e+000  2.339887e+001 -3.201195e+000
    endloop
  endfacet
  facet normal -1.000000e+000  0.000000e+000  0.000000e+000
    outer loop
      vertex -6.000000e+000  1.038063e+001 -9.185480e-001
      vertex -6.000000e+000  1.980144e+001 -3.033898e-001
      vertex -6.000000e+000  1.029458e+001 -4.564145e+000
    endloop
  endfacet
  facet normal -1.000000e+000  0.000000e+000  0.000000e+000
    outer loop
      vertex -6.000000e+000  1.029458e+001 -4.564145e+000
      vertex -6.000000e+000  1.980144e+001 -3.033898e-001
      vertex -6.000000e+000  1.860113e+001 -1.793497e+000
    endloop
  endfacet
  facet normal -1.000000e+000  0.000000e+000  -0.000000e+000
    outer loop
      vertex -6.000000e+000  1.029458e+001 -4.564145e+000
      vertex -6.000000e+000  1.860113e+001 -1.793497e+000
      vertex -6.000000e+000  1.880604e+001 -3.695910e+000
    endloop
  endfacet
  facet normal -1.000000e+000  0.000000e+000  0.000000e+000
    outer loop
      vertex -6.000000e+000 -1.263496e+001  1.698993e+001
      vertex -6.000000e+000 -1.871277e+001  1.408072e+001
      vertex -6.000000e+000 -1.108989e+001  1.811860e+001
    endloop
  endfacet
  facet normal -1.000000e+000  0.000000e+000  0.000000e+000
    outer loop
      vertex -6.000000e+000 -1.108989e+001  1.811860e+001
      vertex -6.000000e+000 -1.871277e+001  1.408072e+001
      vertex -6.000000e+000 -1.420162e+001  1.807725e+001
    endloop
  endfacet
  facet normal -1.000000e+000  0.000000e+000  0.000000e+000
    outer loop
      vertex -6.000000e+000 -1.108989e+001  1.811860e+001
      vertex -6.000000e+000 -1.420162e+001  1.807725e+001
      vertex -6.000000e+000 -8.865122e+000  2.087806e+001
    endloop
  endfacet
  facet normal -1.000000e+000  0.000000e+000  0.000000e+000
    outer loop
      vertex -6.000000e+000 -2.376993e+001 -5.098826e+000
      vertex -6.000000e+000 -2.427355e+001 -8.480238e+000
      vertex -6.000000e+000 -2.449861e+001 -2.615329e+000
    endloop
  endfacet
  facet normal -1.000000e+000  -0.000000e+000  -0.000000e+000
    outer loop
      vertex -6.000000e+000 -2.449861e+001 -2.615329e+000
      vertex -6.000000e+000 -2.427355e+001 -8.480238e+000
      vertex -6.000000e+000 -2.500000e+001 -2.497346e+000
    endloop
  endfacet
  facet normal -1.000000e+000  0.000000e+000  0.000000e+000
    outer loop
      vertex -6.000000e+000 -2.449861e+001 -2.615329e+000
      vertex -6.000000e+000 -2.500000e+001 -2.497346e+000
      vertex -6.000000e+000 -2.388791e+001 -1.002185e-001
    endloop
  endfacet
  facet normal -1.000000e+000  -0.000000e+000  0.000000e+000
    outer loop
      vertex -6.000000e+000 -2.388791e+001 -1.002185e-001
      vertex -6.000000e+000 -2.500000e+001 -2.497346e+000
      vertex -6.000000e+000 -2.427355e+001  3.485545e+000
    endloop
  endfacet
  facet normal -9.999999e-001  0.000000e+000  0.000000e+000
    outer loop
      vertex -6.000000e+000 -2.388791e+001 -1.002185e-001
      vertex -6.000000e+000 -2.427355e+001  3.485545e+000
      vertex -6.000000e+000 -2.210148e+001  1.772584e+000
    endloop
  endfacet
  facet normal  -0.000000e+000 -1.538844e-001 -9.880888e-001
    outer loop
      vertex -6.000000e+000 -9.199260e+000  1.782415e+001
      vertex  4.000000e+000 -1.108989e+001  1.811860e+001
      vertex -6.000000e+000 -1.108989e+001  1.811860e+001
    endloop
  endfacet
  facet normal  0.000000e+000  5.898713e-001 -8.074974e-001
    outer loop
      vertex -6.000000e+000 -1.108989e+001  1.811860e+001
      vertex  4.000000e+000 -1.108989e+001  1.811860e+001
      vertex  4.000000e+000 -1.263496e+001  1.698993e+001
    endloop
  endfacet
  facet normal  0.000000e+000  5.898713e-001 -8.074974e-001
    outer loop
      vertex -6.000000e+000 -1.108989e+001  1.811860e+001
      vertex  4.000000e+000 -1.263496e+001  1.698993e+001
      vertex -6.000000e+000 -1.263496e+001  1.698993e+001
    endloop
  endfacet
  facet normal  0.000000e+000 -1.538844e-001 -9.880888e-001
    outer loop
      vertex  4.000000e+000 -1.108989e+001  1.811860e+001
      vertex -6.000000e+000 -9.199260e+000  1.782415e+001
      vertex  4.000000e+000 -9.199260e+000  1.782415e+001
    endloop
  endfacet
  facet normal  -0.000000e+000 -8.074971e-001 -5.898715e-001
    outer loop
      vertex  4.000000e+000 -9.199260e+000  1.782415e+001
      vertex -6.000000e+000 -9.199260e+000  1.782415e+001
      vertex -6.000000e+000 -8.070590e+000  1.627907e+001
    endloop
  endfacet
  facet normal  0.000000e+000 -8.074971e-001 -5.898715e-001
    outer loop
      vertex  4.000000e+000 -9.199260e+000  1.782415e+001
      vertex -6.000000e+000 -8.070590e+000  1.627907e+001
      vertex  4.000000e+000 -8.070590e+000  1.627907e+001
    endloop
  endfacet
  facet normal  0.000000e+000 -9.880888e-001  1.538843e-001
    outer loop
      vertex  4.000000e+000 -8.070590e+000  1.627907e+001
      vertex -6.000000e+000 -8.070590e+000  1.627907e+001
      vertex -6.000000e+000 -8.365035e+000  1.438845e+001
    endloop
  endfacet
  facet normal  0.000000e+000 -9.880888e-001  1.538843e-001
    outer loop
      vertex  4.000000e+000 -8.070590e+000  1.627907e+001
      vertex -6.000000e+000 -8.365035e+000  1.438845e+001
      vertex  4.000000e+000 -8.365035e+000  1.438845e+001
    endloop
  endfacet
  facet normal  0.000000e+000  1.538844e-001  9.880888e-001
    outer loop
      vertex -6.000000e+000 -1.180074e+001  1.355422e+001
      vertex  4.000000e+000 -9.910114e+000  1.325978e+001
      vertex -6.000000e+000 -9.910114e+000  1.325978e+001
    endloop
  endfacet
  facet normal  0.000000e+000 -5.898713e-001  8.074974e-001
    outer loop
      vertex -6.000000e+000 -9.910114e+000  1.325978e+001
      vertex  4.000000e+000 -9.910114e+000  1.325978e+001
      vertex  4.000000e+000 -8.365035e+000  1.438845e+001
    endloop
  endfacet
  facet normal  0.000000e+000 -5.898713e-001  8.074974e-001
    outer loop
      vertex -6.000000e+000 -9.910114e+000  1.325978e+001
      vertex  4.000000e+000 -8.365035e+000  1.438845e+001
      vertex -6.000000e+000 -8.365035e+000  1.438845e+001
    endloop
  endfacet
  facet normal  -0.000000e+000  1.538844e-001  9.880888e-001
    outer loop
      vertex  4.000000e+000 -9.910114e+000  1.325978e+001
      vertex -6.000000e+000 -1.180074e+001  1.355422e+001
      vertex  4.000000e+000 -1.180074e+001  1.355422e+001
    endloop
  endfacet
  facet normal  0.000000e+000  8.074974e-001  5.898713e-001
    outer loop
      vertex  4.000000e+000 -1.180074e+001  1.355422e+001
      vertex -6.000000e+000 -1.180074e+001  1.355422e+001
      vertex -6.000000e+000 -1.292941e+001  1.509930e+001
    endloop
  endfacet
  facet normal  -0.000000e+000  8.074974e-001  5.898713e-001
    outer loop
      vertex  4.000000e+000 -1.180074e+001  1.355422e+001
      vertex -6.000000e+000 -1.292941e+001  1.509930e+001
      vertex  4.000000e+000 -1.292941e+001  1.509930e+001
    endloop
  endfacet
  facet normal  0.000000e+000  9.880888e-001 -1.538844e-001
    outer loop
      vertex  4.000000e+000 -1.292941e+001  1.509930e+001
      vertex -6.000000e+000 -1.292941e+001  1.509930e+001
      vertex -6.000000e+000 -1.263496e+001  1.698993e+001
    endloop
  endfacet
  facet normal  0.000000e+000  9.880888e-001 -1.538844e-001
    outer loop
      vertex  4.000000e+000 -1.292941e+001  1.509930e+001
      vertex -6.000000e+000 -1.263496e+001  1.698993e+001
      vertex  4.000000e+000 -1.263496e+001  1.698993e+001
    endloop
  endfacet
  facet normal  0.000000e+000  9.326523e-001  3.607765e-001
    outer loop
      vertex -6.000000e+000 -1.299930e+001 -2.062489e+001
      vertex  4.000000e+000 -1.230899e+001 -2.240944e+001
      vertex -6.000000e+000 -1.230899e+001 -2.240944e+001
    endloop
  endfacet
  facet normal  -0.000000e+000  4.043775e-001  9.145922e-001
    outer loop
      vertex -6.000000e+000 -1.230899e+001 -2.240944e+001
      vertex  4.000000e+000 -1.230899e+001 -2.240944e+001
      vertex  4.000000e+000 -1.055899e+001 -2.318318e+001
    endloop
  endfacet
  facet normal  0.000000e+000  4.043775e-001  9.145922e-001
    outer loop
      vertex -6.000000e+000 -1.230899e+001 -2.240944e+001
      vertex  4.000000e+000 -1.055899e+001 -2.318318e+001
      vertex -6.000000e+000 -1.055899e+001 -2.318318e+001
    endloop
  endfacet
  facet normal  -0.000000e+000  9.326523e-001  3.607765e-001
    outer loop
      vertex  4.000000e+000 -1.230899e+001 -2.240944e+001
      vertex -6.000000e+000 -1.299930e+001 -2.062489e+001
      vertex  4.000000e+000 -1.299930e+001 -2.062489e+001
    endloop
  endfacet
  facet normal  0.000000e+000  9.145922e-001 -4.043775e-001
    outer loop
      vertex  4.000000e+000 -1.299930e+001 -2.062489e+001
      vertex -6.000000e+000 -1.299930e+001 -2.062489e+001
      vertex -6.000000e+000 -1.222556e+001 -1.887489e+001
    endloop
  endfacet
  facet normal  0.000000e+000  9.145922e-001 -4.043775e-001
    outer loop
      vertex  4.000000e+000 -1.299930e+001 -2.062489e+001
      vertex -6.000000e+000 -1.222556e+001 -1.887489e+001
      vertex  4.000000e+000 -1.222556e+001 -1.887489e+001
    endloop
  endfacet
  facet normal  0.000000e+000  3.607762e-001 -9.326524e-001
    outer loop
      vertex  4.000000e+000 -1.222556e+001 -1.887489e+001
      vertex -6.000000e+000 -1.222556e+001 -1.887489e+001
      vertex -6.000000e+000 -1.044101e+001 -1.818458e+001
    endloop
  endfacet
  facet normal  0.000000e+000  3.607762e-001 -9.326524e-001
    outer loop
      vertex  4.000000e+000 -1.222556e+001 -1.887489e+001
      vertex -6.000000e+000 -1.044101e+001 -1.818458e+001
      vertex  4.000000e+000 -1.044101e+001 -1.818458e+001
    endloop
  endfacet
  facet normal  -0.000000e+000 -9.326522e-001 -3.607768e-001
    outer loop
      vertex -6.000000e+000 -8.000696e+000 -2.074287e+001
      vertex  4.000000e+000 -8.691012e+000 -1.895832e+001
      vertex -6.000000e+000 -8.691012e+000 -1.895832e+001
    endloop
  endfacet
  facet normal  0.000000e+000 -4.043775e-001 -9.145922e-001
    outer loop
      vertex -6.000000e+000 -8.691012e+000 -1.895832e+001
      vertex  4.000000e+000 -8.691012e+000 -1.895832e+001
      vertex  4.000000e+000 -1.044101e+001 -1.818458e+001
    endloop
  endfacet
  facet normal  -0.000000e+000 -4.043775e-001 -9.145922e-001
    outer loop
      vertex -6.000000e+000 -8.691012e+000 -1.895832e+001
      vertex  4.000000e+000 -1.044101e+001 -1.818458e+001
      vertex -6.000000e+000 -1.044101e+001 -1.818458e+001
    endloop
  endfacet
  facet normal  0.000000e+000 -9.326522e-001 -3.607768e-001
    outer loop
      vertex  4.000000e+000 -8.691012e+000 -1.895832e+001
      vertex -6.000000e+000 -8.000696e+000 -2.074287e+001
      vertex  4.000000e+000 -8.000696e+000 -2.074287e+001
    endloop
  endfacet
  facet normal  0.000000e+000 -9.145924e-001  4.043771e-001
    outer loop
      vertex  4.000000e+000 -8.000696e+000 -2.074287e+001
      vertex -6.000000e+000 -8.000696e+000 -2.074287e+001
      vertex -6.000000e+000 -8.774439e+000 -2.249287e+001
    endloop
  endfacet
  facet normal  0.000000e+000 -9.145924e-001  4.043771e-001
    outer loop
      vertex  4.000000e+000 -8.000696e+000 -2.074287e+001
      vertex -6.000000e+000 -8.774439e+000 -2.249287e+001
      vertex  4.000000e+000 -8.774439e+000 -2.249287e+001
    endloop
  endfacet
  facet normal  0.000000e+000 -3.607762e-001  9.326524e-001
    outer loop
      vertex  4.000000e+000 -8.774439e+000 -2.249287e+001
      vertex -6.000000e+000 -8.774439e+000 -2.249287e+001
      vertex -6.000000e+000 -1.055899e+001 -2.318318e+001
    endloop
  endfacet
  facet normal  0.000000e+000 -3.607762e-001  9.326524e-001
    outer loop
      vertex  4.000000e+000 -8.774439e+000 -2.249287e+001
      vertex -6.000000e+000 -1.055899e+001 -2.318318e+001
      vertex  4.000000e+000 -1.055899e+001 -2.318318e+001
    endloop
  endfacet
  facet normal -1.000000e+000  0.000000e+000  0.000000e+000
    outer loop
      vertex  4.000000e+000 -8.070590e+000  1.627907e+001
      vertex  4.000000e+000 -1.108989e+001  1.811860e+001
      vertex  4.000000e+000 -9.199260e+000  1.782415e+001
    endloop
  endfacet
  facet normal -1.000000e+000  0.000000e+000  0.000000e+000
    outer loop
      vertex  4.000000e+000 -1.108989e+001  1.811860e+001
      vertex  4.000000e+000 -8.070590e+000  1.627907e+001
      vertex  4.000000e+000 -1.263496e+001  1.698993e+001
    endloop
  endfacet
  facet normal -1.000000e+000  0.000000e+000  0.000000e+000
    outer loop
      vertex  4.000000e+000 -1.263496e+001  1.698993e+001
      vertex  4.000000e+000 -8.070590e+000  1.627907e+001
      vertex  4.000000e+000 -8.365035e+000  1.438845e+001
    endloop
  endfacet
  facet normal -1.000000e+000  0.000000e+000  0.000000e+000
    outer loop
      vertex  4.000000e+000 -1.263496e+001  1.698993e+001
      vertex  4.000000e+000 -8.365035e+000  1.438845e+001
      vertex  4.000000e+000 -1.292941e+001  1.509930e+001
    endloop
  endfacet
  facet normal -1.000000e+000  0.000000e+000  0.000000e+000
    outer loop
      vertex  4.000000e+000 -1.292941e+001  1.509930e+001
      vertex  4.000000e+000 -8.365035e+000  1.438845e+001
      vertex  4.000000e+000 -9.910114e+000  1.325978e+001
    endloop
  endfacet
  facet normal -1.000000e+000  0.000000e+000  0.000000e+000
    outer loop
      vertex  4.000000e+000 -1.292941e+001  1.509930e+001
      vertex  4.000000e+000 -9.910114e+000  1.325978e+001
      vertex  4.000000e+000 -1.180074e+001  1.355422e+001
    endloop
  endfacet
  facet normal -1.000000e+000  0.000000e+000  0.000000e+000
    outer loop
      vertex  4.000000e+000 -8.691012e+000 -1.895832e+001
      vertex  4.000000e+000 -1.222556e+001 -1.887489e+001
      vertex  4.000000e+000 -1.044101e+001 -1.818458e+001
    endloop
  endfacet
  facet normal -1.000000e+000  0.000000e+000  0.000000e+000
    outer loop
      vertex  4.000000e+000 -1.055899e+001 -2.318318e+001
      vertex  4.000000e+000 -1.230899e+001 -2.240944e+001
      vertex  4.000000e+000 -8.774439e+000 -2.249287e+001
    endloop
  endfacet
  facet normal -9.999999e-001  0.000000e+000  0.000000e+000
    outer loop
      vertex  4.000000e+000 -8.774439e+000 -2.249287e+001
      vertex  4.000000e+000 -1.230899e+001 -2.240944e+001
      vertex  4.000000e+000 -1.299930e+001 -2.062489e+001
    endloop
  endfacet
  facet normal -1.000000e+000  0.000000e+000  0.000000e+000
    outer loop
      vertex  4.000000e+000 -8.774439e+000 -2.249287e+001
      vertex  4.000000e+000 -1.299930e+001 -2.062489e+001
      vertex  4.000000e+000 -8.000696e+000 -2.074287e+001
    endloop
  endfacet
  facet normal -1.000000e+000  0.000000e+000  0.000000e+000
    outer loop
      vertex  4.000000e+000 -8.000696e+000 -2.074287e+001
      vertex  4.000000e+000 -1.299930e+001 -2.062489e+001
      vertex  4.000000e+000 -1.222556e+001 -1.887489e+001
    endloop
  endfacet
  facet normal -1.000000e+000  0.000000e+000  0.000000e+000
    outer loop
      vertex  4.000000e+000 -8.000696e+000 -2.074287e+001
      vertex  4.000000e+000 -1.222556e+001 -1.887489e+001
      vertex  4.000000e+000 -8.691012e+000 -1.895832e+001
    endloop
  endfacet
  facet normal  0.000000e+000  7.787678e-001 -6.273122e-001
    outer loop
      vertex -6.000000e+000  1.980144e+001 -3.033898e-001
      vertex  4.000000e+000  1.860113e+001 -1.793497e+000
      vertex -6.000000e+000  1.860113e+001 -1.793497e+000
    endloop
  endfacet
  facet normal  -0.000000e+000  9.942488e-001  1.070953e-001
    outer loop
      vertex -6.000000e+000  1.860113e+001 -1.793497e+000
      vertex  4.000000e+000  1.860113e+001 -1.793497e+000
      vertex  4.000000e+000  1.880604e+001 -3.695910e+000
    endloop
  endfacet
  facet normal  0.000000e+000  9.942488e-001  1.070953e-001
    outer loop
      vertex -6.000000e+000  1.860113e+001 -1.793497e+000
      vertex  4.000000e+000  1.880604e+001 -3.695910e+000
      vertex -6.000000e+000  1.880604e+001 -3.695910e+000
    endloop
  endfacet
  facet normal  0.000000e+000  7.787678e-001 -6.273122e-001
    outer loop
      vertex  4.000000e+000  1.860113e+001 -1.793497e+000
      vertex -6.000000e+000  1.980144e+001 -3.033898e-001
      vertex  4.000000e+000  1.980144e+001 -3.033898e-001
    endloop
  endfacet
  facet normal  0.000000e+000  1.070952e-001 -9.942488e-001
    outer loop
      vertex  4.000000e+000  1.980144e+001 -3.033898e-001
      vertex -6.000000e+000  1.980144e+001 -3.033898e-001
      vertex -6.000000e+000  2.170385e+001 -9.847209e-002
    endloop
  endfacet
  facet normal  0.000000e+000  1.070952e-001 -9.942488e-001
    outer loop
      vertex  4.000000e+000  1.980144e+001 -3.033898e-001
      vertex -6.000000e+000  2.170385e+001 -9.847209e-002
      vertex  4.000000e+000  2.170385e+001 -9.847209e-002
    endloop
  endfacet
  facet normal  -0.000000e+000 -6.273121e-001 -7.787679e-001
    outer loop
      vertex  4.000000e+000  2.170385e+001 -9.847209e-002
      vertex -6.000000e+000  2.170385e+001 -9.847209e-002
      vertex -6.000000e+000  2.319396e+001 -1.298782e+000
    endloop
  endfacet
  facet normal  0.000000e+000 -6.273121e-001 -7.787679e-001
    outer loop
      vertex  4.000000e+000  2.170385e+001 -9.847209e-002
      vertex -6.000000e+000  2.319396e+001 -1.298782e+000
      vertex  4.000000e+000  2.319396e+001 -1.298782e+000
    endloop
  endfacet
  facet normal  0.000000e+000 -7.787679e-001  6.273121e-001
    outer loop
      vertex -6.000000e+000  2.219856e+001 -4.691303e+000
      vertex  4.000000e+000  2.339887e+001 -3.201195e+000
      vertex -6.000000e+000  2.339887e+001 -3.201195e+000
    endloop
  endfacet
  facet normal  0.000000e+000 -9.942488e-001 -1.070953e-001
    outer loop
      vertex -6.000000e+000  2.339887e+001 -3.201195e+000
      vertex  4.000000e+000  2.339887e+001 -3.201195e+000
      vertex  4.000000e+000  2.319396e+001 -1.298782e+000
    endloop
  endfacet
  facet normal  -0.000000e+000 -9.942488e-001 -1.070953e-001
    outer loop
      vertex -6.000000e+000  2.339887e+001 -3.201195e+000
      vertex  4.000000e+000  2.319396e+001 -1.298782e+000
      vertex -6.000000e+000  2.319396e+001 -1.298782e+000
    endloop
  endfacet
  facet normal  0.000000e+000 -7.787679e-001  6.273121e-001
    outer loop
      vertex  4.000000e+000  2.339887e+001 -3.201195e+000
      vertex -6.000000e+000  2.219856e+001 -4.691303e+000
      vertex  4.000000e+000  2.219856e+001 -4.691303e+000
    endloop
  endfacet
  facet normal  0.000000e+000 -1.070950e-001  9.942488e-001
    outer loop
      vertex  4.000000e+000  2.219856e+001 -4.691303e+000
      vertex -6.000000e+000  2.219856e+001 -4.691303e+000
      vertex -6.000000e+000  2.029615e+001 -4.896220e+000
    endloop
  endfacet
  facet normal  0.000000e+000 -1.070950e-001  9.942488e-001
    outer loop
      vertex  4.000000e+000  2.219856e+001 -4.691303e+000
      vertex -6.000000e+000  2.029615e+001 -4.896220e+000
      vertex  4.000000e+000  2.029615e+001 -4.896220e+000
    endloop
  endfacet
  facet normal  0.000000e+000  6.273121e-001  7.787679e-001
    outer loop
      vertex  4.000000e+000  2.029615e+001 -4.896220e+000
      vertex -6.000000e+000  2.029615e+001 -4.896220e+000
      vertex -6.000000e+000  1.880604e+001 -3.695910e+000
    endloop
  endfacet
  facet normal  -0.000000e+000  6.273121e-001  7.787679e-001
    outer loop
      vertex  4.000000e+000  2.029615e+001 -4.896220e+000
      vertex -6.000000e+000  1.880604e+001 -3.695910e+000
      vertex  4.000000e+000  1.880604e+001 -3.695910e+000
    endloop
  endfacet
  facet normal -1.000000e+000  0.000000e+000  0.000000e+000
    outer loop
      vertex  4.000000e+000  2.319396e+001 -1.298782e+000
      vertex  4.000000e+000  1.980144e+001 -3.033898e-001
      vertex  4.000000e+000  2.170385e+001 -9.847209e-002
    endloop
  endfacet
  facet normal -9.999999e-001  -0.000000e+000  0.000000e+000
    outer loop
      vertex  4.000000e+000  1.980144e+001 -3.033898e-001
      vertex  4.000000e+000  2.319396e+001 -1.298782e+000
      vertex  4.000000e+000  1.860113e+001 -1.793497e+000
    endloop
  endfacet
  facet normal -1.000000e+000  0.000000e+000  0.000000e+000
    outer loop
      vertex  4.000000e+000  1.860113e+001 -1.793497e+000
      vertex  4.000000e+000  2.319396e+001 -1.298782e+000
      vertex  4.000000e+000  2.339887e+001 -3.201195e+000
    endloop
  endfacet
  facet normal -1.000000e+000  -0.000000e+000  0.000000e+000
    outer loop
      vertex  4.000000e+000  1.860113e+001 -1.793497e+000
      vertex  4.000000e+000  2.339887e+001 -3.201195e+000
      vertex  4.000000e+000  1.880604e+001 -3.695910e+000
    endloop
  endfacet
  facet normal -1.000000e+000  0.000000e+000  0.000000e+000
    outer loop
      vertex  4.000000e+000  1.880604e+001 -3.695910e+000
      vertex  4.000000e+000  2.339887e+001 -3.201195e+000
      vertex  4.000000e+000  2.219856e+001 -4.691303e+000
    endloop
  endfacet
  facet normal -1.000000e+000  -0.000000e+000  0.000000e+000
    outer loop
      vertex  4.000000e+000  1.880604e+001 -3.695910e+000
      vertex  4.000000e+000  2.219856e+001 -4.691303e+000
      vertex  4.000000e+000  2.029615e+001 -4.896220e+000
    endloop
  endfacet
  facet normal  1.000000e+000  0.000000e+000  0.000000e+000
    outer loop
      vertex  5.200000e+001  1.228616e+001 -9.209304e+000
      vertex  5.200000e+001  9.610720e+000 -1.267743e+001
      vertex  5.200000e+001  1.780144e+001 -4.691303e+000
    endloop
  endfacet
  facet normal  1.000000e+000  0.000000e+000  0.000000e+000
    outer loop
      vertex  5.200000e+001 -7.365035e+000 -1.765109e+001
      vertex  5.200000e+001  1.791533e+000 -1.638224e+001
      vertex  5.200000e+001 -8.910114e+000 -1.652242e+001
    endloop
  endfacet
  facet normal  9.999999e-001  0.000000e+000  -0.000000e+000
    outer loop
      vertex  5.200000e+001 -7.365035e+000 -1.765109e+001
      vertex  5.200000e+001 -7.070590e+000 -1.954172e+001
      vertex  5.200000e+001  1.791533e+000 -1.638224e+001
    endloop
  endfacet
  facet normal  9.999999e-001  0.000000e+000  -0.000000e+000
    outer loop
      vertex  5.200000e+001 -1.018008e+001 -1.210807e+001
      vertex  5.200000e+001 -8.910114e+000 -1.652242e+001
      vertex  5.200000e+001 -6.711957e+000 -1.478350e+001
    endloop
  endfacet
  facet normal  1.000000e+000  0.000000e+000  0.000000e+000
    outer loop
      vertex  5.200000e+001 -7.070590e+000 -1.954172e+001
      vertex  5.200000e+001  5.994519e+000 -1.514906e+001
      vertex  5.200000e+001  1.791533e+000 -1.638224e+001
    endloop
  endfacet
  facet normal  1.000000e+000  0.000000e+000  0.000000e+000
    outer loop
      vertex  5.200000e+001 -2.213640e+001 -1.411543e+001
      vertex  5.200000e+001 -1.938202e+001 -7.495954e+000
      vertex  5.200000e+001 -2.189713e+001 -6.885259e+000
    endloop
  endfacet
  facet normal  1.000000e+000  -0.000000e+000  0.000000e+000
    outer loop
      vertex  5.200000e+001 -2.388791e+001 -1.002185e-001
      vertex  5.200000e+001 -2.500000e+001 -2.497346e+000
      vertex  5.200000e+001 -2.449861e+001 -2.615329e+000
    endloop
  endfacet
  facet normal  1.000000e+000  0.000000e+000  0.000000e+000
    outer loop
      vertex  5.200000e+001 -2.586820e+000 -1.625628e+001
      vertex  5.200000e+001 -6.711957e+000 -1.478350e+001
      vertex  5.200000e+001 -8.910114e+000 -1.652242e+001
    endloop
  endfacet
  facet normal  1.000000e+000  0.000000e+000  0.000000e+000
    outer loop
      vertex  5.200000e+001 -8.910114e+000 -1.652242e+001
      vertex  5.200000e+001  1.791533e+000 -1.638224e+001
      vertex  5.200000e+001 -2.586820e+000 -1.625628e+001
    endloop
  endfacet
  facet normal  1.000000e+000  0.000000e+000  0.000000e+000
    outer loop
      vertex  5.200000e+001 -9.441009e+000  1.145783e+001
      vertex  5.200000e+001 -1.122556e+001  1.214815e+001
      vertex  5.200000e+001 -9.610720e+000  7.682736e+000
    endloop
  endfacet
  facet normal  9.999999e-001  0.000000e+000  0.000000e+000
    outer loop
      vertex  5.200000e+001 -9.441009e+000  1.145783e+001
      vertex  5.200000e+001 -9.610720e+000  7.682736e+000
      vertex  5.200000e+001 -5.994519e+000  1.015436e+001
    endloop
  endfacet
  facet normal  1.000000e+000  0.000000e+000  -0.000000e+000
    outer loop
      vertex  5.200000e+001 -9.441009e+000  1.145783e+001
      vertex  5.200000e+001 -5.994519e+000  1.015436e+001
      vertex  5.200000e+001 -1.791533e+000  1.138755e+001
    endloop
  endfacet
  facet normal  1.000000e+000  0.000000e+000  0.000000e+000
    outer loop
      vertex  5.200000e+001 -9.441009e+000  1.145783e+001
      vertex  5.200000e+001 -1.791533e+000  1.138755e+001
      vertex  5.200000e+001 -7.691012e+000  1.223158e+001
    endloop
  endfacet
  facet normal  1.000000e+000  0.000000e+000  -0.000000e+000
    outer loop
      vertex  5.200000e+001  1.871277e+001 -1.907541e+001
      vertex  5.200000e+001  2.213640e+001 -1.411543e+001
      vertex  5.200000e+001  2.427355e+001 -8.480238e+000
    endloop
  endfacet
  facet normal  1.000000e+000  0.000000e+000  0.000000e+000
    outer loop
      vertex  5.200000e+001  1.871277e+001 -1.907541e+001
      vertex  5.200000e+001  2.427355e+001 -8.480238e+000
      vertex  5.200000e+001  1.970385e+001 -4.896220e+000
    endloop
  endfacet
  facet normal  1.000000e+000  0.000000e+000  0.000000e+000
    outer loop
      vertex  5.200000e+001  1.871277e+001 -1.907541e+001
      vertex  5.200000e+001  1.970385e+001 -4.896220e+000
      vertex  5.200000e+001  1.780144e+001 -4.691303e+000
    endloop
  endfacet
  facet normal  1.000000e+000  0.000000e+000  0.000000e+000
    outer loop
      vertex  5.200000e+001  1.871277e+001 -1.907541e+001
      vertex  5.200000e+001  1.780144e+001 -4.691303e+000
      vertex  5.200000e+001  9.610720e+000 -1.267743e+001
    endloop
  endfacet
  facet normal  1.000000e+000  0.000000e+000  0.000000e+000
    outer loop
      vertex  5.200000e+001  1.871277e+001 -1.907541e+001
      vertex  5.200000e+001  9.610720e+000 -1.267743e+001
      vertex  5.200000e+001  5.994519e+000 -1.514906e+001
    endloop
  endfacet
  facet normal  9.999999e-001  0.000000e+000  0.000000e+000
    outer loop
      vertex  5.200000e+001  1.871277e+001 -1.907541e+001
      vertex  5.200000e+001  5.994519e+000 -1.514906e+001
      vertex  5.200000e+001 -7.070590e+000 -1.954172e+001
    endloop
  endfacet
  facet normal  1.000000e+000  -0.000000e+000  0.000000e+000
    outer loop
      vertex  5.200000e+001  1.871277e+001 -1.907541e+001
      vertex  5.200000e+001 -7.070590e+000 -1.954172e+001
      vertex  5.200000e+001 -8.199260e+000 -2.108679e+001
    endloop
  endfacet
  facet normal  1.000000e+000  -0.000000e+000  0.000000e+000
    outer loop
      vertex  5.200000e+001  1.871277e+001 -1.907541e+001
      vertex  5.200000e+001 -8.199260e+000 -2.108679e+001
      vertex  5.200000e+001  1.420162e+001 -2.307194e+001
    endloop
  endfacet
  facet normal  1.000000e+000  0.000000e+000  0.000000e+000
    outer loop
      vertex  5.200000e+001  1.871277e+001  1.408072e+001
      vertex  5.200000e+001 -7.774438e+000  1.576612e+001
      vertex  5.200000e+001 -7.000696e+000  1.401613e+001
    endloop
  endfacet
  facet normal  1.000000e+000  -0.000000e+000  0.000000e+000
    outer loop
      vertex  5.200000e+001  1.871277e+001  1.408072e+001
      vertex  5.200000e+001 -7.000696e+000  1.401613e+001
      vertex  5.200000e+001  2.586820e+000  1.126159e+001
    endloop
  endfacet
  facet normal  1.000000e+000  -0.000000e+000  0.000000e+000
    outer loop
      vertex  5.200000e+001  1.871277e+001  1.408072e+001
      vertex  5.200000e+001  2.586820e+000  1.126159e+001
      vertex  5.200000e+001  6.711957e+000  9.788810e+000
    endloop
  endfacet
  facet normal  1.000000e+000  -0.000000e+000  0.000000e+000
    outer loop
      vertex  5.200000e+001  1.871277e+001  1.408072e+001
      vertex  5.200000e+001  6.711957e+000  9.788810e+000
      vertex  5.200000e+001  1.018008e+001  7.113373e+000
    endloop
  endfacet
  facet normal  1.000000e+000  -0.000000e+000  0.000000e+000
    outer loop
      vertex  5.200000e+001  1.871277e+001  1.408072e+001
      vertex  5.200000e+001  1.018008e+001  7.113373e+000
      vertex  5.200000e+001  1.265171e+001  3.497173e+000
    endloop
  endfacet
  facet normal  1.000000e+000  -0.000000e+000  0.000000e+000
    outer loop
      vertex  5.200000e+001  1.871277e+001  1.408072e+001
      vertex  5.200000e+001  1.265171e+001  3.497173e+000
      vertex  5.200000e+001  1.829615e+001 -9.847209e-002
    endloop
  endfacet
  facet normal  1.000000e+000  -0.000000e+000  0.000000e+000
    outer loop
      vertex  5.200000e+001  1.871277e+001  1.408072e+001
      vertex  5.200000e+001  1.829615e+001 -9.847209e-002
      vertex  5.200000e+001  2.019856e+001 -3.033898e-001
    endloop
  endfacet
  facet normal  1.000000e+000  0.000000e+000  -0.000000e+000
    outer loop
      vertex  5.200000e+001  1.871277e+001  1.408072e+001
      vertex  5.200000e+001  2.019856e+001 -3.033898e-001
      vertex  5.200000e+001  2.427355e+001  3.485545e+000
    endloop
  endfacet
  facet normal  1.000000e+000  0.000000e+000  0.000000e+000
    outer loop
      vertex  5.200000e+001  1.871277e+001  1.408072e+001
      vertex  5.200000e+001  2.427355e+001  3.485545e+000
      vertex  5.200000e+001  2.213640e+001  9.120733e+000
    endloop
  endfacet
  facet normal  1.000000e+000  0.000000e+000  0.000000e+000
    outer loop
      vertex  5.200000e+001 -2.427355e+001  3.485545e+000
      vertex  5.200000e+001 -2.500000e+001 -2.497346e+000
      vertex  5.200000e+001 -2.388791e+001 -1.002185e-001
    endloop
  endfacet
  facet normal  9.999999e-001  0.000000e+000  -0.000000e+000
    outer loop
      vertex  5.200000e+001 -2.427355e+001  3.485545e+000
      vertex  5.200000e+001 -2.388791e+001 -1.002185e-001
      vertex  5.200000e+001 -2.210148e+001  1.772584e+000
    endloop
  endfacet
  facet normal  1.000000e+000  0.000000e+000  -0.000000e+000
    outer loop
      vertex  5.200000e+001 -2.427355e+001  3.485545e+000
      vertex  5.200000e+001 -2.210148e+001  1.772584e+000
      vertex  5.200000e+001 -1.961798e+001  2.501262e+000
    endloop
  endfacet
  facet normal  1.000000e+000  0.000000e+000  0.000000e+000
    outer loop
      vertex  5.200000e+001 -2.427355e+001  3.485545e+000
      vertex  5.200000e+001 -1.961798e+001  2.501262e+000
      vertex  5.200000e+001 -2.213640e+001  9.120733e+000
    endloop
  endfacet
  facet normal  1.000000e+000  0.000000e+000  -0.000000e+000
    outer loop
      vertex  5.200000e+001 -2.427355e+001 -8.480238e+000
      vertex  5.200000e+001 -2.213640e+001 -1.411543e+001
      vertex  5.200000e+001 -2.189713e+001 -6.885259e+000
    endloop
  endfacet
  facet normal  1.000000e+000  0.000000e+000  0.000000e+000
    outer loop
      vertex  5.200000e+001 -2.427355e+001 -8.480238e+000
      vertex  5.200000e+001 -2.189713e+001 -6.885259e+000
      vertex  5.200000e+001 -2.376993e+001 -5.098826e+000
    endloop
  endfacet
  facet normal  1.000000e+000  0.000000e+000  0.000000e+000
    outer loop
      vertex  5.200000e+001 -2.427355e+001 -8.480238e+000
      vertex  5.200000e+001 -2.376993e+001 -5.098826e+000
      vertex  5.200000e+001 -2.449861e+001 -2.615329e+000
    endloop
  endfacet
  facet normal  1.000000e+000  0.000000e+000  0.000000e+000
    outer loop
      vertex  5.200000e+001 -2.427355e+001 -8.480238e+000
      vertex  5.200000e+001 -2.449861e+001 -2.615329e+000
      vertex  5.200000e+001 -2.500000e+001 -2.497346e+000
    endloop
  endfacet
  facet normal  1.000000e+000  0.000000e+000  0.000000e+000
    outer loop
      vertex  5.200000e+001  1.375894e+001 -5.084166e+000
      vertex  5.200000e+001  1.228616e+001 -9.209304e+000
      vertex  5.200000e+001  1.780144e+001 -4.691303e+000
    endloop
  endfacet
  facet normal  1.000000e+000  0.000000e+000  0.000000e+000
    outer loop
      vertex  5.200000e+001  1.375894e+001 -5.084166e+000
      vertex  5.200000e+001  1.780144e+001 -4.691303e+000
      vertex  5.200000e+001  1.660113e+001 -3.201195e+000
    endloop
  endfacet
  facet normal  1.000000e+000  0.000000e+000  -0.000000e+000
    outer loop
      vertex  5.200000e+001  1.375894e+001 -5.084166e+000
      vertex  5.200000e+001  1.660113e+001 -3.201195e+000
      vertex  5.200000e+001  1.680604e+001 -1.298782e+000
    endloop
  endfacet
  facet normal  1.000000e+000  0.000000e+000  0.000000e+000
    outer loop
      vertex  5.200000e+001  1.375894e+001 -5.084166e+000
      vertex  5.200000e+001  1.680604e+001 -1.298782e+000
      vertex  5.200000e+001  1.388490e+001 -7.058126e-001
    endloop
  endfacet
  facet normal  1.000000e+000  0.000000e+000  0.000000e+000
    outer loop
      vertex  5.200000e+001  8.865122e+000 -2.587275e+001
      vertex  5.200000e+001  1.420162e+001 -2.307194e+001
      vertex  5.200000e+001 -8.865122e+000 -2.587275e+001
    endloop
  endfacet
  facet normal  9.999999e-001  0.000000e+000  0.000000e+000
    outer loop
      vertex  5.200000e+001 -8.865122e+000 -2.587275e+001
      vertex  5.200000e+001  1.420162e+001 -2.307194e+001
      vertex  5.200000e+001 -8.199260e+000 -2.108679e+001
    endloop
  endfacet
  facet normal  1.000000e+000  0.000000e+000  0.000000e+000
    outer loop
      vertex  5.200000e+001 -8.865122e+000 -2.587275e+001
      vertex  5.200000e+001 -8.199260e+000 -2.108679e+001
      vertex  5.200000e+001 -1.420162e+001 -2.307194e+001
    endloop
  endfacet
  facet normal  9.999999e-001  0.000000e+000  0.000000e+000
    outer loop
      vertex  5.200000e+001 -1.420162e+001 -2.307194e+001
      vertex  5.200000e+001 -8.199260e+000 -2.108679e+001
      vertex  5.200000e+001 -1.008989e+001 -2.138124e+001
    endloop
  endfacet
  facet normal  9.999999e-001  0.000000e+000  0.000000e+000
    outer loop
      vertex  5.200000e+001 -1.420162e+001 -2.307194e+001
      vertex  5.200000e+001 -1.008989e+001 -2.138124e+001
      vertex  5.200000e+001 -1.163496e+001 -2.025257e+001
    endloop
  endfacet
  facet normal  1.000000e+000  0.000000e+000  0.000000e+000
    outer loop
      vertex  5.200000e+001  1.871277e+001  1.408072e+001
      vertex  5.200000e+001  1.420162e+001  1.807725e+001
      vertex  5.200000e+001 -7.774438e+000  1.576612e+001
    endloop
  endfacet
  facet normal  1.000000e+000  0.000000e+000  0.000000e+000
    outer loop
      vertex  5.200000e+001 -7.774438e+000  1.576612e+001
      vertex  5.200000e+001  1.420162e+001  1.807725e+001
      vertex  5.200000e+001  8.865122e+000  2.087806e+001
    endloop
  endfacet
  facet normal  9.999999e-001  0.000000e+000  0.000000e+000
    outer loop
      vertex  5.200000e+001 -7.774438e+000  1.576612e+001
      vertex  5.200000e+001  8.865122e+000  2.087806e+001
      vertex  5.200000e+001 -9.558991e+000  1.645644e+001
    endloop
  endfacet
  facet normal  1.000000e+000  0.000000e+000  0.000000e+000
    outer loop
      vertex  5.200000e+001 -9.558991e+000  1.645644e+001
      vertex  5.200000e+001  8.865122e+000  2.087806e+001
      vertex  5.200000e+001 -8.865122e+000  2.087806e+001
    endloop
  endfacet
  facet normal  1.000000e+000  0.000000e+000  0.000000e+000
    outer loop
      vertex  5.200000e+001 -9.558991e+000  1.645644e+001
      vertex  5.200000e+001 -8.865122e+000  2.087806e+001
      vertex  5.200000e+001 -1.420162e+001  1.807725e+001
    endloop
  endfacet
  facet normal  1.000000e+000  -0.000000e+000  0.000000e+000
    outer loop
      vertex  5.200000e+001 -7.000696e+000  1.401613e+001
      vertex  5.200000e+001 -7.691012e+000  1.223158e+001
      vertex  5.200000e+001  2.586820e+000  1.126159e+001
    endloop
  endfacet
  facet normal  1.000000e+000  0.000000e+000  0.000000e+000
    outer loop
      vertex  5.200000e+001  2.586820e+000  1.126159e+001
      vertex  5.200000e+001 -7.691012e+000  1.223158e+001
      vertex  5.200000e+001 -1.791533e+000  1.138755e+001
    endloop
  endfacet
  facet normal  1.000000e+000  0.000000e+000  0.000000e+000
    outer loop
      vertex  5.200000e+001 -1.938202e+001 -7.495954e+000
      vertex  5.200000e+001 -2.213640e+001 -1.411543e+001
      vertex  5.200000e+001 -1.265171e+001 -8.491865e+000
    endloop
  endfacet
  facet normal  1.000000e+000  0.000000e+000  0.000000e+000
    outer loop
      vertex  5.200000e+001 -1.265171e+001 -8.491865e+000
      vertex  5.200000e+001 -2.213640e+001 -1.411543e+001
      vertex  5.200000e+001 -1.871277e+001 -1.907541e+001
    endloop
  endfacet
  facet normal  1.000000e+000  0.000000e+000  0.000000e+000
    outer loop
      vertex  5.200000e+001 -1.265171e+001 -8.491865e+000
      vertex  5.200000e+001 -1.871277e+001 -1.907541e+001
      vertex  5.200000e+001 -1.192941e+001 -1.836194e+001
    endloop
  endfacet
  facet normal  1.000000e+000  0.000000e+000  -0.000000e+000
    outer loop
      vertex  5.200000e+001 -1.265171e+001 -8.491865e+000
      vertex  5.200000e+001 -1.192941e+001 -1.836194e+001
      vertex  5.200000e+001 -1.018008e+001 -1.210807e+001
    endloop
  endfacet
  facet normal  1.000000e+000  0.000000e+000  0.000000e+000
    outer loop
      vertex  5.200000e+001 -1.018008e+001 -1.210807e+001
      vertex  5.200000e+001 -1.192941e+001 -1.836194e+001
      vertex  5.200000e+001 -1.080074e+001 -1.681686e+001
    endloop
  endfacet
  facet normal  1.000000e+000  0.000000e+000  0.000000e+000
    outer loop
      vertex  5.200000e+001 -1.018008e+001 -1.210807e+001
      vertex  5.200000e+001 -1.080074e+001 -1.681686e+001
      vertex  5.200000e+001 -8.910114e+000 -1.652242e+001
    endloop
  endfacet
  facet normal  1.000000e+000  0.000000e+000  0.000000e+000
    outer loop
      vertex  5.200000e+001 -9.610720e+000  7.682736e+000
      vertex  5.200000e+001 -1.122556e+001  1.214815e+001
      vertex  5.200000e+001 -1.228616e+001  4.214612e+000
    endloop
  endfacet
  facet normal  1.000000e+000  0.000000e+000  0.000000e+000
    outer loop
      vertex  5.200000e+001 -1.228616e+001  4.214612e+000
      vertex  5.200000e+001 -1.122556e+001  1.214815e+001
      vertex  5.200000e+001 -1.199930e+001  1.389814e+001
    endloop
  endfacet
  facet normal  1.000000e+000  0.000000e+000  0.000000e+000
    outer loop
      vertex  5.200000e+001 -1.228616e+001  4.214612e+000
      vertex  5.200000e+001 -1.199930e+001  1.389814e+001
      vertex  5.200000e+001 -1.710287e+001  1.890567e+000
    endloop
  endfacet
  facet normal  9.999999e-001  0.000000e+000  -0.000000e+000
    outer loop
      vertex  5.200000e+001 -1.710287e+001  1.890567e+000
      vertex  5.200000e+001 -1.199930e+001  1.389814e+001
      vertex  5.200000e+001 -1.871277e+001  1.408072e+001
    endloop
  endfacet
  facet normal  1.000000e+000  0.000000e+000  0.000000e+000
    outer loop
      vertex  5.200000e+001 -1.710287e+001  1.890567e+000
      vertex  5.200000e+001 -1.871277e+001  1.408072e+001
      vertex  5.200000e+001 -1.961798e+001  2.501262e+000
    endloop
  endfacet
  facet normal  1.000000e+000  0.000000e+000  -0.000000e+000
    outer loop
      vertex  5.200000e+001 -1.961798e+001  2.501262e+000
      vertex  5.200000e+001 -1.871277e+001  1.408072e+001
      vertex  5.200000e+001 -2.213640e+001  9.120733e+000
    endloop
  endfacet
  facet normal  9.999999e-001  0.000000e+000  0.000000e+000
    outer loop
      vertex  5.200000e+001 -9.558991e+000  1.645644e+001
      vertex  5.200000e+001 -1.420162e+001  1.807725e+001
      vertex  5.200000e+001 -1.130899e+001  1.568270e+001
    endloop
  endfacet
  facet normal  1.000000e+000  0.000000e+000  0.000000e+000
    outer loop
      vertex  5.200000e+001 -1.130899e+001  1.568270e+001
      vertex  5.200000e+001 -1.420162e+001  1.807725e+001
      vertex  5.200000e+001 -1.871277e+001  1.408072e+001
    endloop
  endfacet
  facet normal  1.000000e+000  -0.000000e+000  0.000000e+000
    outer loop
      vertex  5.200000e+001 -1.130899e+001  1.568270e+001
      vertex  5.200000e+001 -1.871277e+001  1.408072e+001
      vertex  5.200000e+001 -1.199930e+001  1.389814e+001
    endloop
  endfacet
  facet normal  1.000000e+000  -0.000000e+000  0.000000e+000
    outer loop
      vertex  5.200000e+001 -1.228616e+001  4.214612e+000
      vertex  5.200000e+001 -1.710287e+001  1.890567e+000
      vertex  5.200000e+001 -1.375894e+001  8.947384e-002
    endloop
  endfacet
  facet normal  9.999999e-001  0.000000e+000  0.000000e+000
    outer loop
      vertex  5.200000e+001 -1.375894e+001  8.947384e-002
      vertex  5.200000e+001 -1.710287e+001  1.890567e+000
      vertex  5.200000e+001 -1.523007e+001  1.041340e-001
    endloop
  endfacet
  facet normal  1.000000e+000  0.000000e+000  0.000000e+000
    outer loop
      vertex  5.200000e+001 -1.375894e+001  8.947384e-002
      vertex  5.200000e+001 -1.523007e+001  1.041340e-001
      vertex  5.200000e+001 -1.388490e+001 -4.288880e+000
    endloop
  endfacet
  facet normal  1.000000e+000  0.000000e+000  0.000000e+000
    outer loop
      vertex  5.200000e+001 -1.388490e+001 -4.288880e+000
      vertex  5.200000e+001 -1.523007e+001  1.041340e-001
      vertex  5.200000e+001 -1.450139e+001 -2.379363e+000
    endloop
  endfacet
  facet normal  1.000000e+000  0.000000e+000  0.000000e+000
    outer loop
      vertex  5.200000e+001 -1.388490e+001 -4.288880e+000
      vertex  5.200000e+001 -1.450139e+001 -2.379363e+000
      vertex  5.200000e+001 -1.511209e+001 -4.894474e+000
    endloop
  endfacet
  facet normal  1.000000e+000  -0.000000e+000  0.000000e+000
    outer loop
      vertex  5.200000e+001 -1.388490e+001 -4.288880e+000
      vertex  5.200000e+001 -1.511209e+001 -4.894474e+000
      vertex  5.200000e+001 -1.265171e+001 -8.491865e+000
    endloop
  endfacet
  facet normal  1.000000e+000  0.000000e+000  0.000000e+000
    outer loop
      vertex  5.200000e+001 -1.265171e+001 -8.491865e+000
      vertex  5.200000e+001 -1.511209e+001 -4.894474e+000
      vertex  5.200000e+001 -1.689852e+001 -6.767276e+000
    endloop
  endfacet
  facet normal  1.000000e+000  0.000000e+000  0.000000e+000
    outer loop
      vertex  5.200000e+001 -1.265171e+001 -8.491865e+000
      vertex  5.200000e+001 -1.689852e+001 -6.767276e+000
      vertex  5.200000e+001 -1.938202e+001 -7.495954e+000
    endloop
  endfacet
  facet normal  1.000000e+000  0.000000e+000  0.000000e+000
    outer loop
      vertex  5.200000e+001 -1.420162e+001 -2.307194e+001
      vertex  5.200000e+001 -1.163496e+001 -2.025257e+001
      vertex  5.200000e+001 -1.871277e+001 -1.907541e+001
    endloop
  endfacet
  facet normal  1.000000e+000  -0.000000e+000  0.000000e+000
    outer loop
      vertex  5.200000e+001 -1.871277e+001 -1.907541e+001
      vertex  5.200000e+001 -1.163496e+001 -2.025257e+001
      vertex  5.200000e+001 -1.192941e+001 -1.836194e+001
    endloop
  endfacet
  facet normal  1.000000e+000  0.000000e+000  0.000000e+000
    outer loop
      vertex  5.200000e+001  1.388490e+001 -7.058126e-001
      vertex  5.200000e+001  1.680604e+001 -1.298782e+000
      vertex  5.200000e+001  1.265171e+001  3.497173e+000
    endloop
  endfacet
  facet normal  9.999999e-001  0.000000e+000  0.000000e+000
    outer loop
      vertex  5.200000e+001  1.265171e+001  3.497173e+000
      vertex  5.200000e+001  1.680604e+001 -1.298782e+000
      vertex  5.200000e+001  1.829615e+001 -9.847209e-002
    endloop
  endfacet
  facet normal  1.000000e+000  0.000000e+000  0.000000e+000
    outer loop
      vertex  5.200000e+001 -3.013417e+000 -2.731507e+001
      vertex  5.200000e+001  3.013417e+000 -2.731507e+001
      vertex  5.200000e+001 -8.865122e+000 -2.587275e+001
    endloop
  endfacet
  facet normal  9.999999e-001  -0.000000e+000  0.000000e+000
    outer loop
      vertex  5.200000e+001 -8.865122e+000 -2.587275e+001
      vertex  5.200000e+001  3.013417e+000 -2.731507e+001
      vertex  5.200000e+001  8.865122e+000 -2.587275e+001
    endloop
  endfacet
  facet normal  1.000000e+000  0.000000e+000  0.000000e+000
    outer loop
      vertex  5.200000e+001 -8.865122e+000  2.087806e+001
      vertex  5.200000e+001  8.865122e+000  2.087806e+001
      vertex  5.200000e+001 -3.013417e+000  2.232038e+001
    endloop
  endfacet
  facet normal  1.000000e+000  -0.000000e+000  0.000000e+000
    outer loop
      vertex  5.200000e+001 -3.013417e+000  2.232038e+001
      vertex  5.200000e+001  8.865122e+000  2.087806e+001
      vertex  5.200000e+001  3.013417e+000  2.232038e+001
    endloop
  endfacet
  facet normal  1.000000e+000  -0.000000e+000  0.000000e+000
    outer loop
      vertex  5.200000e+001  2.427355e+001  3.485545e+000
      vertex  5.200000e+001  2.019856e+001 -3.033898e-001
      vertex  5.200000e+001  2.500000e+001 -2.497346e+000
    endloop
  endfacet
  facet normal  1.000000e+000  0.000000e+000  0.000000e+000
    outer loop
      vertex  5.200000e+001  2.500000e+001 -2.497346e+000
      vertex  5.200000e+001  2.019856e+001 -3.033898e-001
      vertex  5.200000e+001  2.139887e+001 -1.793497e+000
    endloop
  endfacet
  facet normal  1.000000e+000  0.000000e+000  0.000000e+000
    outer loop
      vertex  5.200000e+001  2.500000e+001 -2.497346e+000
      vertex  5.200000e+001  2.139887e+001 -1.793497e+000
      vertex  5.200000e+001  2.427355e+001 -8.480238e+000
    endloop
  endfacet
  facet normal  1.000000e+000  0.000000e+000  0.000000e+000
    outer loop
      vertex  5.200000e+001  2.427355e+001 -8.480238e+000
      vertex  5.200000e+001  2.139887e+001 -1.793497e+000
      vertex  5.200000e+001  2.119396e+001 -3.695910e+000
    endloop
  endfacet
  facet normal  1.000000e+000  0.000000e+000  0.000000e+000
    outer loop
      vertex  5.200000e+001  2.427355e+001 -8.480238e+000
      vertex  5.200000e+001  2.119396e+001 -3.695910e+000
      vertex  5.200000e+001  1.970385e+001 -4.896220e+000
    endloop
  endfacet
  facet normal  -0.000000e+000  6.902245e-001  7.235953e-001
    outer loop
      vertex  5.200000e+001 -2.189713e+001 -6.885259e+000
      vertex -6.000000e+000 -2.376993e+001 -5.098826e+000
      vertex  5.200000e+001 -2.376993e+001 -5.098826e+000
    endloop
  endfacet
  facet normal  0.000000e+000  9.595497e-001  2.815394e-001
    outer loop
      vertex  5.200000e+001 -2.376993e+001 -5.098826e+000
      vertex -6.000000e+000 -2.376993e+001 -5.098826e+000
      vertex -6.000000e+000 -2.449861e+001 -2.615329e+000
    endloop
  endfacet
  facet normal  -0.000000e+000  9.595497e-001  2.815394e-001
    outer loop
      vertex  5.200000e+001 -2.376993e+001 -5.098826e+000
      vertex -6.000000e+000 -2.449861e+001 -2.615329e+000
      vertex  5.200000e+001 -2.449861e+001 -2.615329e+000
    endloop
  endfacet
  facet normal  0.000000e+000  9.717641e-001 -2.359544e-001
    outer loop
      vertex  5.200000e+001 -2.449861e+001 -2.615329e+000
      vertex -6.000000e+000 -2.449861e+001 -2.615329e+000
      vertex -6.000000e+000 -2.388791e+001 -1.002185e-001
    endloop
  endfacet
  facet normal  0.000000e+000  9.717641e-001 -2.359544e-001
    outer loop
      vertex  5.200000e+001 -2.449861e+001 -2.615329e+000
      vertex -6.000000e+000 -2.388791e+001 -1.002185e-001
      vertex  5.200000e+001 -2.388791e+001 -1.002185e-001
    endloop
  endfacet
  facet normal  0.000000e+000  6.902245e-001  7.235953e-001
    outer loop
      vertex -6.000000e+000 -2.376993e+001 -5.098826e+000
      vertex  5.200000e+001 -2.189713e+001 -6.885259e+000
      vertex -6.000000e+000 -2.189713e+001 -6.885259e+000
    endloop
  endfacet
  facet normal  -0.000000e+000  2.359545e-001  9.717641e-001
    outer loop
      vertex -6.000000e+000 -2.189713e+001 -6.885259e+000
      vertex  5.200000e+001 -2.189713e+001 -6.885259e+000
      vertex  5.200000e+001 -1.938202e+001 -7.495954e+000
    endloop
  endfacet
  facet normal  0.000000e+000  2.359545e-001  9.717641e-001
    outer loop
      vertex -6.000000e+000 -2.189713e+001 -6.885259e+000
      vertex  5.200000e+001 -1.938202e+001 -7.495954e+000
      vertex -6.000000e+000 -1.938202e+001 -7.495954e+000
    endloop
  endfacet
  facet normal  0.000000e+000 -2.815396e-001  9.595497e-001
    outer loop
      vertex -6.000000e+000 -1.938202e+001 -7.495954e+000
      vertex  5.200000e+001 -1.938202e+001 -7.495954e+000
      vertex  5.200000e+001 -1.689852e+001 -6.767276e+000
    endloop
  endfacet
  facet normal  0.000000e+000 -2.815396e-001  9.595497e-001
    outer loop
      vertex -6.000000e+000 -1.938202e+001 -7.495954e+000
      vertex  5.200000e+001 -1.689852e+001 -6.767276e+000
      vertex -6.000000e+000 -1.689852e+001 -6.767276e+000
    endloop
  endfacet
  facet normal  0.000000e+000 -7.235953e-001  6.902246e-001
    outer loop
      vertex -6.000000e+000 -1.689852e+001 -6.767276e+000
      vertex  5.200000e+001 -1.689852e+001 -6.767276e+000
      vertex  5.200000e+001 -1.511209e+001 -4.894474e+000
    endloop
  endfacet
  facet normal  0.000000e+000 -7.235953e-001  6.902246e-001
    outer loop
      vertex -6.000000e+000 -1.689852e+001 -6.767276e+000
      vertex  5.200000e+001 -1.511209e+001 -4.894474e+000
      vertex -6.000000e+000 -1.511209e+001 -4.894474e+000
    endloop
  endfacet
  facet normal  0.000000e+000 -6.902245e-001 -7.235953e-001
    outer loop
      vertex  5.200000e+001 -1.710287e+001  1.890567e+000
      vertex -6.000000e+000 -1.523007e+001  1.041340e-001
      vertex  5.200000e+001 -1.523007e+001  1.041340e-001
    endloop
  endfacet
  facet normal  -0.000000e+000 -9.595497e-001 -2.815395e-001
    outer loop
      vertex  5.200000e+001 -1.523007e+001  1.041340e-001
      vertex -6.000000e+000 -1.523007e+001  1.041340e-001
      vertex -6.000000e+000 -1.450139e+001 -2.379363e+000
    endloop
  endfacet
  facet normal  0.000000e+000 -9.595497e-001 -2.815395e-001
    outer loop
      vertex  5.200000e+001 -1.523007e+001  1.041340e-001
      vertex -6.000000e+000 -1.450139e+001 -2.379363e+000
      vertex  5.200000e+001 -1.450139e+001 -2.379363e+000
    endloop
  endfacet
  facet normal  0.000000e+000 -9.717641e-001  2.359544e-001
    outer loop
      vertex  5.200000e+001 -1.450139e+001 -2.379363e+000
      vertex -6.000000e+000 -1.450139e+001 -2.379363e+000
      vertex -6.000000e+000 -1.511209e+001 -4.894474e+000
    endloop
  endfacet
  facet normal  0.000000e+000 -9.717641e-001  2.359544e-001
    outer loop
      vertex  5.200000e+001 -1.450139e+001 -2.379363e+000
      vertex -6.000000e+000 -1.511209e+001 -4.894474e+000
      vertex  5.200000e+001 -1.511209e+001 -4.894474e+000
    endloop
  endfacet
  facet normal  -0.000000e+000 -6.902245e-001 -7.235953e-001
    outer loop
      vertex -6.000000e+000 -1.523007e+001  1.041340e-001
      vertex  5.200000e+001 -1.710287e+001  1.890567e+000
      vertex -6.000000e+000 -1.710287e+001  1.890567e+000
    endloop
  endfacet
  facet normal  0.000000e+000 -2.359546e-001 -9.717641e-001
    outer loop
      vertex -6.000000e+000 -1.710287e+001  1.890567e+000
      vertex  5.200000e+001 -1.710287e+001  1.890567e+000
      vertex  5.200000e+001 -1.961798e+001  2.501262e+000
    endloop
  endfacet
  facet normal  -0.000000e+000 -2.359546e-001 -9.717641e-001
    outer loop
      vertex -6.000000e+000 -1.710287e+001  1.890567e+000
      vertex  5.200000e+001 -1.961798e+001  2.501262e+000
      vertex -6.000000e+000 -1.961798e+001  2.501262e+000
    endloop
  endfacet
  facet normal  0.000000e+000  2.815395e-001 -9.595497e-001
    outer loop
      vertex -6.000000e+000 -1.961798e+001  2.501262e+000
      vertex  5.200000e+001 -1.961798e+001  2.501262e+000
      vertex  5.200000e+001 -2.210148e+001  1.772584e+000
    endloop
  endfacet
  facet normal  0.000000e+000  2.815395e-001 -9.595497e-001
    outer loop
      vertex -6.000000e+000 -1.961798e+001  2.501262e+000
      vertex  5.200000e+001 -2.210148e+001  1.772584e+000
      vertex -6.000000e+000 -2.210148e+001  1.772584e+000
    endloop
  endfacet
  facet normal  0.000000e+000  7.235953e-001 -6.902245e-001
    outer loop
      vertex -6.000000e+000 -2.210148e+001  1.772584e+000
      vertex  5.200000e+001 -2.210148e+001  1.772584e+000
      vertex  5.200000e+001 -2.388791e+001 -1.002185e-001
    endloop
  endfacet
  facet normal  0.000000e+000  7.235953e-001 -6.902245e-001
    outer loop
      vertex -6.000000e+000 -2.210148e+001  1.772584e+000
      vertex  5.200000e+001 -2.388791e+001 -1.002185e-001
      vertex -6.000000e+000 -2.388791e+001 -1.002185e-001
    endloop
  endfacet
  facet normal  1.000000e+000  0.000000e+000  -0.000000e+000
    outer loop
      vertex  0.000000e+000 -2.713607e-001  8.999452e+000
      vertex  0.000000e+000  2.477641e-001  7.999730e+000
      vertex  0.000000e+000  3.677141e+000  8.398921e+000
    endloop
  endfacet
  facet normal  1.000000e+000  0.000000e+000  0.000000e+000
    outer loop
      vertex  0.000000e+000  3.677141e+000  8.398921e+000
      vertex  0.000000e+000  2.477641e-001  7.999730e+000
      vertex  0.000000e+000  3.823034e+000  7.281939e+000
    endloop
  endfacet
  facet normal  1.000000e+000  -0.000000e+000  -0.000000e+000
    outer loop
      vertex  0.000000e+000  3.677141e+000  8.398921e+000
      vertex  0.000000e+000  3.823034e+000  7.281939e+000
      vertex  0.000000e+000  7.182125e+000  6.484139e+000
    endloop
  endfacet
  facet normal  9.999999e-001  0.000000e+000  0.000000e+000
    outer loop
      vertex  0.000000e+000  7.182125e+000  6.484139e+000
      vertex  0.000000e+000  3.823034e+000  7.281939e+000
      vertex  0.000000e+000  6.937189e+000  5.384621e+000
    endloop
  endfacet
  facet normal  1.000000e+000  -0.000000e+000  0.000000e+000
    outer loop
      vertex  0.000000e+000  7.182125e+000  6.484139e+000
      vertex  0.000000e+000  6.937189e+000  5.384621e+000
      vertex  0.000000e+000  9.820839e+000  3.486058e+000
    endloop
  endfacet
  facet normal  9.999999e-001 -8.672424e-016 -1.317219e-015
    outer loop
      vertex  0.000000e+000  9.820839e+000  3.486058e+000
      vertex  0.000000e+000  6.937189e+000  5.384621e+000
      vertex -1.776357e-015  9.214617e+000  2.536622e+000
    endloop
  endfacet
  facet normal  1.000000e+000 -1.817455e-015 -7.105012e-016
    outer loop
      vertex  0.000000e+000  9.820839e+000  3.486058e+000
      vertex -1.776357e-015  9.214617e+000  2.536622e+000
      vertex  0.000000e+000  1.127501e+001 -2.337100e-001
    endloop
  endfacet
  facet normal  1.000000e+000 -3.128262e-016  4.085468e-016
    outer loop
      vertex  0.000000e+000  1.127501e+001 -2.337100e-001
      vertex -1.776357e-015  9.214617e+000  2.536622e+000
      vertex  0.000000e+000  1.038063e+001 -9.185480e-001
    endloop
  endfacet
  facet normal  9.999999e-001  -0.000000e+000  0.000000e+000
    outer loop
      vertex  0.000000e+000  1.127501e+001 -2.337100e-001
      vertex  0.000000e+000  1.038063e+001 -9.185480e-001
      vertex  0.000000e+000  1.136926e+001 -4.226506e+000
    endloop
  endfacet
  facet normal  1.000000e+000  0.000000e+000  0.000000e+000
    outer loop
      vertex  0.000000e+000  1.136926e+001 -4.226506e+000
      vertex  0.000000e+000  1.038063e+001 -9.185480e-001
      vertex  0.000000e+000  1.029458e+001 -4.564145e+000
    endloop
  endfacet
  facet normal  1.000000e+000  -0.000000e+000  0.000000e+000
    outer loop
      vertex  0.000000e+000  1.136926e+001 -4.226506e+000
      vertex  0.000000e+000  1.029458e+001 -4.564145e+000
      vertex  0.000000e+000  1.009220e+001 -8.010740e+000
    endloop
  endfacet
  facet normal  1.000000e+000  0.000000e+000  -0.000000e+000
    outer loop
      vertex  0.000000e+000  1.009220e+001 -8.010740e+000
      vertex  0.000000e+000  1.029458e+001 -4.564145e+000
      vertex  0.000000e+000  8.966853e+000 -7.960454e+000
    endloop
  endfacet
  facet normal  9.999999e-001  0.000000e+000  0.000000e+000
    outer loop
      vertex  0.000000e+000  1.009220e+001 -8.010740e+000
      vertex  0.000000e+000  8.966853e+000 -7.960454e+000
      vertex  0.000000e+000  7.597874e+000 -1.112998e+001
    endloop
  endfacet
  facet normal  9.999999e-001  0.000000e+000  -0.000000e+000
    outer loop
      vertex  0.000000e+000  7.597874e+000 -1.112998e+001
      vertex  0.000000e+000  8.966853e+000 -7.960454e+000
      vertex  0.000000e+000  6.557592e+000 -1.069783e+001
    endloop
  endfacet
  facet normal  1.000000e+000  0.000000e+000  0.000000e+000
    outer loop
      vertex  0.000000e+000  7.597874e+000 -1.112998e+001
      vertex  0.000000e+000  6.557592e+000 -1.069783e+001
      vertex  0.000000e+000  4.187132e+000 -1.320799e+001
    endloop
  endfacet
  facet normal  1.000000e+000  0.000000e+000  -0.000000e+000
    outer loop
      vertex  0.000000e+000  4.187132e+000 -1.320799e+001
      vertex  0.000000e+000  6.557592e+000 -1.069783e+001
      vertex  0.000000e+000  3.357389e+000 -1.244611e+001
    endloop
  endfacet
  facet normal  1.000000e+000  0.000000e+000  0.000000e+000
    outer loop
      vertex  0.000000e+000  4.187132e+000 -1.320799e+001
      vertex  0.000000e+000  3.357389e+000 -1.244611e+001
      vertex  0.000000e+000  2.713607e-001 -1.399414e+001
    endloop
  endfacet
  facet normal  1.000000e+000  0.000000e+000  -0.000000e+000
    outer loop
      vertex  0.000000e+000  2.713607e-001 -1.399414e+001
      vertex  0.000000e+000  3.357389e+000 -1.244611e+001
      vertex  0.000000e+000 -2.477641e-001 -1.299442e+001
    endloop
  endfacet
  facet normal  1.000000e+000  0.000000e+000  0.000000e+000
    outer loop
      vertex  0.000000e+000  2.713607e-001 -1.399414e+001
      vertex  0.000000e+000 -2.477641e-001 -1.299442e+001
      vertex  0.000000e+000 -3.677141e+000 -1.339361e+001
    endloop
  endfacet
  facet normal  1.000000e+000  0.000000e+000  -0.000000e+000
    outer loop
      vertex  0.000000e+000 -3.677141e+000 -1.339361e+001
      vertex  0.000000e+000 -2.477641e-001 -1.299442e+001
      vertex  0.000000e+000 -3.823034e+000 -1.227663e+001
    endloop
  endfacet
  facet normal  1.000000e+000  0.000000e+000  0.000000e+000
    outer loop
      vertex  0.000000e+000 -3.677141e+000 -1.339361e+001
      vertex  0.000000e+000 -3.823034e+000 -1.227663e+001
      vertex  0.000000e+000 -7.182125e+000 -1.147883e+001
    endloop
  endfacet
  facet normal  1.000000e+000  -0.000000e+000  0.000000e+000
    outer loop
      vertex  0.000000e+000 -7.182125e+000 -1.147883e+001
      vertex  0.000000e+000 -3.823034e+000 -1.227663e+001
      vertex  0.000000e+000 -6.937189e+000 -1.037931e+001
    endloop
  endfacet
  facet normal  9.999999e-001  0.000000e+000  0.000000e+000
    outer loop
      vertex  0.000000e+000  2.477641e-001  7.999730e+000
      vertex  0.000000e+000 -2.713607e-001  8.999452e+000
      vertex  0.000000e+000 -3.357389e+000  7.451419e+000
    endloop
  endfacet
  facet normal  9.999999e-001  0.000000e+000  -0.000000e+000
    outer loop
      vertex  0.000000e+000 -3.357389e+000  7.451419e+000
      vertex  0.000000e+000 -2.713607e-001  8.999452e+000
      vertex  0.000000e+000 -4.187132e+000  8.213299e+000
    endloop
  endfacet
  facet normal  1.000000e+000  0.000000e+000  0.000000e+000
    outer loop
      vertex  0.000000e+000 -3.357389e+000  7.451419e+000
      vertex  0.000000e+000 -4.187132e+000  8.213299e+000
      vertex  0.000000e+000 -6.557592e+000  5.703141e+000
    endloop
  endfacet
  facet normal  1.000000e+000  0.000000e+000  -0.000000e+000
    outer loop
      vertex  0.000000e+000 -6.557592e+000  5.703141e+000
      vertex  0.000000e+000 -4.187132e+000  8.213299e+000
      vertex  0.000000e+000 -7.597874e+000  6.135285e+000
    endloop
  endfacet
  facet normal  9.999999e-001  0.000000e+000  0.000000e+000
    outer loop
      vertex  0.000000e+000 -6.557592e+000  5.703141e+000
      vertex  0.000000e+000 -7.597874e+000  6.135285e+000
      vertex  0.000000e+000 -8.966853e+000  2.965762e+000
    endloop
  endfacet
  facet normal  1.000000e+000  0.000000e+000  -0.000000e+000
    outer loop
      vertex  0.000000e+000 -8.966853e+000  2.965762e+000
      vertex  0.000000e+000 -7.597874e+000  6.135285e+000
      vertex  0.000000e+000 -1.009220e+001  3.016047e+000
    endloop
  endfacet
  facet normal  1.000000e+000  0.000000e+000  0.000000e+000
    outer loop
      vertex  0.000000e+000 -8.966853e+000  2.965762e+000
      vertex  0.000000e+000 -1.009220e+001  3.016047e+000
      vertex  0.000000e+000 -1.029458e+001 -4.305479e-001
    endloop
  endfacet
  facet normal  9.999999e-001  0.000000e+000  -0.000000e+000
    outer loop
      vertex  0.000000e+000 -1.029458e+001 -4.305479e-001
      vertex  0.000000e+000 -1.009220e+001  3.016047e+000
      vertex  0.000000e+000 -1.136926e+001 -7.681863e-001
    endloop
  endfacet
  facet normal  1.000000e+000  -0.000000e+000  0.000000e+000
    outer loop
      vertex  0.000000e+000 -1.029458e+001 -4.305479e-001
      vertex  0.000000e+000 -1.136926e+001 -7.681863e-001
      vertex  0.000000e+000 -1.038063e+001 -4.076144e+000
    endloop
  endfacet
  facet normal  9.999999e-001  0.000000e+000  0.000000e+000
    outer loop
      vertex  0.000000e+000 -1.038063e+001 -4.076144e+000
      vertex  0.000000e+000 -1.136926e+001 -7.681863e-001
      vertex  0.000000e+000 -1.127501e+001 -4.760983e+000
    endloop
  endfacet
  facet normal  1.000000e+000  3.128263e-016 -4.085467e-016
    outer loop
      vertex  0.000000e+000 -1.038063e+001 -4.076144e+000
      vertex  0.000000e+000 -1.127501e+001 -4.760983e+000
      vertex -1.776357e-015 -9.214617e+000 -7.531314e+000
    endloop
  endfacet
  facet normal  1.000000e+000  1.817455e-015  7.105013e-016
    outer loop
      vertex -1.776357e-015 -9.214617e+000 -7.531314e+000
      vertex  0.000000e+000 -1.127501e+001 -4.760983e+000
      vertex  0.000000e+000 -9.820839e+000 -8.480750e+000
    endloop
  endfacet
  facet normal  1.000000e+000  8.672427e-016  1.317219e-015
    outer loop
      vertex -1.776357e-015 -9.214617e+000 -7.531314e+000
      vertex  0.000000e+000 -9.820839e+000 -8.480750e+000
      vertex  0.000000e+000 -6.937189e+000 -1.037931e+001
    endloop
  endfacet
  facet normal  1.000000e+000  0.000000e+000  0.000000e+000
    outer loop
      vertex  0.000000e+000 -6.937189e+000 -1.037931e+001
      vertex  0.000000e+000 -9.820839e+000 -8.480750e+000
      vertex  0.000000e+000 -7.182125e+000 -1.147883e+001
    endloop
  endfacet
  facet normal  0.000000e+000  7.506635e-001 -6.606847e-001
    outer loop
      vertex -6.000000e+000 -6.557592e+000  5.703141e+000
      vertex  0.000000e+000 -8.966853e+000  2.965762e+000
      vertex -6.000000e+000 -8.966853e+000  2.965762e+000
    endloop
  endfacet
  facet normal  0.000000e+000  9.313605e-001 -3.640983e-001
    outer loop
      vertex -6.000000e+000 -8.966853e+000  2.965762e+000
      vertex  0.000000e+000 -8.966853e+000  2.965762e+000
      vertex  0.000000e+000 -1.029458e+001 -4.305479e-001
    endloop
  endfacet
  facet normal  0.000000e+000  9.313605e-001 -3.640983e-001
    outer loop
      vertex -6.000000e+000 -8.966853e+000  2.965762e+000
      vertex  0.000000e+000 -1.029458e+001 -4.305479e-001
      vertex -6.000000e+000 -1.029458e+001 -4.305479e-001
    endloop
  endfacet
  facet normal  0.000000e+000  9.997215e-001 -2.359647e-002
    outer loop
      vertex -6.000000e+000 -1.029458e+001 -4.305479e-001
      vertex  0.000000e+000 -1.029458e+001 -4.305479e-001
      vertex  0.000000e+000 -1.038063e+001 -4.076144e+000
    endloop
  endfacet
  facet normal  0.000000e+000  9.997215e-001 -2.359647e-002
    outer loop
      vertex -6.000000e+000 -1.029458e+001 -4.305479e-001
      vertex  0.000000e+000 -1.038063e+001 -4.076144e+000
      vertex -6.000000e+000 -1.038063e+001 -4.076144e+000
    endloop
  endfacet
  facet normal  -0.000000e+000  9.475015e-001  3.197513e-001
    outer loop
      vertex -6.000000e+000 -1.038063e+001 -4.076144e+000
      vertex  0.000000e+000 -1.038063e+001 -4.076144e+000
      vertex -1.776357e-015 -9.214617e+000 -7.531314e+000
    endloop
  endfacet
  facet normal  0.000000e+000  9.475015e-001  3.197513e-001
    outer loop
      vertex -6.000000e+000 -1.038063e+001 -4.076144e+000
      vertex -1.776357e-015 -9.214617e+000 -7.531314e+000
      vertex -6.000000e+000 -9.214617e+000 -7.531314e+000
    endloop
  endfacet
  facet normal  0.000000e+000  7.506635e-001 -6.606847e-001
    outer loop
      vertex  0.000000e+000 -8.966853e+000  2.965762e+000
      vertex -6.000000e+000 -6.557592e+000  5.703141e+000
      vertex  0.000000e+000 -6.557592e+000  5.703141e+000
    endloop
  endfacet
  facet normal  0.000000e+000  4.794255e-001 -8.775826e-001
    outer loop
      vertex  0.000000e+000 -6.557592e+000  5.703141e+000
      vertex -6.000000e+000 -6.557592e+000  5.703141e+000
      vertex -6.000000e+000 -3.357389e+000  7.451419e+000
    endloop
  endfacet
  facet normal  0.000000e+000  4.794255e-001 -8.775826e-001
    outer loop
      vertex  0.000000e+000 -6.557592e+000  5.703141e+000
      vertex -6.000000e+000 -3.357389e+000  7.451419e+000
      vertex  0.000000e+000 -3.357389e+000  7.451419e+000
    endloop
  endfacet
  facet normal  0.000000e+000  1.503617e-001 -9.886310e-001
    outer loop
      vertex  0.000000e+000 -3.357389e+000  7.451419e+000
      vertex -6.000000e+000 -3.357389e+000  7.451419e+000
      vertex -6.000000e+000  2.477641e-001  7.999730e+000
    endloop
  endfacet
  facet normal  0.000000e+000  1.503617e-001 -9.886310e-001
    outer loop
      vertex  0.000000e+000 -3.357389e+000  7.451419e+000
      vertex -6.000000e+000  2.477641e-001  7.999730e+000
      vertex  0.000000e+000  2.477641e-001  7.999730e+000
    endloop
  endfacet
  facet normal  -0.000000e+000 -1.968379e-001 -9.804360e-001
    outer loop
      vertex  0.000000e+000  2.477641e-001  7.999730e+000
      vertex -6.000000e+000  2.477641e-001  7.999730e+000
      vertex -6.000000e+000  3.823034e+000  7.281939e+000
    endloop
  endfacet
  facet normal  0.000000e+000 -1.968379e-001 -9.804360e-001
    outer loop
      vertex  0.000000e+000  2.477641e-001  7.999730e+000
      vertex -6.000000e+000  3.823034e+000  7.281939e+000
      vertex  0.000000e+000  3.823034e+000  7.281939e+000
    endloop
  endfacet
  facet normal  -0.000000e+000 -5.202959e-001 -8.539860e-001
    outer loop
      vertex  0.000000e+000  3.823034e+000  7.281939e+000
      vertex -6.000000e+000  3.823034e+000  7.281939e+000
      vertex -6.000000e+000  6.937189e+000  5.384621e+000
    endloop
  endfacet
  facet normal  0.000000e+000 -5.202959e-001 -8.539860e-001
    outer loop
      vertex  0.000000e+000  3.823034e+000  7.281939e+000
      vertex -6.000000e+000  6.937189e+000  5.384621e+000
      vertex  0.000000e+000  6.937189e+000  5.384621e+000
    endloop
  endfacet
  facet normal  -0.000000e+000 -7.809988e-001 -6.245326e-001
    outer loop
      vertex  0.000000e+000  6.937189e+000  5.384621e+000
      vertex -6.000000e+000  6.937189e+000  5.384621e+000
      vertex -6.000000e+000  9.214617e+000  2.536622e+000
    endloop
  endfacet
  facet normal  0.000000e+000 -7.809988e-001 -6.245326e-001
    outer loop
      vertex  0.000000e+000  6.937189e+000  5.384621e+000
      vertex -6.000000e+000  9.214617e+000  2.536622e+000
      vertex -1.776357e-015  9.214617e+000  2.536622e+000
    endloop
  endfacet
  facet normal  0.000000e+000 -7.506635e-001  6.606847e-001
    outer loop
      vertex -6.000000e+000  6.557592e+000 -1.069783e+001
      vertex  0.000000e+000  8.966853e+000 -7.960454e+000
      vertex -6.000000e+000  8.966853e+000 -7.960454e+000
    endloop
  endfacet
  facet normal  0.000000e+000 -9.313604e-001  3.640984e-001
    outer loop
      vertex -6.000000e+000  8.966853e+000 -7.960454e+000
      vertex  0.000000e+000  8.966853e+000 -7.960454e+000
      vertex  0.000000e+000  1.029458e+001 -4.564145e+000
    endloop
  endfacet
  facet normal  0.000000e+000 -9.313604e-001  3.640984e-001
    outer loop
      vertex -6.000000e+000  8.966853e+000 -7.960454e+000
      vertex  0.000000e+000  1.029458e+001 -4.564145e+000
      vertex -6.000000e+000  1.029458e+001 -4.564145e+000
    endloop
  endfacet
  facet normal  0.000000e+000 -9.997215e-001  2.359647e-002
    outer loop
      vertex -6.000000e+000  1.029458e+001 -4.564145e+000
      vertex  0.000000e+000  1.029458e+001 -4.564145e+000
      vertex  0.000000e+000  1.038063e+001 -9.185480e-001
    endloop
  endfacet
  facet normal  0.000000e+000 -9.997215e-001  2.359647e-002
    outer loop
      vertex -6.000000e+000  1.029458e+001 -4.564145e+000
      vertex  0.000000e+000  1.038063e+001 -9.185480e-001
      vertex -6.000000e+000  1.038063e+001 -9.185480e-001
    endloop
  endfacet
  facet normal  0.000000e+000 -9.475015e-001 -3.197513e-001
    outer loop
      vertex -6.000000e+000  1.038063e+001 -9.185480e-001
      vertex  0.000000e+000  1.038063e+001 -9.185480e-001
      vertex -1.776357e-015  9.214617e+000  2.536622e+000
    endloop
  endfacet
  facet normal  -0.000000e+000 -9.475015e-001 -3.197513e-001
    outer loop
      vertex -6.000000e+000  1.038063e+001 -9.185480e-001
      vertex -1.776357e-015  9.214617e+000  2.536622e+000
      vertex -6.000000e+000  9.214617e+000  2.536622e+000
    endloop
  endfacet
  facet normal  0.000000e+000 -7.506635e-001  6.606847e-001
    outer loop
      vertex  0.000000e+000  8.966853e+000 -7.960454e+000
      vertex -6.000000e+000  6.557592e+000 -1.069783e+001
      vertex  0.000000e+000  6.557592e+000 -1.069783e+001
    endloop
  endfacet
  facet normal  0.000000e+000 -4.794255e-001  8.775826e-001
    outer loop
      vertex  0.000000e+000  6.557592e+000 -1.069783e+001
      vertex -6.000000e+000  6.557592e+000 -1.069783e+001
      vertex -6.000000e+000  3.357389e+000 -1.244611e+001
    endloop
  endfacet
  facet normal  0.000000e+000 -4.794255e-001  8.775826e-001
    outer loop
      vertex  0.000000e+000  6.557592e+000 -1.069783e+001
      vertex -6.000000e+000  3.357389e+000 -1.244611e+001
      vertex  0.000000e+000  3.357389e+000 -1.244611e+001
    endloop
  endfacet
  facet normal  0.000000e+000 -1.503618e-001  9.886310e-001
    outer loop
      vertex  0.000000e+000  3.357389e+000 -1.244611e+001
      vertex -6.000000e+000  3.357389e+000 -1.244611e+001
      vertex -6.000000e+000 -2.477641e-001 -1.299442e+001
    endloop
  endfacet
  facet normal  0.000000e+000 -1.503618e-001  9.886310e-001
    outer loop
      vertex  0.000000e+000  3.357389e+000 -1.244611e+001
      vertex -6.000000e+000 -2.477641e-001 -1.299442e+001
      vertex  0.000000e+000 -2.477641e-001 -1.299442e+001
    endloop
  endfacet
  facet normal  0.000000e+000  1.968379e-001  9.804360e-001
    outer loop
      vertex  0.000000e+000 -2.477641e-001 -1.299442e+001
      vertex -6.000000e+000 -2.477641e-001 -1.299442e+001
      vertex -6.000000e+000 -3.823034e+000 -1.227663e+001
    endloop
  endfacet
  facet normal  -0.000000e+000  1.968379e-001  9.804360e-001
    outer loop
      vertex  0.000000e+000 -2.477641e-001 -1.299442e+001
      vertex -6.000000e+000 -3.823034e+000 -1.227663e+001
      vertex  0.000000e+000 -3.823034e+000 -1.227663e+001
    endloop
  endfacet
  facet normal  0.000000e+000  5.202960e-001  8.539859e-001
    outer loop
      vertex  0.000000e+000 -3.823034e+000 -1.227663e+001
      vertex -6.000000e+000 -3.823034e+000 -1.227663e+001
      vertex -6.000000e+000 -6.937189e+000 -1.037931e+001
    endloop
  endfacet
  facet normal  -0.000000e+000  5.202960e-001  8.539859e-001
    outer loop
      vertex  0.000000e+000 -3.823034e+000 -1.227663e+001
      vertex -6.000000e+000 -6.937189e+000 -1.037931e+001
      vertex  0.000000e+000 -6.937189e+000 -1.037931e+001
    endloop
  endfacet
  facet normal  0.000000e+000  7.809988e-001  6.245326e-001
    outer loop
      vertex  0.000000e+000 -6.937189e+000 -1.037931e+001
      vertex -6.000000e+000 -6.937189e+000 -1.037931e+001
      vertex -6.000000e+000 -9.214617e+000 -7.531314e+000
    endloop
  endfacet
  facet normal  -0.000000e+000  7.809988e-001  6.245326e-001
    outer loop
      vertex  0.000000e+000 -6.937189e+000 -1.037931e+001
      vertex -6.000000e+000 -9.214617e+000 -7.531314e+000
      vertex -1.776357e-015 -9.214617e+000 -7.531314e+000
    endloop
  endfacet
  facet normal  0.000000e+000 -9.927089e-001 -1.205365e-001
    outer loop
      vertex  0.000000e+000 -2.500000e+001 -2.497346e+000
      vertex -6.000000e+000 -2.500000e+001 -2.497346e+000
      vertex  0.000000e+000 -2.427355e+001 -8.480238e+000
    endloop
  endfacet
  facet normal  -0.000000e+000 -9.927089e-001 -1.205365e-001
    outer loop
      vertex  0.000000e+000 -2.427355e+001 -8.480238e+000
      vertex -6.000000e+000 -2.500000e+001 -2.497346e+000
      vertex -6.000000e+000 -2.427355e+001 -8.480238e+000
    endloop
  endfacet
  facet normal  0.000000e+000 -9.350162e-001 -3.546051e-001
    outer loop
      vertex  0.000000e+000 -2.427355e+001 -8.480238e+000
      vertex -6.000000e+000 -2.427355e+001 -8.480238e+000
      vertex  0.000000e+000 -2.213640e+001 -1.411543e+001
    endloop
  endfacet
  facet normal  -0.000000e+000 -9.350162e-001 -3.546051e-001
    outer loop
      vertex  0.000000e+000 -2.213640e+001 -1.411543e+001
      vertex -6.000000e+000 -2.427355e+001 -8.480238e+000
      vertex -6.000000e+000 -2.213640e+001 -1.411543e+001
    endloop
  endfacet
  facet normal  0.000000e+000 -8.229839e-001 -5.680646e-001
    outer loop
      vertex  0.000000e+000 -2.213640e+001 -1.411543e+001
      vertex -6.000000e+000 -2.213640e+001 -1.411543e+001
      vertex  0.000000e+000 -1.871277e+001 -1.907541e+001
    endloop
  endfacet
  facet normal  -0.000000e+000 -8.229839e-001 -5.680646e-001
    outer loop
      vertex  0.000000e+000 -1.871277e+001 -1.907541e+001
      vertex -6.000000e+000 -2.213640e+001 -1.411543e+001
      vertex -6.000000e+000 -1.871277e+001 -1.907541e+001
    endloop
  endfacet
  facet normal  0.000000e+000 -6.631227e-001 -7.485107e-001
    outer loop
      vertex  0.000000e+000 -1.871277e+001 -1.907541e+001
      vertex -6.000000e+000 -1.871277e+001 -1.907541e+001
      vertex  0.000000e+000 -1.420162e+001 -2.307194e+001
    endloop
  endfacet
  facet normal  -0.000000e+000 -6.631227e-001 -7.485107e-001
    outer loop
      vertex  0.000000e+000 -1.420162e+001 -2.307194e+001
      vertex -6.000000e+000 -1.871277e+001 -1.907541e+001
      vertex -6.000000e+000 -1.420162e+001 -2.307194e+001
    endloop
  endfacet
  facet normal  0.000000e+000 -4.647232e-001 -8.854559e-001
    outer loop
      vertex  0.000000e+000 -1.420162e+001 -2.307194e+001
      vertex -6.000000e+000 -1.420162e+001 -2.307194e+001
      vertex  0.000000e+000 -8.865122e+000 -2.587275e+001
    endloop
  endfacet
  facet normal  -0.000000e+000 -4.647232e-001 -8.854559e-001
    outer loop
      vertex  0.000000e+000 -8.865122e+000 -2.587275e+001
      vertex -6.000000e+000 -1.420162e+001 -2.307194e+001
      vertex -6.000000e+000 -8.865122e+000 -2.587275e+001
    endloop
  endfacet
  facet normal  0.000000e+000 -2.393154e-001 -9.709418e-001
    outer loop
      vertex  0.000000e+000 -8.865122e+000 -2.587275e+001
      vertex -6.000000e+000 -8.865122e+000 -2.587275e+001
      vertex  0.000000e+000 -3.013417e+000 -2.731507e+001
    endloop
  endfacet
  facet normal  -0.000000e+000 -2.393154e-001 -9.709418e-001
    outer loop
      vertex  0.000000e+000 -3.013417e+000 -2.731507e+001
      vertex -6.000000e+000 -8.865122e+000 -2.587275e+001
      vertex -6.000000e+000 -3.013417e+000 -2.731507e+001
    endloop
  endfacet
  facet normal  0.000000e+000  0.000000e+000 -1.000000e+000
    outer loop
      vertex  0.000000e+000 -3.013417e+000 -2.731507e+001
      vertex -6.000000e+000 -3.013417e+000 -2.731507e+001
      vertex  0.000000e+000  3.013417e+000 -2.731507e+001
    endloop
  endfacet
  facet normal  -0.000000e+000  0.000000e+000 -1.000000e+000
    outer loop
      vertex  0.000000e+000  3.013417e+000 -2.731507e+001
      vertex -6.000000e+000 -3.013417e+000 -2.731507e+001
      vertex -6.000000e+000  3.013417e+000 -2.731507e+001
    endloop
  endfacet
  facet normal  0.000000e+000  2.393154e-001 -9.709418e-001
    outer loop
      vertex  0.000000e+000  3.013417e+000 -2.731507e+001
      vertex -6.000000e+000  3.013417e+000 -2.731507e+001
      vertex  0.000000e+000  8.865122e+000 -2.587275e+001
    endloop
  endfacet
  facet normal  0.000000e+000  2.393154e-001 -9.709418e-001
    outer loop
      vertex  0.000000e+000  8.865122e+000 -2.587275e+001
      vertex -6.000000e+000  3.013417e+000 -2.731507e+001
      vertex -6.000000e+000  8.865122e+000 -2.587275e+001
    endloop
  endfacet
  facet normal  0.000000e+000  4.647232e-001 -8.854559e-001
    outer loop
      vertex  0.000000e+000  8.865122e+000 -2.587275e+001
      vertex -6.000000e+000  8.865122e+000 -2.587275e+001
      vertex  0.000000e+000  1.420162e+001 -2.307194e+001
    endloop
  endfacet
  facet normal  0.000000e+000  4.647232e-001 -8.854559e-001
    outer loop
      vertex  0.000000e+000  1.420162e+001 -2.307194e+001
      vertex -6.000000e+000  8.865122e+000 -2.587275e+001
      vertex -6.000000e+000  1.420162e+001 -2.307194e+001
    endloop
  endfacet
  facet normal  0.000000e+000  6.631227e-001 -7.485107e-001
    outer loop
      vertex  0.000000e+000  1.420162e+001 -2.307194e+001
      vertex -6.000000e+000  1.420162e+001 -2.307194e+001
      vertex  0.000000e+000  1.871277e+001 -1.907541e+001
    endloop
  endfacet
  facet normal  0.000000e+000  6.631227e-001 -7.485107e-001
    outer loop
      vertex  0.000000e+000  1.871277e+001 -1.907541e+001
      vertex -6.000000e+000  1.420162e+001 -2.307194e+001
      vertex -6.000000e+000  1.871277e+001 -1.907541e+001
    endloop
  endfacet
  facet normal  0.000000e+000  8.229839e-001 -5.680646e-001
    outer loop
      vertex  0.000000e+000  1.871277e+001 -1.907541e+001
      vertex -6.000000e+000  1.871277e+001 -1.907541e+001
      vertex  0.000000e+000  2.213640e+001 -1.411543e+001
    endloop
  endfacet
  facet normal  0.000000e+000  8.229839e-001 -5.680646e-001
    outer loop
      vertex  0.000000e+000  2.213640e+001 -1.411543e+001
      vertex -6.000000e+000  1.871277e+001 -1.907541e+001
      vertex -6.000000e+000  2.213640e+001 -1.411543e+001
    endloop
  endfacet
  facet normal  0.000000e+000  9.350162e-001 -3.546051e-001
    outer loop
      vertex  0.000000e+000  2.213640e+001 -1.411543e+001
      vertex -6.000000e+000  2.213640e+001 -1.411543e+001
      vertex  0.000000e+000  2.427355e+001 -8.480238e+000
    endloop
  endfacet
  facet normal  0.000000e+000  9.350162e-001 -3.546051e-001
    outer loop
      vertex  0.000000e+000  2.427355e+001 -8.480238e+000
      vertex -6.000000e+000  2.213640e+001 -1.411543e+001
      vertex -6.000000e+000  2.427355e+001 -8.480238e+000
    endloop
  endfacet
  facet normal  0.000000e+000  9.927089e-001 -1.205365e-001
    outer loop
      vertex  0.000000e+000  2.427355e+001 -8.480238e+000
      vertex -6.000000e+000  2.427355e+001 -8.480238e+000
      vertex  0.000000e+000  2.500000e+001 -2.497346e+000
    endloop
  endfacet
  facet normal  0.000000e+000  9.927089e-001 -1.205365e-001
    outer loop
      vertex  0.000000e+000  2.500000e+001 -2.497346e+000
      vertex -6.000000e+000  2.427355e+001 -8.480238e+000
      vertex -6.000000e+000  2.500000e+001 -2.497346e+000
    endloop
  endfacet
  facet normal  -0.000000e+000  9.927089e-001  1.205366e-001
    outer loop
      vertex  0.000000e+000  2.500000e+001 -2.497346e+000
      vertex -6.000000e+000  2.500000e+001 -2.497346e+000
      vertex  0.000000e+000  2.427355e+001  3.485545e+000
    endloop
  endfacet
  facet normal  0.000000e+000  9.927089e-001  1.205366e-001
    outer loop
      vertex  0.000000e+000  2.427355e+001  3.485545e+000
      vertex -6.000000e+000  2.500000e+001 -2.497346e+000
      vertex -6.000000e+000  2.427355e+001  3.485545e+000
    endloop
  endfacet
  facet normal  -0.000000e+000  9.350162e-001  3.546050e-001
    outer loop
      vertex  0.000000e+000  2.427355e+001  3.485545e+000
      vertex -6.000000e+000  2.427355e+001  3.485545e+000
      vertex  0.000000e+000  2.213640e+001  9.120733e+000
    endloop
  endfacet
  facet normal  0.000000e+000  9.350162e-001  3.546050e-001
    outer loop
      vertex  0.000000e+000  2.213640e+001  9.120733e+000
      vertex -6.000000e+000  2.427355e+001  3.485545e+000
      vertex -6.000000e+000  2.213640e+001  9.120733e+000
    endloop
  endfacet
  facet normal  -0.000000e+000  8.229839e-001  5.680648e-001
    outer loop
      vertex  0.000000e+000  2.213640e+001  9.120733e+000
      vertex -6.000000e+000  2.213640e+001  9.120733e+000
      vertex  0.000000e+000  1.871277e+001  1.408072e+001
    endloop
  endfacet
  facet normal  0.000000e+000  8.229839e-001  5.680648e-001
    outer loop
      vertex  0.000000e+000  1.871277e+001  1.408072e+001
      vertex -6.000000e+000  2.213640e+001  9.120733e+000
      vertex -6.000000e+000  1.871277e+001  1.408072e+001
    endloop
  endfacet
  facet normal  -0.000000e+000  6.631228e-001  7.485107e-001
    outer loop
      vertex  0.000000e+000  1.871277e+001  1.408072e+001
      vertex -6.000000e+000  1.871277e+001  1.408072e+001
      vertex  0.000000e+000  1.420162e+001  1.807725e+001
    endloop
  endfacet
  facet normal  0.000000e+000  6.631228e-001  7.485107e-001
    outer loop
      vertex  0.000000e+000  1.420162e+001  1.807725e+001
      vertex -6.000000e+000  1.871277e+001  1.408072e+001
      vertex -6.000000e+000  1.420162e+001  1.807725e+001
    endloop
  endfacet
  facet normal  -0.000000e+000  4.647230e-001  8.854561e-001
    outer loop
      vertex  0.000000e+000  1.420162e+001  1.807725e+001
      vertex -6.000000e+000  1.420162e+001  1.807725e+001
      vertex  0.000000e+000  8.865122e+000  2.087806e+001
    endloop
  endfacet
  facet normal  0.000000e+000  4.647230e-001  8.854561e-001
    outer loop
      vertex  0.000000e+000  8.865122e+000  2.087806e+001
      vertex -6.000000e+000  1.420162e+001  1.807725e+001
      vertex -6.000000e+000  8.865122e+000  2.087806e+001
    endloop
  endfacet
  facet normal  -0.000000e+000  2.393157e-001  9.709418e-001
    outer loop
      vertex  0.000000e+000  8.865122e+000  2.087806e+001
      vertex -6.000000e+000  8.865122e+000  2.087806e+001
      vertex  0.000000e+000  3.013417e+000  2.232038e+001
    endloop
  endfacet
  facet normal  0.000000e+000  2.393157e-001  9.709418e-001
    outer loop
      vertex  0.000000e+000  3.013417e+000  2.232038e+001
      vertex -6.000000e+000  8.865122e+000  2.087806e+001
      vertex -6.000000e+000  3.013417e+000  2.232038e+001
    endloop
  endfacet
  facet normal  -0.000000e+000  0.000000e+000  1.000000e+000
    outer loop
      vertex  0.000000e+000  3.013417e+000  2.232038e+001
      vertex -6.000000e+000  3.013417e+000  2.232038e+001
      vertex  0.000000e+000 -3.013417e+000  2.232038e+001
    endloop
  endfacet
  facet normal  0.000000e+000  0.000000e+000  1.000000e+000
    outer loop
      vertex  0.000000e+000 -3.013417e+000  2.232038e+001
      vertex -6.000000e+000  3.013417e+000  2.232038e+001
      vertex -6.000000e+000 -3.013417e+000  2.232038e+001
    endloop
  endfacet
  facet normal  0.000000e+000 -2.393157e-001  9.709418e-001
    outer loop
      vertex  0.000000e+000 -3.013417e+000  2.232038e+001
      vertex -6.000000e+000 -3.013417e+000  2.232038e+001
      vertex  0.000000e+000 -8.865122e+000  2.087806e+001
    endloop
  endfacet
  facet normal  0.000000e+000 -2.393157e-001  9.709418e-001
    outer loop
      vertex  0.000000e+000 -8.865122e+000  2.087806e+001
      vertex -6.000000e+000 -3.013417e+000  2.232038e+001
      vertex -6.000000e+000 -8.865122e+000  2.087806e+001
    endloop
  endfacet
  facet normal  0.000000e+000 -4.647230e-001  8.854561e-001
    outer loop
      vertex  0.000000e+000 -8.865122e+000  2.087806e+001
      vertex -6.000000e+000 -8.865122e+000  2.087806e+001
      vertex  0.000000e+000 -1.420162e+001  1.807725e+001
    endloop
  endfacet
  facet normal  0.000000e+000 -4.647230e-001  8.854561e-001
    outer loop
      vertex  0.000000e+000 -1.420162e+001  1.807725e+001
      vertex -6.000000e+000 -8.865122e+000  2.087806e+001
      vertex -6.000000e+000 -1.420162e+001  1.807725e+001
    endloop
  endfacet
  facet normal  0.000000e+000 -6.631228e-001  7.485107e-001
    outer loop
      vertex  0.000000e+000 -1.420162e+001  1.807725e+001
      vertex -6.000000e+000 -1.420162e+001  1.807725e+001
      vertex  0.000000e+000 -1.871277e+001  1.408072e+001
    endloop
  endfacet
  facet normal  0.000000e+000 -6.631228e-001  7.485107e-001
    outer loop
      vertex  0.000000e+000 -1.871277e+001  1.408072e+001
      vertex -6.000000e+000 -1.420162e+001  1.807725e+001
      vertex -6.000000e+000 -1.871277e+001  1.408072e+001
    endloop
  endfacet
  facet normal  0.000000e+000 -8.229839e-001  5.680648e-001
    outer loop
      vertex  0.000000e+000 -1.871277e+001  1.408072e+001
      vertex -6.000000e+000 -1.871277e+001  1.408072e+001
      vertex  0.000000e+000 -2.213640e+001  9.120733e+000
    endloop
  endfacet
  facet normal  0.000000e+000 -8.229839e-001  5.680648e-001
    outer loop
      vertex  0.000000e+000 -2.213640e+001  9.120733e+000
      vertex -6.000000e+000 -1.871277e+001  1.408072e+001
      vertex -6.000000e+000 -2.213640e+001  9.120733e+000
    endloop
  endfacet
  facet normal  0.000000e+000 -9.350162e-001  3.546050e-001
    outer loop
      vertex  0.000000e+000 -2.213640e+001  9.120733e+000
      vertex -6.000000e+000 -2.213640e+001  9.120733e+000
      vertex  0.000000e+000 -2.427355e+001  3.485545e+000
    endloop
  endfacet
  facet normal  0.000000e+000 -9.350162e-001  3.546050e-001
    outer loop
      vertex  0.000000e+000 -2.427355e+001  3.485545e+000
      vertex -6.000000e+000 -2.213640e+001  9.120733e+000
      vertex -6.000000e+000 -2.427355e+001  3.485545e+000
    endloop
  endfacet
  facet normal  0.000000e+000 -9.927089e-001  1.205366e-001
    outer loop
      vertex  0.000000e+000 -2.427355e+001  3.485545e+000
      vertex -6.000000e+000 -2.427355e+001  3.485545e+000
      vertex  0.000000e+000 -2.500000e+001 -2.497346e+000
    endloop
  endfacet
  facet normal  0.000000e+000 -9.927089e-001  1.205366e-001
    outer loop
      vertex  0.000000e+000 -2.500000e+001 -2.497346e+000
      vertex -6.000000e+000 -2.427355e+001  3.485545e+000
      vertex -6.000000e+000 -2.500000e+001 -2.497346e+000
    endloop
  endfacet
  facet normal  0.000000e+000 -7.506636e-001 -6.606846e-001
    outer loop
      vertex  1.200000e+001  7.182125e+000  6.484139e+000
      vertex  0.000000e+000  9.820839e+000  3.486058e+000
      vertex  1.200000e+001  9.820839e+000  3.486058e+000
    endloop
  endfacet
  facet normal  -0.000000e+000 -9.313604e-001 -3.640985e-001
    outer loop
      vertex  1.200000e+001  9.820839e+000  3.486058e+000
      vertex  0.000000e+000  9.820839e+000  3.486058e+000
      vertex  0.000000e+000  1.127501e+001 -2.337100e-001
    endloop
  endfacet
  facet normal  0.000000e+000 -9.313604e-001 -3.640985e-001
    outer loop
      vertex  1.200000e+001  9.820839e+000  3.486058e+000
      vertex  0.000000e+000  1.127501e+001 -2.337100e-001
      vertex  1.200000e+001  1.127501e+001 -2.337100e-001
    endloop
  endfacet
  facet normal  -0.000000e+000 -9.997215e-001 -2.359646e-002
    outer loop
      vertex  1.200000e+001  1.127501e+001 -2.337100e-001
      vertex  0.000000e+000  1.127501e+001 -2.337100e-001
      vertex  0.000000e+000  1.136926e+001 -4.226506e+000
    endloop
  endfacet
  facet normal  0.000000e+000 -9.997215e-001 -2.359646e-002
    outer loop
      vertex  1.200000e+001  1.127501e+001 -2.337100e-001
      vertex  0.000000e+000  1.136926e+001 -4.226506e+000
      vertex  1.200000e+001  1.136926e+001 -4.226506e+000
    endloop
  endfacet
  facet normal  0.000000e+000 -9.475015e-001  3.197514e-001
    outer loop
      vertex  1.200000e+001  1.136926e+001 -4.226506e+000
      vertex  0.000000e+000  1.136926e+001 -4.226506e+000
      vertex  0.000000e+000  1.009220e+001 -8.010740e+000
    endloop
  endfacet
  facet normal  0.000000e+000 -9.475015e-001  3.197514e-001
    outer loop
      vertex  1.200000e+001  1.136926e+001 -4.226506e+000
      vertex  0.000000e+000  1.009220e+001 -8.010740e+000
      vertex  1.200000e+001  1.009220e+001 -8.010740e+000
    endloop
  endfacet
  facet normal  -0.000000e+000 -7.506636e-001 -6.606846e-001
    outer loop
      vertex  0.000000e+000  9.820839e+000  3.486058e+000
      vertex  1.200000e+001  7.182125e+000  6.484139e+000
      vertex  0.000000e+000  7.182125e+000  6.484139e+000
    endloop
  endfacet
  facet normal  0.000000e+000 -4.794255e-001 -8.775826e-001
    outer loop
      vertex  0.000000e+000  7.182125e+000  6.484139e+000
      vertex  1.200000e+001  7.182125e+000  6.484139e+000
      vertex  1.200000e+001  3.677141e+000  8.398921e+000
    endloop
  endfacet
  facet normal  -0.000000e+000 -4.794255e-001 -8.775826e-001
    outer loop
      vertex  0.000000e+000  7.182125e+000  6.484139e+000
      vertex  1.200000e+001  3.677141e+000  8.398921e+000
      vertex  0.000000e+000  3.677141e+000  8.398921e+000
    endloop
  endfacet
  facet normal  0.000000e+000 -1.503617e-001 -9.886311e-001
    outer loop
      vertex  0.000000e+000  3.677141e+000  8.398921e+000
      vertex  1.200000e+001  3.677141e+000  8.398921e+000
      vertex  1.200000e+001 -2.713607e-001  8.999452e+000
    endloop
  endfacet
  facet normal  -0.000000e+000 -1.503617e-001 -9.886311e-001
    outer loop
      vertex  0.000000e+000  3.677141e+000  8.398921e+000
      vertex  1.200000e+001 -2.713607e-001  8.999452e+000
      vertex  0.000000e+000 -2.713607e-001  8.999452e+000
    endloop
  endfacet
  facet normal  0.000000e+000  1.968380e-001 -9.804361e-001
    outer loop
      vertex  0.000000e+000 -2.713607e-001  8.999452e+000
      vertex  1.200000e+001 -2.713607e-001  8.999452e+000
      vertex  1.200000e+001 -4.187132e+000  8.213299e+000
    endloop
  endfacet
  facet normal  0.000000e+000  1.968380e-001 -9.804361e-001
    outer loop
      vertex  0.000000e+000 -2.713607e-001  8.999452e+000
      vertex  1.200000e+001 -4.187132e+000  8.213299e+000
      vertex  0.000000e+000 -4.187132e+000  8.213299e+000
    endloop
  endfacet
  facet normal  0.000000e+000  5.202959e-001 -8.539860e-001
    outer loop
      vertex  0.000000e+000 -4.187132e+000  8.213299e+000
      vertex  1.200000e+001 -4.187132e+000  8.213299e+000
      vertex  1.200000e+001 -7.597874e+000  6.135285e+000
    endloop
  endfacet
  facet normal  0.000000e+000  5.202959e-001 -8.539860e-001
    outer loop
      vertex  0.000000e+000 -4.187132e+000  8.213299e+000
      vertex  1.200000e+001 -7.597874e+000  6.135285e+000
      vertex  0.000000e+000 -7.597874e+000  6.135285e+000
    endloop
  endfacet
  facet normal  0.000000e+000  7.809988e-001 -6.245326e-001
    outer loop
      vertex  0.000000e+000 -7.597874e+000  6.135285e+000
      vertex  1.200000e+001 -7.597874e+000  6.135285e+000
      vertex  1.200000e+001 -1.009220e+001  3.016047e+000
    endloop
  endfacet
  facet normal  0.000000e+000  7.809988e-001 -6.245326e-001
    outer loop
      vertex  0.000000e+000 -7.597874e+000  6.135285e+000
      vertex  1.200000e+001 -1.009220e+001  3.016047e+000
      vertex  0.000000e+000 -1.009220e+001  3.016047e+000
    endloop
  endfacet
  facet normal  -0.000000e+000  7.506636e-001  6.606847e-001
    outer loop
      vertex  1.200000e+001 -7.182125e+000 -1.147883e+001
      vertex  0.000000e+000 -9.820839e+000 -8.480750e+000
      vertex  1.200000e+001 -9.820839e+000 -8.480750e+000
    endloop
  endfacet
  facet normal  0.000000e+000  9.313604e-001  3.640985e-001
    outer loop
      vertex  1.200000e+001 -9.820839e+000 -8.480750e+000
      vertex  0.000000e+000 -9.820839e+000 -8.480750e+000
      vertex  0.000000e+000 -1.127501e+001 -4.760983e+000
    endloop
  endfacet
  facet normal  -0.000000e+000  9.313604e-001  3.640985e-001
    outer loop
      vertex  1.200000e+001 -9.820839e+000 -8.480750e+000
      vertex  0.000000e+000 -1.127501e+001 -4.760983e+000
      vertex  1.200000e+001 -1.127501e+001 -4.760983e+000
    endloop
  endfacet
  facet normal  0.000000e+000  9.997215e-001  2.359646e-002
    outer loop
      vertex  1.200000e+001 -1.127501e+001 -4.760983e+000
      vertex  0.000000e+000 -1.127501e+001 -4.760983e+000
      vertex  0.000000e+000 -1.136926e+001 -7.681863e-001
    endloop
  endfacet
  facet normal  -0.000000e+000  9.997215e-001  2.359646e-002
    outer loop
      vertex  1.200000e+001 -1.127501e+001 -4.760983e+000
      vertex  0.000000e+000 -1.136926e+001 -7.681863e-001
      vertex  1.200000e+001 -1.136926e+001 -7.681863e-001
    endloop
  endfacet
  facet normal  0.000000e+000  9.475015e-001 -3.197514e-001
    outer loop
      vertex  1.200000e+001 -1.136926e+001 -7.681863e-001
      vertex  0.000000e+000 -1.136926e+001 -7.681863e-001
      vertex  0.000000e+000 -1.009220e+001  3.016047e+000
    endloop
  endfacet
  facet normal  0.000000e+000  9.475015e-001 -3.197514e-001
    outer loop
      vertex  1.200000e+001 -1.136926e+001 -7.681863e-001
      vertex  0.000000e+000 -1.009220e+001  3.016047e+000
      vertex  1.200000e+001 -1.009220e+001  3.016047e+000
    endloop
  endfacet
  facet normal  0.000000e+000  7.506636e-001  6.606847e-001
    outer loop
      vertex  0.000000e+000 -9.820839e+000 -8.480750e+000
      vertex  1.200000e+001 -7.182125e+000 -1.147883e+001
      vertex  0.000000e+000 -7.182125e+000 -1.147883e+001
    endloop
  endfacet
  facet normal  -0.000000e+000  4.794255e-001  8.775826e-001
    outer loop
      vertex  0.000000e+000 -7.182125e+000 -1.147883e+001
      vertex  1.200000e+001 -7.182125e+000 -1.147883e+001
      vertex  1.200000e+001 -3.677141e+000 -1.339361e+001
    endloop
  endfacet
  facet normal  0.000000e+000  4.794255e-001  8.775826e-001
    outer loop
      vertex  0.000000e+000 -7.182125e+000 -1.147883e+001
      vertex  1.200000e+001 -3.677141e+000 -1.339361e+001
      vertex  0.000000e+000 -3.677141e+000 -1.339361e+001
    endloop
  endfacet
  facet normal  -0.000000e+000  1.503619e-001  9.886310e-001
    outer loop
      vertex  0.000000e+000 -3.677141e+000 -1.339361e+001
      vertex  1.200000e+001 -3.677141e+000 -1.339361e+001
      vertex  1.200000e+001  2.713607e-001 -1.399414e+001
    endloop
  endfacet
  facet normal  0.000000e+000  1.503619e-001  9.886310e-001
    outer loop
      vertex  0.000000e+000 -3.677141e+000 -1.339361e+001
      vertex  1.200000e+001  2.713607e-001 -1.399414e+001
      vertex  0.000000e+000  2.713607e-001 -1.399414e+001
    endloop
  endfacet
  facet normal  0.000000e+000 -1.968380e-001  9.804361e-001
    outer loop
      vertex  0.000000e+000  2.713607e-001 -1.399414e+001
      vertex  1.200000e+001  2.713607e-001 -1.399414e+001
      vertex  1.200000e+001  4.187132e+000 -1.320799e+001
    endloop
  endfacet
  facet normal  0.000000e+000 -1.968380e-001  9.804361e-001
    outer loop
      vertex  0.000000e+000  2.713607e-001 -1.399414e+001
      vertex  1.200000e+001  4.187132e+000 -1.320799e+001
      vertex  0.000000e+000  4.187132e+000 -1.320799e+001
    endloop
  endfacet
  facet normal  0.000000e+000 -5.202960e-001  8.539860e-001
    outer loop
      vertex  0.000000e+000  4.187132e+000 -1.320799e+001
      vertex  1.200000e+001  4.187132e+000 -1.320799e+001
      vertex  1.200000e+001  7.597874e+000 -1.112998e+001
    endloop
  endfacet
  facet normal  0.000000e+000 -5.202960e-001  8.539860e-001
    outer loop
      vertex  0.000000e+000  4.187132e+000 -1.320799e+001
      vertex  1.200000e+001  7.597874e+000 -1.112998e+001
      vertex  0.000000e+000  7.597874e+000 -1.112998e+001
    endloop
  endfacet
  facet normal  0.000000e+000 -7.809988e-001  6.245326e-001
    outer loop
      vertex  0.000000e+000  7.597874e+000 -1.112998e+001
      vertex  1.200000e+001  7.597874e+000 -1.112998e+001
      vertex  1.200000e+001  1.009220e+001 -8.010740e+000
    endloop
  endfacet
  facet normal  0.000000e+000 -7.809988e-001  6.245326e-001
    outer loop
      vertex  0.000000e+000  7.597874e+000 -1.112998e+001
      vertex  1.200000e+001  1.009220e+001 -8.010740e+000
      vertex  0.000000e+000  1.009220e+001 -8.010740e+000
    endloop
  endfacet
  facet normal  0.000000e+000  9.927089e-001 -1.205365e-001
    outer loop
      vertex  0.000000e+000  2.500000e+001 -2.497346e+000
      vertex  5.200000e+001  2.500000e+001 -2.497346e+000
      vertex  0.000000e+000  2.427355e+001 -8.480238e+000
    endloop
  endfacet
  facet normal  0.000000e+000  9.927089e-001 -1.205365e-001
    outer loop
      vertex  0.000000e+000  2.427355e+001 -8.480238e+000
      vertex  5.200000e+001  2.500000e+001 -2.497346e+000
      vertex  5.200000e+001  2.427355e+001 -8.480238e+000
    endloop
  endfacet
  facet normal  0.000000e+000  9.350162e-001 -3.546051e-001
    outer loop
      vertex  0.000000e+000  2.427355e+001 -8.480238e+000
      vertex  5.200000e+001  2.427355e+001 -8.480238e+000
      vertex  0.000000e+000  2.213640e+001 -1.411543e+001
    endloop
  endfacet
  facet normal  0.000000e+000  9.350162e-001 -3.546051e-001
    outer loop
      vertex  0.000000e+000  2.213640e+001 -1.411543e+001
      vertex  5.200000e+001  2.427355e+001 -8.480238e+000
      vertex  5.200000e+001  2.213640e+001 -1.411543e+001
    endloop
  endfacet
  facet normal  0.000000e+000  8.229839e-001 -5.680646e-001
    outer loop
      vertex  0.000000e+000  2.213640e+001 -1.411543e+001
      vertex  5.200000e+001  2.213640e+001 -1.411543e+001
      vertex  0.000000e+000  1.871277e+001 -1.907541e+001
    endloop
  endfacet
  facet normal  0.000000e+000  8.229839e-001 -5.680646e-001
    outer loop
      vertex  0.000000e+000  1.871277e+001 -1.907541e+001
      vertex  5.200000e+001  2.213640e+001 -1.411543e+001
      vertex  5.200000e+001  1.871277e+001 -1.907541e+001
    endloop
  endfacet
  facet normal  0.000000e+000  6.631227e-001 -7.485107e-001
    outer loop
      vertex  0.000000e+000  1.871277e+001 -1.907541e+001
      vertex  5.200000e+001  1.871277e+001 -1.907541e+001
      vertex  0.000000e+000  1.420162e+001 -2.307194e+001
    endloop
  endfacet
  facet normal  0.000000e+000  6.631227e-001 -7.485107e-001
    outer loop
      vertex  0.000000e+000  1.420162e+001 -2.307194e+001
      vertex  5.200000e+001  1.871277e+001 -1.907541e+001
      vertex  5.200000e+001  1.420162e+001 -2.307194e+001
    endloop
  endfacet
  facet normal  0.000000e+000  4.647233e-001 -8.854560e-001
    outer loop
      vertex  0.000000e+000  1.420162e+001 -2.307194e+001
      vertex  5.200000e+001  1.420162e+001 -2.307194e+001
      vertex  0.000000e+000  8.865122e+000 -2.587275e+001
    endloop
  endfacet
  facet normal  0.000000e+000  4.647233e-001 -8.854560e-001
    outer loop
      vertex  0.000000e+000  8.865122e+000 -2.587275e+001
      vertex  5.200000e+001  1.420162e+001 -2.307194e+001
      vertex  5.200000e+001  8.865122e+000 -2.587275e+001
    endloop
  endfacet
  facet normal  0.000000e+000  2.393155e-001 -9.709419e-001
    outer loop
      vertex  0.000000e+000  8.865122e+000 -2.587275e+001
      vertex  5.200000e+001  8.865122e+000 -2.587275e+001
      vertex  0.000000e+000  3.013417e+000 -2.731507e+001
    endloop
  endfacet
  facet normal  0.000000e+000  2.393155e-001 -9.709419e-001
    outer loop
      vertex  0.000000e+000  3.013417e+000 -2.731507e+001
      vertex  5.200000e+001  8.865122e+000 -2.587275e+001
      vertex  5.200000e+001  3.013417e+000 -2.731507e+001
    endloop
  endfacet
  facet normal  -0.000000e+000  0.000000e+000 -1.000000e+000
    outer loop
      vertex  0.000000e+000  3.013417e+000 -2.731507e+001
      vertex  5.200000e+001  3.013417e+000 -2.731507e+001
      vertex  0.000000e+000 -3.013417e+000 -2.731507e+001
    endloop
  endfacet
  facet normal  0.000000e+000  0.000000e+000 -1.000000e+000
    outer loop
      vertex  0.000000e+000 -3.013417e+000 -2.731507e+001
      vertex  5.200000e+001  3.013417e+000 -2.731507e+001
      vertex  5.200000e+001 -3.013417e+000 -2.731507e+001
    endloop
  endfacet
  facet normal  -0.000000e+000 -2.393155e-001 -9.709419e-001
    outer loop
      vertex  0.000000e+000 -3.013417e+000 -2.731507e+001
      vertex  5.200000e+001 -3.013417e+000 -2.731507e+001
      vertex  0.000000e+000 -8.865122e+000 -2.587275e+001
    endloop
  endfacet
  facet normal  0.000000e+000 -2.393155e-001 -9.709419e-001
    outer loop
      vertex  0.000000e+000 -8.865122e+000 -2.587275e+001
      vertex  5.200000e+001 -3.013417e+000 -2.731507e+001
      vertex  5.200000e+001 -8.865122e+000 -2.587275e+001
    endloop
  endfacet
  facet normal  -0.000000e+000 -4.647233e-001 -8.854560e-001
    outer loop
      vertex  0.000000e+000 -8.865122e+000 -2.587275e+001
      vertex  5.200000e+001 -8.865122e+000 -2.587275e+001
      vertex  0.000000e+000 -1.420162e+001 -2.307194e+001
    endloop
  endfacet
  facet normal  0.000000e+000 -4.647233e-001 -8.854560e-001
    outer loop
      vertex  0.000000e+000 -1.420162e+001 -2.307194e+001
      vertex  5.200000e+001 -8.865122e+000 -2.587275e+001
      vertex  5.200000e+001 -1.420162e+001 -2.307194e+001
    endloop
  endfacet
  facet normal  -0.000000e+000 -6.631227e-001 -7.485107e-001
    outer loop
      vertex  0.000000e+000 -1.420162e+001 -2.307194e+001
      vertex  5.200000e+001 -1.420162e+001 -2.307194e+001
      vertex  0.000000e+000 -1.871277e+001 -1.907541e+001
    endloop
  endfacet
  facet normal  0.000000e+000 -6.631227e-001 -7.485107e-001
    outer loop
      vertex  0.000000e+000 -1.871277e+001 -1.907541e+001
      vertex  5.200000e+001 -1.420162e+001 -2.307194e+001
      vertex  5.200000e+001 -1.871277e+001 -1.907541e+001
    endloop
  endfacet
  facet normal  -0.000000e+000 -8.229839e-001 -5.680646e-001
    outer loop
      vertex  0.000000e+000 -1.871277e+001 -1.907541e+001
      vertex  5.200000e+001 -1.871277e+001 -1.907541e+001
      vertex  0.000000e+000 -2.213640e+001 -1.411543e+001
    endloop
  endfacet
  facet normal  0.000000e+000 -8.229839e-001 -5.680646e-001
    outer loop
      vertex  0.000000e+000 -2.213640e+001 -1.411543e+001
      vertex  5.200000e+001 -1.871277e+001 -1.907541e+001
      vertex  5.200000e+001 -2.213640e+001 -1.411543e+001
    endloop
  endfacet
  facet normal  -0.000000e+000 -9.350162e-001 -3.546051e-001
    outer loop
      vertex  0.000000e+000 -2.213640e+001 -1.411543e+001
      vertex  5.200000e+001 -2.213640e+001 -1.411543e+001
      vertex  0.000000e+000 -2.427355e+001 -8.480238e+000
    endloop
  endfacet
  facet normal  0.000000e+000 -9.350162e-001 -3.546051e-001
    outer loop
      vertex  0.000000e+000 -2.427355e+001 -8.480238e+000
      vertex  5.200000e+001 -2.213640e+001 -1.411543e+001
      vertex  5.200000e+001 -2.427355e+001 -8.480238e+000
    endloop
  endfacet
  facet normal  -0.000000e+000 -9.927089e-001 -1.205365e-001
    outer loop
      vertex  0.000000e+000 -2.427355e+001 -8.480238e+000
      vertex  5.200000e+001 -2.427355e+001 -8.480238e+000
      vertex  0.000000e+000 -2.500000e+001 -2.497346e+000
    endloop
  endfacet
  facet normal  0.000000e+000 -9.927089e-001 -1.205365e-001
    outer loop
      vertex  0.000000e+000 -2.500000e+001 -2.497346e+000
      vertex  5.200000e+001 -2.427355e+001 -8.480238e+000
      vertex  5.200000e+001 -2.500000e+001 -2.497346e+000
    endloop
  endfacet
  facet normal  0.000000e+000 -9.927089e-001  1.205366e-001
    outer loop
      vertex  0.000000e+000 -2.500000e+001 -2.497346e+000
      vertex  5.200000e+001 -2.500000e+001 -2.497346e+000
      vertex  0.000000e+000 -2.427355e+001  3.485545e+000
    endloop
  endfacet
  facet normal  0.000000e+000 -9.927089e-001  1.205366e-001
    outer loop
      vertex  0.000000e+000 -2.427355e+001  3.485545e+000
      vertex  5.200000e+001 -2.500000e+001 -2.497346e+000
      vertex  5.200000e+001 -2.427355e+001  3.485545e+000
    endloop
  endfacet
  facet normal  0.000000e+000 -9.350162e-001  3.546050e-001
    outer loop
      vertex  0.000000e+000 -2.427355e+001  3.485545e+000
      vertex  5.200000e+001 -2.427355e+001  3.485545e+000
      vertex  0.000000e+000 -2.213640e+001  9.120733e+000
    endloop
  endfacet
  facet normal  0.000000e+000 -9.350162e-001  3.546050e-001
    outer loop
      vertex  0.000000e+000 -2.213640e+001  9.120733e+000
      vertex  5.200000e+001 -2.427355e+001  3.485545e+000
      vertex  5.200000e+001 -2.213640e+001  9.120733e+000
    endloop
  endfacet
  facet normal  0.000000e+000 -8.229839e-001  5.680647e-001
    outer loop
      vertex  0.000000e+000 -2.213640e+001  9.120733e+000
      vertex  5.200000e+001 -2.213640e+001  9.120733e+000
      vertex  0.000000e+000 -1.871277e+001  1.408072e+001
    endloop
  endfacet
  facet normal  0.000000e+000 -8.229839e-001  5.680647e-001
    outer loop
      vertex  0.000000e+000 -1.871277e+001  1.408072e+001
      vertex  5.200000e+001 -2.213640e+001  9.120733e+000
      vertex  5.200000e+001 -1.871277e+001  1.408072e+001
    endloop
  endfacet
  facet normal  0.000000e+000 -6.631228e-001  7.485107e-001
    outer loop
      vertex  0.000000e+000 -1.871277e+001  1.408072e+001
      vertex  5.200000e+001 -1.871277e+001  1.408072e+001
      vertex  0.000000e+000 -1.420162e+001  1.807725e+001
    endloop
  endfacet
  facet normal  0.000000e+000 -6.631228e-001  7.485107e-001
    outer loop
      vertex  0.000000e+000 -1.420162e+001  1.807725e+001
      vertex  5.200000e+001 -1.871277e+001  1.408072e+001
      vertex  5.200000e+001 -1.420162e+001  1.807725e+001
    endloop
  endfacet
  facet normal  0.000000e+000 -4.647230e-001  8.854561e-001
    outer loop
      vertex  0.000000e+000 -1.420162e+001  1.807725e+001
      vertex  5.200000e+001 -1.420162e+001  1.807725e+001
      vertex  0.000000e+000 -8.865122e+000  2.087806e+001
    endloop
  endfacet
  facet normal  0.000000e+000 -4.647230e-001  8.854561e-001
    outer loop
      vertex  0.000000e+000 -8.865122e+000  2.087806e+001
      vertex  5.200000e+001 -1.420162e+001  1.807725e+001
      vertex  5.200000e+001 -8.865122e+000  2.087806e+001
    endloop
  endfacet
  facet normal  0.000000e+000 -2.393157e-001  9.709418e-001
    outer loop
      vertex  0.000000e+000 -8.865122e+000  2.087806e+001
      vertex  5.200000e+001 -8.865122e+000  2.087806e+001
      vertex  0.000000e+000 -3.013417e+000  2.232038e+001
    endloop
  endfacet
  facet normal  0.000000e+000 -2.393157e-001  9.709418e-001
    outer loop
      vertex  0.000000e+000 -3.013417e+000  2.232038e+001
      vertex  5.200000e+001 -8.865122e+000  2.087806e+001
      vertex  5.200000e+001 -3.013417e+000  2.232038e+001
    endloop
  endfacet
  facet normal  0.000000e+000  0.000000e+000  1.000000e+000
    outer loop
      vertex  0.000000e+000 -3.013417e+000  2.232038e+001
      vertex  5.200000e+001 -3.013417e+000  2.232038e+001
      vertex  0.000000e+000  3.013417e+000  2.232038e+001
    endloop
  endfacet
  facet normal  -0.000000e+000  0.000000e+000  1.000000e+000
    outer loop
      vertex  0.000000e+000  3.013417e+000  2.232038e+001
      vertex  5.200000e+001 -3.013417e+000  2.232038e+001
      vertex  5.200000e+001  3.013417e+000  2.232038e+001
    endloop
  endfacet
  facet normal  0.000000e+000  2.393157e-001  9.709418e-001
    outer loop
      vertex  0.000000e+000  3.013417e+000  2.232038e+001
      vertex  5.200000e+001  3.013417e+000  2.232038e+001
      vertex  0.000000e+000  8.865122e+000  2.087806e+001
    endloop
  endfacet
  facet normal  -0.000000e+000  2.393157e-001  9.709418e-001
    outer loop
      vertex  0.000000e+000  8.865122e+000  2.087806e+001
      vertex  5.200000e+001  3.013417e+000  2.232038e+001
      vertex  5.200000e+001  8.865122e+000  2.087806e+001
    endloop
  endfacet
  facet normal  0.000000e+000  4.647230e-001  8.854561e-001
    outer loop
      vertex  0.000000e+000  8.865122e+000  2.087806e+001
      vertex  5.200000e+001  8.865122e+000  2.087806e+001
      vertex  0.000000e+000  1.420162e+001  1.807725e+001
    endloop
  endfacet
  facet normal  -0.000000e+000  4.647230e-001  8.854561e-001
    outer loop
      vertex  0.000000e+000  1.420162e+001  1.807725e+001
      vertex  5.200000e+001  8.865122e+000  2.087806e+001
      vertex  5.200000e+001  1.420162e+001  1.807725e+001
    endloop
  endfacet
  facet normal  0.000000e+000  6.631228e-001  7.485107e-001
    outer loop
      vertex  0.000000e+000  1.420162e+001  1.807725e+001
      vertex  5.200000e+001  1.420162e+001  1.807725e+001
      vertex  0.000000e+000  1.871277e+001  1.408072e+001
    endloop
  endfacet
  facet normal  -0.000000e+000  6.631228e-001  7.485107e-001
    outer loop
      vertex  0.000000e+000  1.871277e+001  1.408072e+001
      vertex  5.200000e+001  1.420162e+001  1.807725e+001
      vertex  5.200000e+001  1.871277e+001  1.408072e+001
    endloop
  endfacet
  facet normal  0.000000e+000  8.229839e-001  5.680647e-001
    outer loop
      vertex  0.000000e+000  1.871277e+001  1.408072e+001
      vertex  5.200000e+001  1.871277e+001  1.408072e+001
      vertex  0.000000e+000  2.213640e+001  9.120733e+000
    endloop
  endfacet
  facet normal  -0.000000e+000  8.229839e-001  5.680647e-001
    outer loop
      vertex  0.000000e+000  2.213640e+001  9.120733e+000
      vertex  5.200000e+001  1.871277e+001  1.408072e+001
      vertex  5.200000e+001  2.213640e+001  9.120733e+000
    endloop
  endfacet
  facet normal  0.000000e+000  9.350162e-001  3.546050e-001
    outer loop
      vertex  0.000000e+000  2.213640e+001  9.120733e+000
      vertex  5.200000e+001  2.213640e+001  9.120733e+000
      vertex  0.000000e+000  2.427355e+001  3.485545e+000
    endloop
  endfacet
  facet normal  -0.000000e+000  9.350162e-001  3.546050e-001
    outer loop
      vertex  0.000000e+000  2.427355e+001  3.485545e+000
      vertex  5.200000e+001  2.213640e+001  9.120733e+000
      vertex  5.200000e+001  2.427355e+001  3.485545e+000
    endloop
  endfacet
  facet normal  0.000000e+000  9.927089e-001  1.205366e-001
    outer loop
      vertex  0.000000e+000  2.427355e+001  3.485545e+000
      vertex  5.200000e+001  2.427355e+001  3.485545e+000
      vertex  0.000000e+000  2.500000e+001 -2.497346e+000
    endloop
  endfacet
  facet normal  -0.000000e+000  9.927089e-001  1.205366e-001
    outer loop
      vertex  0.000000e+000  2.500000e+001 -2.497346e+000
      vertex  5.200000e+001  2.427355e+001  3.485545e+000
      vertex  5.200000e+001  2.500000e+001 -2.497346e+000
    endloop
  endfacet
  facet normal  0.000000e+000 -1.538844e-001  9.880888e-001
    outer loop
      vertex  5.200000e+001 -8.199260e+000 -2.108679e+001
      vertex  4.200000e+001 -1.008989e+001 -2.138124e+001
      vertex  5.200000e+001 -1.008989e+001 -2.138124e+001
    endloop
  endfacet
  facet normal  0.000000e+000  5.898713e-001  8.074974e-001
    outer loop
      vertex  5.200000e+001 -1.008989e+001 -2.138124e+001
      vertex  4.200000e+001 -1.008989e+001 -2.138124e+001
      vertex  4.200000e+001 -1.163496e+001 -2.025257e+001
    endloop
  endfacet
  facet normal  -0.000000e+000  5.898713e-001  8.074974e-001
    outer loop
      vertex  5.200000e+001 -1.008989e+001 -2.138124e+001
      vertex  4.200000e+001 -1.163496e+001 -2.025257e+001
      vertex  5.200000e+001 -1.163496e+001 -2.025257e+001
    endloop
  endfacet
  facet normal  0.000000e+000 -1.538844e-001  9.880888e-001
    outer loop
      vertex  4.200000e+001 -1.008989e+001 -2.138124e+001
      vertex  5.200000e+001 -8.199260e+000 -2.108679e+001
      vertex  4.200000e+001 -8.199260e+000 -2.108679e+001
    endloop
  endfacet
  facet normal  0.000000e+000 -8.074970e-001  5.898716e-001
    outer loop
      vertex  4.200000e+001 -8.199260e+000 -2.108679e+001
      vertex  5.200000e+001 -8.199260e+000 -2.108679e+001
      vertex  5.200000e+001 -7.070590e+000 -1.954172e+001
    endloop
  endfacet
  facet normal  0.000000e+000 -8.074970e-001  5.898716e-001
    outer loop
      vertex  4.200000e+001 -8.199260e+000 -2.108679e+001
      vertex  5.200000e+001 -7.070590e+000 -1.954172e+001
      vertex  4.200000e+001 -7.070590e+000 -1.954172e+001
    endloop
  endfacet
  facet normal  0.000000e+000 -9.880888e-001 -1.538846e-001
    outer loop
      vertex  4.200000e+001 -7.070590e+000 -1.954172e+001
      vertex  5.200000e+001 -7.070590e+000 -1.954172e+001
      vertex  5.200000e+001 -7.365035e+000 -1.765109e+001
    endloop
  endfacet
  facet normal  -0.000000e+000 -9.880888e-001 -1.538846e-001
    outer loop
      vertex  4.200000e+001 -7.070590e+000 -1.954172e+001
      vertex  5.200000e+001 -7.365035e+000 -1.765109e+001
      vertex  4.200000e+001 -7.365035e+000 -1.765109e+001
    endloop
  endfacet
  facet normal  0.000000e+000  1.538844e-001 -9.880888e-001
    outer loop
      vertex  5.200000e+001 -1.080074e+001 -1.681686e+001
      vertex  4.200000e+001 -8.910114e+000 -1.652242e+001
      vertex  5.200000e+001 -8.910114e+000 -1.652242e+001
    endloop
  endfacet
  facet normal  -0.000000e+000 -5.898713e-001 -8.074974e-001
    outer loop
      vertex  5.200000e+001 -8.910114e+000 -1.652242e+001
      vertex  4.200000e+001 -8.910114e+000 -1.652242e+001
      vertex  4.200000e+001 -7.365035e+000 -1.765109e+001
    endloop
  endfacet
  facet normal  0.000000e+000 -5.898713e-001 -8.074974e-001
    outer loop
      vertex  5.200000e+001 -8.910114e+000 -1.652242e+001
      vertex  4.200000e+001 -7.365035e+000 -1.765109e+001
      vertex  5.200000e+001 -7.365035e+000 -1.765109e+001
    endloop
  endfacet
  facet normal  0.000000e+000  1.538844e-001 -9.880888e-001
    outer loop
      vertex  4.200000e+001 -8.910114e+000 -1.652242e+001
      vertex  5.200000e+001 -1.080074e+001 -1.681686e+001
      vertex  4.200000e+001 -1.080074e+001 -1.681686e+001
    endloop
  endfacet
  facet normal  0.000000e+000  8.074971e-001 -5.898715e-001
    outer loop
      vertex  4.200000e+001 -1.080074e+001 -1.681686e+001
      vertex  5.200000e+001 -1.080074e+001 -1.681686e+001
      vertex  5.200000e+001 -1.192941e+001 -1.836194e+001
    endloop
  endfacet
  facet normal  0.000000e+000  8.074971e-001 -5.898715e-001
    outer loop
      vertex  4.200000e+001 -1.080074e+001 -1.681686e+001
      vertex  5.200000e+001 -1.192941e+001 -1.836194e+001
      vertex  4.200000e+001 -1.192941e+001 -1.836194e+001
    endloop
  endfacet
  facet normal  -0.000000e+000  9.880888e-001  1.538843e-001
    outer loop
      vertex  4.200000e+001 -1.192941e+001 -1.836194e+001
      vertex  5.200000e+001 -1.192941e+001 -1.836194e+001
      vertex  5.200000e+001 -1.163496e+001 -2.025257e+001
    endloop
  endfacet
  facet normal  0.000000e+000  9.880888e-001  1.538843e-001
    outer loop
      vertex  4.200000e+001 -1.192941e+001 -1.836194e+001
      vertex  5.200000e+001 -1.163496e+001 -2.025257e+001
      vertex  4.200000e+001 -1.163496e+001 -2.025257e+001
    endloop
  endfacet
  facet normal  0.000000e+000  9.326523e-001 -3.607765e-001
    outer loop
      vertex  5.200000e+001 -1.199930e+001  1.389814e+001
      vertex  4.200000e+001 -1.130899e+001  1.568270e+001
      vertex  5.200000e+001 -1.130899e+001  1.568270e+001
    endloop
  endfacet
  facet normal  0.000000e+000  4.043770e-001 -9.145924e-001
    outer loop
      vertex  5.200000e+001 -1.130899e+001  1.568270e+001
      vertex  4.200000e+001 -1.130899e+001  1.568270e+001
      vertex  4.200000e+001 -9.558991e+000  1.645644e+001
    endloop
  endfacet
  facet normal  0.000000e+000  4.043770e-001 -9.145924e-001
    outer loop
      vertex  5.200000e+001 -1.130899e+001  1.568270e+001
      vertex  4.200000e+001 -9.558991e+000  1.645644e+001
      vertex  5.200000e+001 -9.558991e+000  1.645644e+001
    endloop
  endfacet
  facet normal  0.000000e+000  9.326523e-001 -3.607765e-001
    outer loop
      vertex  4.200000e+001 -1.130899e+001  1.568270e+001
      vertex  5.200000e+001 -1.199930e+001  1.389814e+001
      vertex  4.200000e+001 -1.199930e+001  1.389814e+001
    endloop
  endfacet
  facet normal  -0.000000e+000  9.145922e-001  4.043775e-001
    outer loop
      vertex  4.200000e+001 -1.199930e+001  1.389814e+001
      vertex  5.200000e+001 -1.199930e+001  1.389814e+001
      vertex  5.200000e+001 -1.122556e+001  1.214815e+001
    endloop
  endfacet
  facet normal  0.000000e+000  9.145922e-001  4.043775e-001
    outer loop
      vertex  4.200000e+001 -1.199930e+001  1.389814e+001
      vertex  5.200000e+001 -1.122556e+001  1.214815e+001
      vertex  4.200000e+001 -1.122556e+001  1.214815e+001
    endloop
  endfacet
  facet normal  -0.000000e+000  3.607767e-001  9.326522e-001
    outer loop
      vertex  4.200000e+001 -1.122556e+001  1.214815e+001
      vertex  5.200000e+001 -1.122556e+001  1.214815e+001
      vertex  5.200000e+001 -9.441009e+000  1.145783e+001
    endloop
  endfacet
  facet normal  0.000000e+000  3.607767e-001  9.326522e-001
    outer loop
      vertex  4.200000e+001 -1.122556e+001  1.214815e+001
      vertex  5.200000e+001 -9.441009e+000  1.145783e+001
      vertex  4.200000e+001 -9.441009e+000  1.145783e+001
    endloop
  endfacet
  facet normal  0.000000e+000 -9.326522e-001  3.607764e-001
    outer loop
      vertex  5.200000e+001 -7.000696e+000  1.401613e+001
      vertex  4.200000e+001 -7.691012e+000  1.223158e+001
      vertex  5.200000e+001 -7.691012e+000  1.223158e+001
    endloop
  endfacet
  facet normal  0.000000e+000 -4.043774e-001  9.145922e-001
    outer loop
      vertex  5.200000e+001 -7.691012e+000  1.223158e+001
      vertex  4.200000e+001 -7.691012e+000  1.223158e+001
      vertex  4.200000e+001 -9.441009e+000  1.145783e+001
    endloop
  endfacet
  facet normal  0.000000e+000 -4.043774e-001  9.145922e-001
    outer loop
      vertex  5.200000e+001 -7.691012e+000  1.223158e+001
      vertex  4.200000e+001 -9.441009e+000  1.145783e+001
      vertex  5.200000e+001 -9.441009e+000  1.145783e+001
    endloop
  endfacet
  facet normal  0.000000e+000 -9.326522e-001  3.607764e-001
    outer loop
      vertex  4.200000e+001 -7.691012e+000  1.223158e+001
      vertex  5.200000e+001 -7.000696e+000  1.401613e+001
      vertex  4.200000e+001 -7.000696e+000  1.401613e+001
    endloop
  endfacet
  facet normal  0.000000e+000 -9.145924e-001 -4.043771e-001
    outer loop
      vertex  4.200000e+001 -7.000696e+000  1.401613e+001
      vertex  5.200000e+001 -7.000696e+000  1.401613e+001
      vertex  5.200000e+001 -7.774438e+000  1.576612e+001
    endloop
  endfacet
  facet normal  -0.000000e+000 -9.145924e-001 -4.043771e-001
    outer loop
      vertex  4.200000e+001 -7.000696e+000  1.401613e+001
      vertex  5.200000e+001 -7.774438e+000  1.576612e+001
      vertex  4.200000e+001 -7.774438e+000  1.576612e+001
    endloop
  endfacet
  facet normal  0.000000e+000 -3.607762e-001 -9.326525e-001
    outer loop
      vertex  4.200000e+001 -7.774438e+000  1.576612e+001
      vertex  5.200000e+001 -7.774438e+000  1.576612e+001
      vertex  5.200000e+001 -9.558991e+000  1.645644e+001
    endloop
  endfacet
  facet normal  -0.000000e+000 -3.607762e-001 -9.326525e-001
    outer loop
      vertex  4.200000e+001 -7.774438e+000  1.576612e+001
      vertex  5.200000e+001 -9.558991e+000  1.645644e+001
      vertex  4.200000e+001 -9.558991e+000  1.645644e+001
    endloop
  endfacet
  facet normal  1.000000e+000  0.000000e+000  0.000000e+000
    outer loop
      vertex  4.200000e+001 -7.070590e+000 -1.954172e+001
      vertex  4.200000e+001 -1.008989e+001 -2.138124e+001
      vertex  4.200000e+001 -8.199260e+000 -2.108679e+001
    endloop
  endfacet
  facet normal  1.000000e+000  0.000000e+000  0.000000e+000
    outer loop
      vertex  4.200000e+001 -1.008989e+001 -2.138124e+001
      vertex  4.200000e+001 -7.070590e+000 -1.954172e+001
      vertex  4.200000e+001 -1.163496e+001 -2.025257e+001
    endloop
  endfacet
  facet normal  1.000000e+000  0.000000e+000  0.000000e+000
    outer loop
      vertex  4.200000e+001 -1.163496e+001 -2.025257e+001
      vertex  4.200000e+001 -7.070590e+000 -1.954172e+001
      vertex  4.200000e+001 -7.365035e+000 -1.765109e+001
    endloop
  endfacet
  facet normal  1.000000e+000  0.000000e+000  0.000000e+000
    outer loop
      vertex  4.200000e+001 -1.163496e+001 -2.025257e+001
      vertex  4.200000e+001 -7.365035e+000 -1.765109e+001
      vertex  4.200000e+001 -1.192941e+001 -1.836194e+001
    endloop
  endfacet
  facet normal  1.000000e+000  0.000000e+000  0.000000e+000
    outer loop
      vertex  4.200000e+001 -1.192941e+001 -1.836194e+001
      vertex  4.200000e+001 -7.365035e+000 -1.765109e+001
      vertex  4.200000e+001 -8.910114e+000 -1.652242e+001
    endloop
  endfacet
  facet normal  1.000000e+000  0.000000e+000  0.000000e+000
    outer loop
      vertex  4.200000e+001 -1.192941e+001 -1.836194e+001
      vertex  4.200000e+001 -8.910114e+000 -1.652242e+001
      vertex  4.200000e+001 -1.080074e+001 -1.681686e+001
    endloop
  endfacet
  facet normal  1.000000e+000  -0.000000e+000  0.000000e+000
    outer loop
      vertex  4.200000e+001 -7.691012e+000  1.223158e+001
      vertex  4.200000e+001 -1.122556e+001  1.214815e+001
      vertex  4.200000e+001 -9.441009e+000  1.145783e+001
    endloop
  endfacet
  facet normal  1.000000e+000  0.000000e+000  0.000000e+000
    outer loop
      vertex  4.200000e+001 -9.558991e+000  1.645644e+001
      vertex  4.200000e+001 -1.130899e+001  1.568270e+001
      vertex  4.200000e+001 -7.774438e+000  1.576612e+001
    endloop
  endfacet
  facet normal  1.000000e+000  0.000000e+000  0.000000e+000
    outer loop
      vertex  4.200000e+001 -7.774438e+000  1.576612e+001
      vertex  4.200000e+001 -1.130899e+001  1.568270e+001
      vertex  4.200000e+001 -1.199930e+001  1.389814e+001
    endloop
  endfacet
  facet normal  1.000000e+000  0.000000e+000  0.000000e+000
    outer loop
      vertex  4.200000e+001 -7.774438e+000  1.576612e+001
      vertex  4.200000e+001 -1.199930e+001  1.389814e+001
      vertex  4.200000e+001 -7.000696e+000  1.401613e+001
    endloop
  endfacet
  facet normal  1.000000e+000  0.000000e+000  0.000000e+000
    outer loop
      vertex  4.200000e+001 -7.000696e+000  1.401613e+001
      vertex  4.200000e+001 -1.199930e+001  1.389814e+001
      vertex  4.200000e+001 -1.122556e+001  1.214815e+001
    endloop
  endfacet
  facet normal  1.000000e+000  0.000000e+000  0.000000e+000
    outer loop
      vertex  4.200000e+001 -7.000696e+000  1.401613e+001
      vertex  4.200000e+001 -1.122556e+001  1.214815e+001
      vertex  4.200000e+001 -7.691012e+000  1.223158e+001
    endloop
  endfacet
  facet normal  -0.000000e+000  7.787679e-001  6.273121e-001
    outer loop
      vertex  5.200000e+001  1.780144e+001 -4.691303e+000
      vertex  4.200000e+001  1.660113e+001 -3.201195e+000
      vertex  5.200000e+001  1.660113e+001 -3.201195e+000
    endloop
  endfacet
  facet normal  0.000000e+000  9.942488e-001 -1.070953e-001
    outer loop
      vertex  5.200000e+001  1.660113e+001 -3.201195e+000
      vertex  4.200000e+001  1.660113e+001 -3.201195e+000
      vertex  4.200000e+001  1.680604e+001 -1.298782e+000
    endloop
  endfacet
  facet normal  0.000000e+000  9.942488e-001 -1.070953e-001
    outer loop
      vertex  5.200000e+001  1.660113e+001 -3.201195e+000
      vertex  4.200000e+001  1.680604e+001 -1.298782e+000
      vertex  5.200000e+001  1.680604e+001 -1.298782e+000
    endloop
  endfacet
  facet normal  0.000000e+000  7.787679e-001  6.273121e-001
    outer loop
      vertex  4.200000e+001  1.660113e+001 -3.201195e+000
      vertex  5.200000e+001  1.780144e+001 -4.691303e+000
      vertex  4.200000e+001  1.780144e+001 -4.691303e+000
    endloop
  endfacet
  facet normal  -0.000000e+000  1.070950e-001  9.942488e-001
    outer loop
      vertex  4.200000e+001  1.780144e+001 -4.691303e+000
      vertex  5.200000e+001  1.780144e+001 -4.691303e+000
      vertex  5.200000e+001  1.970385e+001 -4.896220e+000
    endloop
  endfacet
  facet normal  0.000000e+000  1.070950e-001  9.942488e-001
    outer loop
      vertex  4.200000e+001  1.780144e+001 -4.691303e+000
      vertex  5.200000e+001  1.970385e+001 -4.896220e+000
      vertex  4.200000e+001  1.970385e+001 -4.896220e+000
    endloop
  endfacet
  facet normal  0.000000e+000 -6.273121e-001  7.787679e-001
    outer loop
      vertex  4.200000e+001  1.970385e+001 -4.896220e+000
      vertex  5.200000e+001  1.970385e+001 -4.896220e+000
      vertex  5.200000e+001  2.119396e+001 -3.695910e+000
    endloop
  endfacet
  facet normal  0.000000e+000 -6.273121e-001  7.787679e-001
    outer loop
      vertex  4.200000e+001  1.970385e+001 -4.896220e+000
      vertex  5.200000e+001  2.119396e+001 -3.695910e+000
      vertex  4.200000e+001  2.119396e+001 -3.695910e+000
    endloop
  endfacet
  facet normal  0.000000e+000 -7.787678e-001 -6.273122e-001
    outer loop
      vertex  5.200000e+001  2.019856e+001 -3.033898e-001
      vertex  4.200000e+001  2.139887e+001 -1.793497e+000
      vertex  5.200000e+001  2.139887e+001 -1.793497e+000
    endloop
  endfacet
  facet normal  0.000000e+000 -9.942488e-001  1.070953e-001
    outer loop
      vertex  5.200000e+001  2.139887e+001 -1.793497e+000
      vertex  4.200000e+001  2.139887e+001 -1.793497e+000
      vertex  4.200000e+001  2.119396e+001 -3.695910e+000
    endloop
  endfacet
  facet normal  0.000000e+000 -9.942488e-001  1.070953e-001
    outer loop
      vertex  5.200000e+001  2.139887e+001 -1.793497e+000
      vertex  4.200000e+001  2.119396e+001 -3.695910e+000
      vertex  5.200000e+001  2.119396e+001 -3.695910e+000
    endloop
  endfacet
  facet normal  -0.000000e+000 -7.787678e-001 -6.273122e-001
    outer loop
      vertex  4.200000e+001  2.139887e+001 -1.793497e+000
      vertex  5.200000e+001  2.019856e+001 -3.033898e-001
      vertex  4.200000e+001  2.019856e+001 -3.033898e-001
    endloop
  endfacet
  facet normal  0.000000e+000 -1.070952e-001 -9.942488e-001
    outer loop
      vertex  4.200000e+001  2.019856e+001 -3.033898e-001
      vertex  5.200000e+001  2.019856e+001 -3.033898e-001
      vertex  5.200000e+001  1.829615e+001 -9.847209e-002
    endloop
  endfacet
  facet normal  -0.000000e+000 -1.070952e-001 -9.942488e-001
    outer loop
      vertex  4.200000e+001  2.019856e+001 -3.033898e-001
      vertex  5.200000e+001  1.829615e+001 -9.847209e-002
      vertex  4.200000e+001  1.829615e+001 -9.847209e-002
    endloop
  endfacet
  facet normal  0.000000e+000  6.273121e-001 -7.787679e-001
    outer loop
      vertex  4.200000e+001  1.829615e+001 -9.847209e-002
      vertex  5.200000e+001  1.829615e+001 -9.847209e-002
      vertex  5.200000e+001  1.680604e+001 -1.298782e+000
    endloop
  endfacet
  facet normal  0.000000e+000  6.273121e-001 -7.787679e-001
    outer loop
      vertex  4.200000e+001  1.829615e+001 -9.847209e-002
      vertex  5.200000e+001  1.680604e+001 -1.298782e+000
      vertex  4.200000e+001  1.680604e+001 -1.298782e+000
    endloop
  endfacet
  facet normal  1.000000e+000  -0.000000e+000  0.000000e+000
    outer loop
      vertex  4.200000e+001  2.119396e+001 -3.695910e+000
      vertex  4.200000e+001  1.780144e+001 -4.691303e+000
      vertex  4.200000e+001  1.970385e+001 -4.896220e+000
    endloop
  endfacet
  facet normal  1.000000e+000  0.000000e+000  0.000000e+000
    outer loop
      vertex  4.200000e+001  1.780144e+001 -4.691303e+000
      vertex  4.200000e+001  2.119396e+001 -3.695910e+000
      vertex  4.200000e+001  1.660113e+001 -3.201195e+000
    endloop
  endfacet
  facet normal  1.000000e+000  -0.000000e+000  0.000000e+000
    outer loop
      vertex  4.200000e+001  1.660113e+001 -3.201195e+000
      vertex  4.200000e+001  2.119396e+001 -3.695910e+000
      vertex  4.200000e+001  2.139887e+001 -1.793497e+000
    endloop
  endfacet
  facet normal  1.000000e+000  0.000000e+000  0.000000e+000
    outer loop
      vertex  4.200000e+001  1.660113e+001 -3.201195e+000
      vertex  4.200000e+001  2.139887e+001 -1.793497e+000
      vertex  4.200000e+001  1.680604e+001 -1.298782e+000
    endloop
  endfacet
  facet normal  9.999999e-001  -0.000000e+000  0.000000e+000
    outer loop
      vertex  4.200000e+001  1.680604e+001 -1.298782e+000
      vertex  4.200000e+001  2.139887e+001 -1.793497e+000
      vertex  4.200000e+001  2.019856e+001 -3.033898e-001
    endloop
  endfacet
  facet normal  1.000000e+000  0.000000e+000  0.000000e+000
    outer loop
      vertex  4.200000e+001  1.680604e+001 -1.298782e+000
      vertex  4.200000e+001  2.019856e+001 -3.033898e-001
      vertex  4.200000e+001  1.829615e+001 -9.847209e-002
    endloop
  endfacet
  facet normal  1.000000e+000  0.000000e+000  0.000000e+000
    outer loop
      vertex  1.200000e+001  7.597874e+000 -1.112998e+001
      vertex  1.200000e+001  1.228616e+001 -9.209304e+000
      vertex  1.200000e+001  1.009220e+001 -8.010740e+000
    endloop
  endfacet
  facet normal  9.999999e-001  -0.000000e+000  0.000000e+000
    outer loop
      vertex  1.200000e+001  1.009220e+001 -8.010740e+000
      vertex  1.200000e+001  1.228616e+001 -9.209304e+000
      vertex  1.200000e+001  1.375894e+001 -5.084166e+000
    endloop
  endfacet
  facet normal  1.000000e+000  0.000000e+000  0.000000e+000
    outer loop
      vertex  1.200000e+001  1.009220e+001 -8.010740e+000
      vertex  1.200000e+001  1.375894e+001 -5.084166e+000
      vertex  1.200000e+001  1.136926e+001 -4.226506e+000
    endloop
  endfacet
  facet normal  1.000000e+000  -0.000000e+000  0.000000e+000
    outer loop
      vertex  1.200000e+001  1.136926e+001 -4.226506e+000
      vertex  1.200000e+001  1.375894e+001 -5.084166e+000
      vertex  1.200000e+001  1.388490e+001 -7.058126e-001
    endloop
  endfacet
  facet normal  1.000000e+000  0.000000e+000  0.000000e+000
    outer loop
      vertex  1.200000e+001  1.136926e+001 -4.226506e+000
      vertex  1.200000e+001  1.388490e+001 -7.058126e-001
      vertex  1.200000e+001  1.127501e+001 -2.337100e-001
    endloop
  endfacet
  facet normal  1.000000e+000  -0.000000e+000  0.000000e+000
    outer loop
      vertex  1.200000e+001  1.127501e+001 -2.337100e-001
      vertex  1.200000e+001  1.388490e+001 -7.058126e-001
      vertex  1.200000e+001  1.265171e+001  3.497173e+000
    endloop
  endfacet
  facet normal  1.000000e+000  0.000000e+000  0.000000e+000
    outer loop
      vertex  1.200000e+001  1.127501e+001 -2.337100e-001
      vertex  1.200000e+001  1.265171e+001  3.497173e+000
      vertex  1.200000e+001  9.820839e+000  3.486058e+000
    endloop
  endfacet
  facet normal  9.999999e-001  0.000000e+000  0.000000e+000
    outer loop
      vertex  1.200000e+001  9.820839e+000  3.486058e+000
      vertex  1.200000e+001  1.265171e+001  3.497173e+000
      vertex  1.200000e+001  1.018008e+001  7.113373e+000
    endloop
  endfacet
  facet normal  1.000000e+000  0.000000e+000  0.000000e+000
    outer loop
      vertex  1.200000e+001  9.820839e+000  3.486058e+000
      vertex  1.200000e+001  1.018008e+001  7.113373e+000
      vertex  1.200000e+001  7.182125e+000  6.484139e+000
    endloop
  endfacet
  facet normal  9.999999e-001  0.000000e+000  -0.000000e+000
    outer loop
      vertex  1.200000e+001  7.182125e+000  6.484139e+000
      vertex  1.200000e+001  1.018008e+001  7.113373e+000
      vertex  1.200000e+001  6.711957e+000  9.788810e+000
    endloop
  endfacet
  facet normal  1.000000e+000  0.000000e+000  0.000000e+000
    outer loop
      vertex  1.200000e+001  7.182125e+000  6.484139e+000
      vertex  1.200000e+001  6.711957e+000  9.788810e+000
      vertex  1.200000e+001  3.677141e+000  8.398921e+000
    endloop
  endfacet
  facet normal  1.000000e+000  0.000000e+000  -0.000000e+000
    outer loop
      vertex  1.200000e+001  3.677141e+000  8.398921e+000
      vertex  1.200000e+001  6.711957e+000  9.788810e+000
      vertex  1.200000e+001  2.586820e+000  1.126159e+001
    endloop
  endfacet
  facet normal  1.000000e+000  0.000000e+000  0.000000e+000
    outer loop
      vertex  1.200000e+001  3.677141e+000  8.398921e+000
      vertex  1.200000e+001  2.586820e+000  1.126159e+001
      vertex  1.200000e+001 -2.713607e-001  8.999452e+000
    endloop
  endfacet
  facet normal  1.000000e+000  0.000000e+000  -0.000000e+000
    outer loop
      vertex  1.200000e+001 -2.713607e-001  8.999452e+000
      vertex  1.200000e+001  2.586820e+000  1.126159e+001
      vertex  1.200000e+001 -1.791533e+000  1.138755e+001
    endloop
  endfacet
  facet normal  1.000000e+000  0.000000e+000  0.000000e+000
    outer loop
      vertex  1.200000e+001 -2.713607e-001  8.999452e+000
      vertex  1.200000e+001 -1.791533e+000  1.138755e+001
      vertex  1.200000e+001 -5.994519e+000  1.015436e+001
    endloop
  endfacet
  facet normal  1.000000e+000  -0.000000e+000  0.000000e+000
    outer loop
      vertex  1.200000e+001 -4.187132e+000  8.213299e+000
      vertex  1.200000e+001 -9.610720e+000  7.682736e+000
      vertex  1.200000e+001 -7.597874e+000  6.135285e+000
    endloop
  endfacet
  facet normal  1.000000e+000  0.000000e+000  0.000000e+000
    outer loop
      vertex  1.200000e+001 -7.597874e+000  6.135285e+000
      vertex  1.200000e+001 -9.610720e+000  7.682736e+000
      vertex  1.200000e+001 -1.228616e+001  4.214612e+000
    endloop
  endfacet
  facet normal  1.000000e+000  -0.000000e+000  0.000000e+000
    outer loop
      vertex  1.200000e+001 -7.597874e+000  6.135285e+000
      vertex  1.200000e+001 -1.228616e+001  4.214612e+000
      vertex  1.200000e+001 -1.009220e+001  3.016047e+000
    endloop
  endfacet
  facet normal  9.999999e-001  0.000000e+000  0.000000e+000
    outer loop
      vertex  1.200000e+001 -1.009220e+001  3.016047e+000
      vertex  1.200000e+001 -1.228616e+001  4.214612e+000
      vertex  1.200000e+001 -1.375894e+001  8.947384e-002
    endloop
  endfacet
  facet normal  1.000000e+000  -0.000000e+000  0.000000e+000
    outer loop
      vertex  1.200000e+001 -1.009220e+001  3.016047e+000
      vertex  1.200000e+001 -1.375894e+001  8.947384e-002
      vertex  1.200000e+001 -1.136926e+001 -7.681863e-001
    endloop
  endfacet
  facet normal  1.000000e+000  0.000000e+000  0.000000e+000
    outer loop
      vertex  1.200000e+001 -1.136926e+001 -7.681863e-001
      vertex  1.200000e+001 -1.375894e+001  8.947384e-002
      vertex  1.200000e+001 -1.388490e+001 -4.288880e+000
    endloop
  endfacet
  facet normal  1.000000e+000  -0.000000e+000  0.000000e+000
    outer loop
      vertex  1.200000e+001 -1.136926e+001 -7.681863e-001
      vertex  1.200000e+001 -1.388490e+001 -4.288880e+000
      vertex  1.200000e+001 -1.127501e+001 -4.760983e+000
    endloop
  endfacet
  facet normal  1.000000e+000  0.000000e+000  0.000000e+000
    outer loop
      vertex  1.200000e+001 -1.127501e+001 -4.760983e+000
      vertex  1.200000e+001 -1.388490e+001 -4.288880e+000
      vertex  1.200000e+001 -1.265171e+001 -8.491865e+000
    endloop
  endfacet
  facet normal  9.999999e-001  0.000000e+000  0.000000e+000
    outer loop
      vertex  1.200000e+001 -1.127501e+001 -4.760983e+000
      vertex  1.200000e+001 -1.265171e+001 -8.491865e+000
      vertex  1.200000e+001 -9.820839e+000 -8.480750e+000
    endloop
  endfacet
  facet normal  1.000000e+000  0.000000e+000  0.000000e+000
    outer loop
      vertex  1.200000e+001 -9.820839e+000 -8.480750e+000
      vertex  1.200000e+001 -1.265171e+001 -8.491865e+000
      vertex  1.200000e+001 -1.018008e+001 -1.210807e+001
    endloop
  endfacet
  facet normal  1.000000e+000  0.000000e+000  0.000000e+000
    outer loop
      vertex  1.200000e+001 -9.820839e+000 -8.480750e+000
      vertex  1.200000e+001 -1.018008e+001 -1.210807e+001
      vertex  1.200000e+001 -7.182125e+000 -1.147883e+001
    endloop
  endfacet
  facet normal  1.000000e+000  0.000000e+000  0.000000e+000
    outer loop
      vertex  1.200000e+001 -7.182125e+000 -1.147883e+001
      vertex  1.200000e+001 -1.018008e+001 -1.210807e+001
      vertex  1.200000e+001 -6.711957e+000 -1.478350e+001
    endloop
  endfacet
  facet normal  1.000000e+000  0.000000e+000  -0.000000e+000
    outer loop
      vertex  1.200000e+001 -7.182125e+000 -1.147883e+001
      vertex  1.200000e+001 -6.711957e+000 -1.478350e+001
      vertex  1.200000e+001 -3.677141e+000 -1.339361e+001
    endloop
  endfacet
  facet normal  1.000000e+000  0.000000e+000  0.000000e+000
    outer loop
      vertex  1.200000e+001 -3.677141e+000 -1.339361e+001
      vertex  1.200000e+001 -6.711957e+000 -1.478350e+001
      vertex  1.200000e+001 -2.586820e+000 -1.625628e+001
    endloop
  endfacet
  facet normal  9.999999e-001  0.000000e+000  -0.000000e+000
    outer loop
      vertex  1.200000e+001 -3.677141e+000 -1.339361e+001
      vertex  1.200000e+001 -2.586820e+000 -1.625628e+001
      vertex  1.200000e+001  2.713607e-001 -1.399414e+001
    endloop
  endfacet
  facet normal  1.000000e+000  0.000000e+000  0.000000e+000
    outer loop
      vertex  1.200000e+001  2.713607e-001 -1.399414e+001
      vertex  1.200000e+001 -2.586820e+000 -1.625628e+001
      vertex  1.200000e+001  1.791533e+000 -1.638224e+001
    endloop
  endfacet
  facet normal  1.000000e+000  0.000000e+000  -0.000000e+000
    outer loop
      vertex  1.200000e+001  2.713607e-001 -1.399414e+001
      vertex  1.200000e+001  1.791533e+000 -1.638224e+001
      vertex  1.200000e+001  5.994519e+000 -1.514906e+001
    endloop
  endfacet
  facet normal  1.000000e+000  0.000000e+000  0.000000e+000
    outer loop
      vertex  1.200000e+001 -5.994519e+000  1.015436e+001
      vertex  1.200000e+001 -9.610720e+000  7.682736e+000
      vertex  1.200000e+001 -2.713607e-001  8.999452e+000
    endloop
  endfacet
  facet normal  1.000000e+000  0.000000e+000  0.000000e+000
    outer loop
      vertex  1.200000e+001 -2.713607e-001  8.999452e+000
      vertex  1.200000e+001 -9.610720e+000  7.682736e+000
      vertex  1.200000e+001 -4.187132e+000  8.213299e+000
    endloop
  endfacet
  facet normal  1.000000e+000  0.000000e+000  0.000000e+000
    outer loop
      vertex  1.200000e+001  5.994519e+000 -1.514906e+001
      vertex  1.200000e+001  9.610720e+000 -1.267743e+001
      vertex  1.200000e+001  2.713607e-001 -1.399414e+001
    endloop
  endfacet
  facet normal  1.000000e+000  0.000000e+000  0.000000e+000
    outer loop
      vertex  1.200000e+001  2.713607e-001 -1.399414e+001
      vertex  1.200000e+001  9.610720e+000 -1.267743e+001
      vertex  1.200000e+001  4.187132e+000 -1.320799e+001
    endloop
  endfacet
  facet normal  1.000000e+000  0.000000e+000  0.000000e+000
    outer loop
      vertex  1.200000e+001  9.610720e+000 -1.267743e+001
      vertex  1.200000e+001  1.228616e+001 -9.209304e+000
      vertex  1.200000e+001  4.187132e+000 -1.320799e+001
    endloop
  endfacet
  facet normal  1.000000e+000  0.000000e+000  0.000000e+000
    outer loop
      vertex  1.200000e+001  4.187132e+000 -1.320799e+001
      vertex  1.200000e+001  1.228616e+001 -9.209304e+000
      vertex  1.200000e+001  7.597874e+000 -1.112998e+001
    endloop
  endfacet
  facet normal  -0.000000e+000  6.108071e-001  7.917795e-001
    outer loop
      vertex  5.200000e+001 -6.711957e+000 -1.478350e+001
      vertex  1.200000e+001 -1.018008e+001 -1.210807e+001
      vertex  5.200000e+001 -1.018008e+001 -1.210807e+001
    endloop
  endfacet
  facet normal  0.000000e+000  8.255855e-001  5.642771e-001
    outer loop
      vertex  5.200000e+001 -1.018008e+001 -1.210807e+001
      vertex  1.200000e+001 -1.018008e+001 -1.210807e+001
      vertex  1.200000e+001 -1.265171e+001 -8.491865e+000
    endloop
  endfacet
  facet normal  -0.000000e+000  8.255855e-001  5.642771e-001
    outer loop
      vertex  5.200000e+001 -1.018008e+001 -1.210807e+001
      vertex  1.200000e+001 -1.265171e+001 -8.491865e+000
      vertex  5.200000e+001 -1.265171e+001 -8.491865e+000
    endloop
  endfacet
  facet normal  0.000000e+000  9.595496e-001  2.815396e-001
    outer loop
      vertex  5.200000e+001 -1.265171e+001 -8.491865e+000
      vertex  1.200000e+001 -1.265171e+001 -8.491865e+000
      vertex  1.200000e+001 -1.388490e+001 -4.288880e+000
    endloop
  endfacet
  facet normal  -0.000000e+000  9.595496e-001  2.815396e-001
    outer loop
      vertex  5.200000e+001 -1.265171e+001 -8.491865e+000
      vertex  1.200000e+001 -1.388490e+001 -4.288880e+000
      vertex  5.200000e+001 -1.388490e+001 -4.288880e+000
    endloop
  endfacet
  facet normal  0.000000e+000  9.995864e-001 -2.875699e-002
    outer loop
      vertex  5.200000e+001 -1.388490e+001 -4.288880e+000
      vertex  1.200000e+001 -1.388490e+001 -4.288880e+000
      vertex  1.200000e+001 -1.375894e+001  8.947384e-002
    endloop
  endfacet
  facet normal  0.000000e+000  9.995864e-001 -2.875699e-002
    outer loop
      vertex  5.200000e+001 -1.388490e+001 -4.288880e+000
      vertex  1.200000e+001 -1.375894e+001  8.947384e-002
      vertex  5.200000e+001 -1.375894e+001  8.947384e-002
    endloop
  endfacet
  facet normal  0.000000e+000  9.417767e-001 -3.362389e-001
    outer loop
      vertex  5.200000e+001 -1.375894e+001  8.947384e-002
      vertex  1.200000e+001 -1.375894e+001  8.947384e-002
      vertex  1.200000e+001 -1.228616e+001  4.214612e+000
    endloop
  endfacet
  facet normal  0.000000e+000  9.417767e-001 -3.362389e-001
    outer loop
      vertex  5.200000e+001 -1.375894e+001  8.947384e-002
      vertex  1.200000e+001 -1.228616e+001  4.214612e+000
      vertex  5.200000e+001 -1.228616e+001  4.214612e+000
    endloop
  endfacet
  facet normal  0.000000e+000  6.108071e-001  7.917795e-001
    outer loop
      vertex  1.200000e+001 -1.018008e+001 -1.210807e+001
      vertex  5.200000e+001 -6.711957e+000 -1.478350e+001
      vertex  1.200000e+001 -6.711957e+000 -1.478350e+001
    endloop
  endfacet
  facet normal  -0.000000e+000  3.362388e-001  9.417768e-001
    outer loop
      vertex  1.200000e+001 -6.711957e+000 -1.478350e+001
      vertex  5.200000e+001 -6.711957e+000 -1.478350e+001
      vertex  5.200000e+001 -2.586820e+000 -1.625628e+001
    endloop
  endfacet
  facet normal  0.000000e+000  3.362388e-001  9.417768e-001
    outer loop
      vertex  1.200000e+001 -6.711957e+000 -1.478350e+001
      vertex  5.200000e+001 -2.586820e+000 -1.625628e+001
      vertex  1.200000e+001 -2.586820e+000 -1.625628e+001
    endloop
  endfacet
  facet normal  -0.000000e+000  2.875721e-002  9.995864e-001
    outer loop
      vertex  1.200000e+001 -2.586820e+000 -1.625628e+001
      vertex  5.200000e+001 -2.586820e+000 -1.625628e+001
      vertex  5.200000e+001  1.791533e+000 -1.638224e+001
    endloop
  endfacet
  facet normal  0.000000e+000  2.875721e-002  9.995864e-001
    outer loop
      vertex  1.200000e+001 -2.586820e+000 -1.625628e+001
      vertex  5.200000e+001  1.791533e+000 -1.638224e+001
      vertex  1.200000e+001  1.791533e+000 -1.638224e+001
    endloop
  endfacet
  facet normal  0.000000e+000 -2.815393e-001  9.595497e-001
    outer loop
      vertex  1.200000e+001  1.791533e+000 -1.638224e+001
      vertex  5.200000e+001  1.791533e+000 -1.638224e+001
      vertex  5.200000e+001  5.994519e+000 -1.514906e+001
    endloop
  endfacet
  facet normal  0.000000e+000 -2.815393e-001  9.595497e-001
    outer loop
      vertex  1.200000e+001  1.791533e+000 -1.638224e+001
      vertex  5.200000e+001  5.994519e+000 -1.514906e+001
      vertex  1.200000e+001  5.994519e+000 -1.514906e+001
    endloop
  endfacet
  facet normal  0.000000e+000 -5.642772e-001  8.255854e-001
    outer loop
      vertex  1.200000e+001  5.994519e+000 -1.514906e+001
      vertex  5.200000e+001  5.994519e+000 -1.514906e+001
      vertex  5.200000e+001  9.610720e+000 -1.267743e+001
    endloop
  endfacet
  facet normal  0.000000e+000 -5.642772e-001  8.255854e-001
    outer loop
      vertex  1.200000e+001  5.994519e+000 -1.514906e+001
      vertex  5.200000e+001  9.610720e+000 -1.267743e+001
      vertex  1.200000e+001  9.610720e+000 -1.267743e+001
    endloop
  endfacet
  facet normal  0.000000e+000 -7.917794e-001  6.108071e-001
    outer loop
      vertex  1.200000e+001  9.610720e+000 -1.267743e+001
      vertex  5.200000e+001  9.610720e+000 -1.267743e+001
      vertex  5.200000e+001  1.228616e+001 -9.209304e+000
    endloop
  endfacet
  facet normal  0.000000e+000 -7.917794e-001  6.108071e-001
    outer loop
      vertex  1.200000e+001  9.610720e+000 -1.267743e+001
      vertex  5.200000e+001  1.228616e+001 -9.209304e+000
      vertex  1.200000e+001  1.228616e+001 -9.209304e+000
    endloop
  endfacet
  facet normal  0.000000e+000 -6.108072e-001 -7.917794e-001
    outer loop
      vertex  5.200000e+001  6.711957e+000  9.788810e+000
      vertex  1.200000e+001  1.018008e+001  7.113373e+000
      vertex  5.200000e+001  1.018008e+001  7.113373e+000
    endloop
  endfacet
  facet normal  -0.000000e+000 -8.255855e-001 -5.642771e-001
    outer loop
      vertex  5.200000e+001  1.018008e+001  7.113373e+000
      vertex  1.200000e+001  1.018008e+001  7.113373e+000
      vertex  1.200000e+001  1.265171e+001  3.497173e+000
    endloop
  endfacet
  facet normal  0.000000e+000 -8.255855e-001 -5.642771e-001
    outer loop
      vertex  5.200000e+001  1.018008e+001  7.113373e+000
      vertex  1.200000e+001  1.265171e+001  3.497173e+000
      vertex  5.200000e+001  1.265171e+001  3.497173e+000
    endloop
  endfacet
  facet normal  -0.000000e+000 -9.595497e-001 -2.815395e-001
    outer loop
      vertex  5.200000e+001  1.265171e+001  3.497173e+000
      vertex  1.200000e+001  1.265171e+001  3.497173e+000
      vertex  1.200000e+001  1.388490e+001 -7.058126e-001
    endloop
  endfacet
  facet normal  0.000000e+000 -9.595497e-001 -2.815395e-001
    outer loop
      vertex  5.200000e+001  1.265171e+001  3.497173e+000
      vertex  1.200000e+001  1.388490e+001 -7.058126e-001
      vertex  5.200000e+001  1.388490e+001 -7.058126e-001
    endloop
  endfacet
  facet normal  0.000000e+000 -9.995864e-001  2.875699e-002
    outer loop
      vertex  5.200000e+001  1.388490e+001 -7.058126e-001
      vertex  1.200000e+001  1.388490e+001 -7.058126e-001
      vertex  1.200000e+001  1.375894e+001 -5.084166e+000
    endloop
  endfacet
  facet normal  0.000000e+000 -9.995864e-001  2.875699e-002
    outer loop
      vertex  5.200000e+001  1.388490e+001 -7.058126e-001
      vertex  1.200000e+001  1.375894e+001 -5.084166e+000
      vertex  5.200000e+001  1.375894e+001 -5.084166e+000
    endloop
  endfacet
  facet normal  0.000000e+000 -9.417767e-001  3.362389e-001
    outer loop
      vertex  5.200000e+001  1.375894e+001 -5.084166e+000
      vertex  1.200000e+001  1.375894e+001 -5.084166e+000
      vertex  1.200000e+001  1.228616e+001 -9.209304e+000
    endloop
  endfacet
  facet normal  0.000000e+000 -9.417767e-001  3.362389e-001
    outer loop
      vertex  5.200000e+001  1.375894e+001 -5.084166e+000
      vertex  1.200000e+001  1.228616e+001 -9.209304e+000
      vertex  5.200000e+001  1.228616e+001 -9.209304e+000
    endloop
  endfacet
  facet normal  -0.000000e+000 -6.108072e-001 -7.917794e-001
    outer loop
      vertex  1.200000e+001  1.018008e+001  7.113373e+000
      vertex  5.200000e+001  6.711957e+000  9.788810e+000
      vertex  1.200000e+001  6.711957e+000  9.788810e+000
    endloop
  endfacet
  facet normal  0.000000e+000 -3.362388e-001 -9.417768e-001
    outer loop
      vertex  1.200000e+001  6.711957e+000  9.788810e+000
      vertex  5.200000e+001  6.711957e+000  9.788810e+000
      vertex  5.200000e+001  2.586820e+000  1.126159e+001
    endloop
  endfacet
  facet normal  -0.000000e+000 -3.362388e-001 -9.417768e-001
    outer loop
      vertex  1.200000e+001  6.711957e+000  9.788810e+000
      vertex  5.200000e+001  2.586820e+000  1.126159e+001
      vertex  1.200000e+001  2.586820e+000  1.126159e+001
    endloop
  endfacet
  facet normal  0.000000e+000 -2.875721e-002 -9.995864e-001
    outer loop
      vertex  1.200000e+001  2.586820e+000  1.126159e+001
      vertex  5.200000e+001  2.586820e+000  1.126159e+001
      vertex  5.200000e+001 -1.791533e+000  1.138755e+001
    endloop
  endfacet
  facet normal  -0.000000e+000 -2.875721e-002 -9.995864e-001
    outer loop
      vertex  1.200000e+001  2.586820e+000  1.126159e+001
      vertex  5.200000e+001 -1.791533e+000  1.138755e+001
      vertex  1.200000e+001 -1.791533e+000  1.138755e+001
    endloop
  endfacet
  facet normal  0.000000e+000  2.815395e-001 -9.595497e-001
    outer loop
      vertex  1.200000e+001 -1.791533e+000  1.138755e+001
      vertex  5.200000e+001 -1.791533e+000  1.138755e+001
      vertex  5.200000e+001 -5.994519e+000  1.015436e+001
    endloop
  endfacet
  facet normal  0.000000e+000  2.815395e-001 -9.595497e-001
    outer loop
      vertex  1.200000e+001 -1.791533e+000  1.138755e+001
      vertex  5.200000e+001 -5.994519e+000  1.015436e+001
      vertex  1.200000e+001 -5.994519e+000  1.015436e+001
    endloop
  endfacet
  facet normal  0.000000e+000  5.642771e-001 -8.255855e-001
    outer loop
      vertex  1.200000e+001 -5.994519e+000  1.015436e+001
      vertex  5.200000e+001 -5.994519e+000  1.015436e+001
      vertex  5.200000e+001 -9.610720e+000  7.682736e+000
    endloop
  endfacet
  facet normal  0.000000e+000  5.642771e-001 -8.255855e-001
    outer loop
      vertex  1.200000e+001 -5.994519e+000  1.015436e+001
      vertex  5.200000e+001 -9.610720e+000  7.682736e+000
      vertex  1.200000e+001 -9.610720e+000  7.682736e+000
    endloop
  endfacet
  facet normal  0.000000e+000  7.917794e-001 -6.108071e-001
    outer loop
      vertex  1.200000e+001 -9.610720e+000  7.682736e+000
      vertex  5.200000e+001 -9.610720e+000  7.682736e+000
      vertex  5.200000e+001 -1.228616e+001  4.214612e+000
    endloop
  endfacet
  facet normal  0.000000e+000  7.917794e-001 -6.108071e-001
    outer loop
      vertex  1.200000e+001 -9.610720e+000  7.682736e+000
      vertex  5.200000e+001 -1.228616e+001  4.214612e+000
      vertex  1.200000e+001 -1.228616e+001  4.214612e+000
    endloop
  endfacet
endsolid CATIA STL
