solid CATIA STL
  facet normal -1.000000e+000  0.000000e+000  0.000000e+000
    outer loop
      vertex -4.750000e+000 -3.665720e+000  2.000000e+001
      vertex -4.750000e+000 -3.665720e+000  2.250000e+001
      vertex -4.750000e+000 -8.881784e-016  2.000000e+001
    endloop
  endfacet
  facet normal -1.000000e+000  -0.000000e+000  -0.000000e+000
    outer loop
      vertex -4.750000e+000 -4.600000e+000  3.750000e+001
      vertex -4.750000e+000  4.600000e+000  3.750000e+001
      vertex -4.750000e+000  5.141741e+000  2.250000e+001
    endloop
  endfacet
  facet normal -1.000000e+000  0.000000e+000  0.000000e+000
    outer loop
      vertex -4.750000e+000 -4.600000e+000  3.750000e+001
      vertex -4.750000e+000  5.141741e+000  2.250000e+001
      vertex -4.750000e+000  3.665720e+000  2.250000e+001
    endloop
  endfacet
  facet normal -1.000000e+000  -0.000000e+000  -0.000000e+000
    outer loop
      vertex -4.750000e+000 -4.600000e+000  3.750000e+001
      vertex -4.750000e+000  3.665720e+000  2.250000e+001
      vertex -4.750000e+000  3.665720e+000  2.000000e+001
    endloop
  endfacet
  facet normal -1.000000e+000  0.000000e+000  0.000000e+000
    outer loop
      vertex -4.750000e+000 -4.600000e+000  3.750000e+001
      vertex -4.750000e+000  3.665720e+000  2.000000e+001
      vertex -4.750000e+000 -8.881784e-016  2.000000e+001
    endloop
  endfacet
  facet normal -9.999999e-001  0.000000e+000  0.000000e+000
    outer loop
      vertex -4.750000e+000 -4.600000e+000  3.750000e+001
      vertex -4.750000e+000 -8.881784e-016  2.000000e+001
      vertex -4.750000e+000 -3.665720e+000  2.250000e+001
    endloop
  endfacet
  facet normal -1.000000e+000  0.000000e+000  0.000000e+000
    outer loop
      vertex -4.750000e+000 -4.600000e+000  3.750000e+001
      vertex -4.750000e+000 -3.665720e+000  2.250000e+001
      vertex -4.750000e+000 -5.141741e+000  2.250000e+001
    endloop
  endfacet
  facet normal -1.000000e+000  0.000000e+000  0.000000e+000
    outer loop
      vertex -4.750000e+000 -4.600000e+000  3.750000e+001
      vertex -4.750000e+000 -5.141741e+000  2.250000e+001
      vertex -4.750000e+000 -5.141741e+000  6.000000e+001
    endloop
  endfacet
  facet normal -1.000000e+000  0.000000e+000  0.000000e+000
    outer loop
      vertex -4.750000e+000 -4.600000e+000  3.750000e+001
      vertex -4.750000e+000 -5.141741e+000  6.000000e+001
      vertex -4.750000e+000 -4.600000e+000  5.250000e+001
    endloop
  endfacet
  facet normal -9.999999e-001  0.000000e+000  0.000000e+000
    outer loop
      vertex -4.750000e+000  5.141741e+000  2.250000e+001
      vertex -4.750000e+000  4.600000e+000  3.750000e+001
      vertex -4.750000e+000  5.141741e+000  6.000000e+001
    endloop
  endfacet
  facet normal -1.000000e+000  0.000000e+000  0.000000e+000
    outer loop
      vertex -4.750000e+000  5.141741e+000  6.000000e+001
      vertex -4.750000e+000  4.600000e+000  3.750000e+001
      vertex -4.750000e+000  4.600000e+000  5.250000e+001
    endloop
  endfacet
  facet normal -1.000000e+000  0.000000e+000  0.000000e+000
    outer loop
      vertex -4.750000e+000  5.141741e+000  6.000000e+001
      vertex -4.750000e+000  4.600000e+000  5.250000e+001
      vertex -4.750000e+000 -5.141741e+000  6.000000e+001
    endloop
  endfacet
  facet normal -1.000000e+000  0.000000e+000  0.000000e+000
    outer loop
      vertex -4.750000e+000 -5.141741e+000  6.000000e+001
      vertex -4.750000e+000  4.600000e+000  5.250000e+001
      vertex -4.750000e+000 -4.600000e+000  5.250000e+001
    endloop
  endfacet
  facet normal  0.000000e+000  0.000000e+000  1.000000e+000
    outer loop
      vertex -1.776357e-015  4.041452e+000  6.000000e+001
      vertex -4.750000e+000  5.141741e+000  6.000000e+001
      vertex -3.500000e+000  2.020726e+000  6.000000e+001
    endloop
  endfacet
  facet normal  0.000000e+000  -0.000000e+000  1.000000e+000
    outer loop
      vertex -4.750000e+000 -5.141741e+000  6.000000e+001
      vertex -3.355979e+000 -6.143078e+000  6.000000e+001
      vertex -1.332268e-015 -4.041452e+000  6.000000e+001
    endloop
  endfacet
  facet normal  0.000000e+000  0.000000e+000  1.000000e+000
    outer loop
      vertex -4.750000e+000 -5.141741e+000  6.000000e+001
      vertex -1.332268e-015 -4.041452e+000  6.000000e+001
      vertex -3.500000e+000 -2.020726e+000  6.000000e+001
    endloop
  endfacet
  facet normal  0.000000e+000  -0.000000e+000  9.999999e-001
    outer loop
      vertex -4.750000e+000 -5.141741e+000  6.000000e+001
      vertex -3.500000e+000 -2.020726e+000  6.000000e+001
      vertex -3.500000e+000  2.020726e+000  6.000000e+001
    endloop
  endfacet
  facet normal  0.000000e+000  0.000000e+000  9.999999e-001
    outer loop
      vertex -4.750000e+000 -5.141741e+000  6.000000e+001
      vertex -3.500000e+000  2.020726e+000  6.000000e+001
      vertex -4.750000e+000  5.141741e+000  6.000000e+001
    endloop
  endfacet
  facet normal  0.000000e+000  0.000000e+000  1.000000e+000
    outer loop
      vertex  3.355979e+000  6.143078e+000  6.000000e+001
      vertex  5.923866e-001  6.974889e+000  6.000000e+001
      vertex  5.689014e+000  4.078618e+000  6.000000e+001
    endloop
  endfacet
  facet normal  0.000000e+000  0.000000e+000  1.000000e+000
    outer loop
      vertex  5.689014e+000  4.078618e+000  6.000000e+001
      vertex  5.923866e-001  6.974889e+000  6.000000e+001
      vertex -1.776357e-015  4.041452e+000  6.000000e+001
    endloop
  endfacet
  facet normal  -0.000000e+000  0.000000e+000  1.000000e+000
    outer loop
      vertex  5.923866e-001  6.974889e+000  6.000000e+001
      vertex -2.271904e+000  6.621061e+000  6.000000e+001
      vertex -1.776357e-015  4.041452e+000  6.000000e+001
    endloop
  endfacet
  facet normal  0.000000e+000  0.000000e+000  1.000000e+000
    outer loop
      vertex -1.776357e-015  4.041452e+000  6.000000e+001
      vertex -2.271904e+000  6.621061e+000  6.000000e+001
      vertex -4.750000e+000  5.141741e+000  6.000000e+001
    endloop
  endfacet
  facet normal  0.000000e+000  0.000000e+000  1.000000e+000
    outer loop
      vertex  5.242282e+000 -4.638801e+000  6.000000e+001
      vertex -1.332268e-015 -4.041452e+000  6.000000e+001
      vertex  2.710433e+000 -6.453956e+000  6.000000e+001
    endloop
  endfacet
  facet normal  0.000000e+000  0.000000e+000  1.000000e+000
    outer loop
      vertex  2.710433e+000 -6.453956e+000  6.000000e+001
      vertex -1.332268e-015 -4.041452e+000  6.000000e+001
      vertex -3.355979e+000 -6.143078e+000  6.000000e+001
    endloop
  endfacet
  facet normal  0.000000e+000  0.000000e+000  1.000000e+000
    outer loop
      vertex  2.710433e+000 -6.453956e+000  6.000000e+001
      vertex -3.355979e+000 -6.143078e+000  6.000000e+001
      vertex -3.582508e-001 -6.990827e+000  6.000000e+001
    endloop
  endfacet
  facet normal  -0.000000e+000  0.000000e+000  1.000000e+000
    outer loop
      vertex  6.735834e+000 -1.904874e+000  6.000000e+001
      vertex -1.332268e-015 -4.041452e+000  6.000000e+001
      vertex  5.242282e+000 -4.638801e+000  6.000000e+001
    endloop
  endfacet
  facet normal  0.000000e+000  0.000000e+000  1.000000e+000
    outer loop
      vertex -1.332268e-015 -4.041452e+000  6.000000e+001
      vertex  6.735834e+000 -1.904874e+000  6.000000e+001
      vertex  3.500000e+000 -2.020726e+000  6.000000e+001
    endloop
  endfacet
  facet normal  0.000000e+000  0.000000e+000  1.000000e+000
    outer loop
      vertex  3.500000e+000 -2.020726e+000  6.000000e+001
      vertex  6.735834e+000 -1.904874e+000  6.000000e+001
      vertex  6.895270e+000  1.206337e+000  6.000000e+001
    endloop
  endfacet
  facet normal  0.000000e+000  0.000000e+000  9.999999e-001
    outer loop
      vertex  3.500000e+000 -2.020726e+000  6.000000e+001
      vertex  6.895270e+000  1.206337e+000  6.000000e+001
      vertex  3.500000e+000  2.020726e+000  6.000000e+001
    endloop
  endfacet
  facet normal  -0.000000e+000  0.000000e+000  1.000000e+000
    outer loop
      vertex  3.500000e+000  2.020726e+000  6.000000e+001
      vertex  6.895270e+000  1.206337e+000  6.000000e+001
      vertex  5.689014e+000  4.078618e+000  6.000000e+001
    endloop
  endfacet
  facet normal  0.000000e+000  0.000000e+000  9.999999e-001
    outer loop
      vertex  3.500000e+000  2.020726e+000  6.000000e+001
      vertex  5.689014e+000  4.078618e+000  6.000000e+001
      vertex -1.776357e-015  4.041452e+000  6.000000e+001
    endloop
  endfacet
  facet normal  2.882168e-001  9.575652e-001  -0.000000e+000
    outer loop
      vertex  3.355979e+000  6.143078e+000  6.000000e+001
      vertex  3.355979e+000  6.143078e+000  2.250000e+001
      vertex  5.923866e-001  6.974889e+000  6.000000e+001
    endloop
  endfacet
  facet normal  2.882168e-001  9.575652e-001  0.000000e+000
    outer loop
      vertex  5.923866e-001  6.974889e+000  6.000000e+001
      vertex  3.355979e+000  6.143078e+000  2.250000e+001
      vertex  5.923866e-001  6.974889e+000  2.250000e+001
    endloop
  endfacet
  facet normal -1.225989e-001  9.924563e-001  0.000000e+000
    outer loop
      vertex  5.923866e-001  6.974889e+000  6.000000e+001
      vertex  5.923866e-001  6.974889e+000  2.250000e+001
      vertex -2.271904e+000  6.621061e+000  6.000000e+001
    endloop
  endfacet
  facet normal -1.225989e-001  9.924563e-001  0.000000e+000
    outer loop
      vertex -2.271904e+000  6.621061e+000  6.000000e+001
      vertex  5.923866e-001  6.974889e+000  2.250000e+001
      vertex -2.271904e+000  6.621061e+000  2.250000e+001
    endloop
  endfacet
  facet normal -5.125741e-001  8.586430e-001  0.000000e+000
    outer loop
      vertex -2.271904e+000  6.621061e+000  6.000000e+001
      vertex -2.271904e+000  6.621061e+000  2.250000e+001
      vertex -4.750000e+000  5.141741e+000  6.000000e+001
    endloop
  endfacet
  facet normal -5.125741e-001  8.586430e-001  0.000000e+000
    outer loop
      vertex -4.750000e+000  5.141741e+000  6.000000e+001
      vertex -2.271904e+000  6.621061e+000  2.250000e+001
      vertex -4.750000e+000  5.141741e+000  2.250000e+001
    endloop
  endfacet
  facet normal -5.833995e-001 -8.121853e-001  -0.000000e+000
    outer loop
      vertex -3.355979e+000 -6.143078e+000  2.250000e+001
      vertex -3.355979e+000 -6.143078e+000  6.000000e+001
      vertex -4.750000e+000 -5.141741e+000  2.250000e+001
    endloop
  endfacet
  facet normal -5.833995e-001 -8.121853e-001  0.000000e+000
    outer loop
      vertex -4.750000e+000 -5.141741e+000  2.250000e+001
      vertex -3.355979e+000 -6.143078e+000  6.000000e+001
      vertex -4.750000e+000 -5.141741e+000  6.000000e+001
    endloop
  endfacet
  facet normal  0.000000e+000  0.000000e+000 -1.000000e+000
    outer loop
      vertex  2.710433e+000 -6.453956e+000  2.250000e+001
      vertex -3.070721e-001 -5.992137e+000  2.250000e+001
      vertex  2.323228e+000 -5.531962e+000  2.250000e+001
    endloop
  endfacet
  facet normal  0.000000e+000  0.000000e+000 -1.000000e+000
    outer loop
      vertex  2.710433e+000 -6.453956e+000  2.250000e+001
      vertex -3.582508e-001 -6.990827e+000  2.250000e+001
      vertex -3.070721e-001 -5.992137e+000  2.250000e+001
    endloop
  endfacet
  facet normal  0.000000e+000  0.000000e+000 -1.000000e+000
    outer loop
      vertex -3.070721e-001 -5.992137e+000  2.250000e+001
      vertex -3.582508e-001 -6.990827e+000  2.250000e+001
      vertex -3.355979e+000 -6.143078e+000  2.250000e+001
    endloop
  endfacet
  facet normal  0.000000e+000  0.000000e+000 -1.000000e+000
    outer loop
      vertex -3.070721e-001 -5.992137e+000  2.250000e+001
      vertex -3.355979e+000 -6.143078e+000  2.250000e+001
      vertex -2.876553e+000 -5.265495e+000  2.250000e+001
    endloop
  endfacet
  facet normal  -0.000000e+000  0.000000e+000 -1.000000e+000
    outer loop
      vertex -2.876553e+000 -5.265495e+000  2.250000e+001
      vertex -3.355979e+000 -6.143078e+000  2.250000e+001
      vertex -4.750000e+000 -5.141741e+000  2.250000e+001
    endloop
  endfacet
  facet normal  0.000000e+000  0.000000e+000 -1.000000e+000
    outer loop
      vertex -2.876553e+000 -5.265495e+000  2.250000e+001
      vertex -4.750000e+000 -5.141741e+000  2.250000e+001
      vertex -4.750000e+000 -3.665720e+000  2.250000e+001
    endloop
  endfacet
  facet normal  0.000000e+000  0.000000e+000 -1.000000e+000
    outer loop
      vertex  2.710433e+000 -6.453956e+000  2.250000e+001
      vertex  2.323228e+000 -5.531962e+000  2.250000e+001
      vertex  5.242282e+000 -4.638801e+000  2.250000e+001
    endloop
  endfacet
  facet normal  -0.000000e+000  0.000000e+000 -1.000000e+000
    outer loop
      vertex  5.242282e+000 -4.638801e+000  2.250000e+001
      vertex  2.323228e+000 -5.531962e+000  2.250000e+001
      vertex  4.493385e+000 -3.976115e+000  2.250000e+001
    endloop
  endfacet
  facet normal  0.000000e+000  0.000000e+000 -1.000000e+000
    outer loop
      vertex  5.242282e+000 -4.638801e+000  2.250000e+001
      vertex  4.493385e+000 -3.976115e+000  2.250000e+001
      vertex  6.735834e+000 -1.904874e+000  2.250000e+001
    endloop
  endfacet
  facet normal  -0.000000e+000  0.000000e+000 -1.000000e+000
    outer loop
      vertex  6.735834e+000 -1.904874e+000  2.250000e+001
      vertex  4.493385e+000 -3.976115e+000  2.250000e+001
      vertex  5.773571e+000 -1.632749e+000  2.250000e+001
    endloop
  endfacet
  facet normal  0.000000e+000  0.000000e+000 -9.999999e-001
    outer loop
      vertex  6.735834e+000 -1.904874e+000  2.250000e+001
      vertex  5.773571e+000 -1.632749e+000  2.250000e+001
      vertex  6.895270e+000  1.206337e+000  2.250000e+001
    endloop
  endfacet
  facet normal  0.000000e+000  0.000000e+000 -1.000000e+000
    outer loop
      vertex  6.895270e+000  1.206337e+000  2.250000e+001
      vertex  5.773571e+000 -1.632749e+000  2.250000e+001
      vertex  5.910232e+000  1.034003e+000  2.250000e+001
    endloop
  endfacet
  facet normal  0.000000e+000  0.000000e+000 -1.000000e+000
    outer loop
      vertex  6.895270e+000  1.206337e+000  2.250000e+001
      vertex  5.910232e+000  1.034003e+000  2.250000e+001
      vertex  5.689014e+000  4.078618e+000  2.250000e+001
    endloop
  endfacet
  facet normal  0.000000e+000  -0.000000e+000 -1.000000e+000
    outer loop
      vertex  5.689014e+000  4.078618e+000  2.250000e+001
      vertex  5.910232e+000  1.034003e+000  2.250000e+001
      vertex  4.876298e+000  3.495958e+000  2.250000e+001
    endloop
  endfacet
  facet normal  0.000000e+000  0.000000e+000 -1.000000e+000
    outer loop
      vertex  5.689014e+000  4.078618e+000  2.250000e+001
      vertex  4.876298e+000  3.495958e+000  2.250000e+001
      vertex  3.355979e+000  6.143078e+000  2.250000e+001
    endloop
  endfacet
  facet normal  0.000000e+000  -0.000000e+000 -1.000000e+000
    outer loop
      vertex  3.355979e+000  6.143078e+000  2.250000e+001
      vertex  4.876298e+000  3.495958e+000  2.250000e+001
      vertex  2.876553e+000  5.265495e+000  2.250000e+001
    endloop
  endfacet
  facet normal  0.000000e+000  0.000000e+000 -1.000000e+000
    outer loop
      vertex  3.355979e+000  6.143078e+000  2.250000e+001
      vertex  2.876553e+000  5.265495e+000  2.250000e+001
      vertex  1.729117e-001  5.997508e+000  2.250000e+001
    endloop
  endfacet
  facet normal  0.000000e+000  0.000000e+000 -1.000000e+000
    outer loop
      vertex  5.923866e-001  6.974889e+000  2.250000e+001
      vertex  3.355979e+000  6.143078e+000  2.250000e+001
      vertex -2.271904e+000  6.621061e+000  2.250000e+001
    endloop
  endfacet
  facet normal  0.000000e+000  0.000000e+000 -1.000000e+000
    outer loop
      vertex -2.271904e+000  6.621061e+000  2.250000e+001
      vertex  3.355979e+000  6.143078e+000  2.250000e+001
      vertex  1.729117e-001  5.997508e+000  2.250000e+001
    endloop
  endfacet
  facet normal  -0.000000e+000  0.000000e+000 -1.000000e+000
    outer loop
      vertex -2.271904e+000  6.621061e+000  2.250000e+001
      vertex  1.729117e-001  5.997508e+000  2.250000e+001
      vertex -4.750000e+000  5.141741e+000  2.250000e+001
    endloop
  endfacet
  facet normal  0.000000e+000  0.000000e+000 -1.000000e+000
    outer loop
      vertex -4.750000e+000  5.141741e+000  2.250000e+001
      vertex  1.729117e-001  5.997508e+000  2.250000e+001
      vertex -2.568413e+000  5.422477e+000  2.250000e+001
    endloop
  endfacet
  facet normal  0.000000e+000  0.000000e+000 -9.999999e-001
    outer loop
      vertex -4.750000e+000  5.141741e+000  2.250000e+001
      vertex -2.568413e+000  5.422477e+000  2.250000e+001
      vertex -4.750000e+000  3.665720e+000  2.250000e+001
    endloop
  endfacet
  facet normal  0.000000e+000  1.000000e+000  0.000000e+000
    outer loop
      vertex -4.750000e+000 -4.600000e+000  5.250000e+001
      vertex -8.297911e-016 -4.600000e+000  5.250000e+001
      vertex -4.750000e+000 -4.600000e+000  3.750000e+001
    endloop
  endfacet
  facet normal  0.000000e+000  1.000000e+000  0.000000e+000
    outer loop
      vertex -4.750000e+000 -4.600000e+000  3.750000e+001
      vertex -8.297911e-016 -4.600000e+000  5.250000e+001
      vertex -8.450063e-016 -4.600000e+000  3.750000e+001
    endloop
  endfacet
  facet normal  0.000000e+000 -1.000000e+000  0.000000e+000
    outer loop
      vertex -4.750000e+000  4.600000e+000  3.750000e+001
      vertex  2.816688e-016  4.600000e+000  3.750000e+001
      vertex -4.750000e+000  4.600000e+000  5.250000e+001
    endloop
  endfacet
  facet normal  0.000000e+000 -1.000000e+000  0.000000e+000
    outer loop
      vertex -4.750000e+000  4.600000e+000  5.250000e+001
      vertex  2.816688e-016  4.600000e+000  3.750000e+001
      vertex  2.014854e-015  4.600000e+000  5.250000e+001
    endloop
  endfacet
  facet normal  2.613411e-001  9.652466e-001  -0.000000e+000
    outer loop
      vertex  2.876553e+000  5.265495e+000  2.250000e+001
      vertex  2.876553e+000  5.265495e+000  2.500000e+000
      vertex  1.729117e-001  5.997508e+000  2.250000e+001
    endloop
  endfacet
  facet normal  2.721245e-001  9.622608e-001  1.566997e-003
    outer loop
      vertex  1.729117e-001  5.997508e+000  2.250000e+001
      vertex  2.876553e+000  5.265495e+000  2.500000e+000
      vertex  3.070721e-001  5.992137e+000  2.500000e+000
    endloop
  endfacet
  facet normal -2.052958e-001  9.786986e-001 -1.639962e-003
    outer loop
      vertex  1.729117e-001  5.997508e+000  2.250000e+001
      vertex  3.070721e-001  5.992137e+000  2.500000e+000
      vertex -2.568413e+000  5.422477e+000  2.250000e+001
    endloop
  endfacet
  facet normal -1.723329e-001  9.850333e-001  3.279685e-003
    outer loop
      vertex -2.568413e+000  5.422477e+000  2.250000e+001
      vertex  3.070721e-001  5.992137e+000  2.500000e+000
      vertex -2.323228e+000  5.531962e+000  2.500000e+000
    endloop
  endfacet
  facet normal -6.271889e-001  7.788596e-001 -3.425142e-003
    outer loop
      vertex -2.568413e+000  5.422477e+000  2.250000e+001
      vertex -2.323228e+000  5.531962e+000  2.500000e+000
      vertex -4.750000e+000  3.665720e+000  2.250000e+001
    endloop
  endfacet
  facet normal -5.826519e-001  8.127056e-001  5.137157e-003
    outer loop
      vertex -4.750000e+000  3.665720e+000  2.250000e+001
      vertex -2.323228e+000  5.531962e+000  2.500000e+000
      vertex -4.493385e+000  3.976115e+000  2.500000e+000
    endloop
  endfacet
  facet normal -7.707165e-001  6.371781e-001  0.000000e+000
    outer loop
      vertex -4.750000e+000  3.665720e+000  2.250000e+001
      vertex -4.493385e+000  3.976115e+000  2.500000e+000
      vertex -4.750000e+000  3.665720e+000  2.000000e+001
    endloop
  endfacet
  facet normal -9.055120e-001  4.242816e-001 -5.752719e-003
    outer loop
      vertex -4.750000e+000  3.665720e+000  2.000000e+001
      vertex -4.493385e+000  3.976115e+000  2.500000e+000
      vertex -5.856576e+000  1.304037e+000  2.000000e+001
    endloop
  endfacet
  facet normal -8.775723e-001  4.794198e-001  4.842746e-003
    outer loop
      vertex -5.856576e+000  1.304037e+000  2.000000e+001
      vertex -4.493385e+000  3.976115e+000  2.500000e+000
      vertex -5.773571e+000  1.632749e+000  2.500000e+000
    endloop
  endfacet
  facet normal -9.999887e-001  0.000000e+000 -4.743087e-003
    outer loop
      vertex -5.856576e+000  1.304037e+000  2.000000e+001
      vertex -5.773571e+000  1.632749e+000  2.500000e+000
      vertex -5.856576e+000 -1.304037e+000  2.000000e+001
    endloop
  endfacet
  facet normal -9.986821e-001  5.117837e-002  3.851678e-003
    outer loop
      vertex -5.856576e+000 -1.304037e+000  2.000000e+001
      vertex -5.773571e+000  1.632749e+000  2.500000e+000
      vertex -5.910232e+000 -1.034003e+000  2.500000e+000
    endloop
  endfacet
  facet normal -9.055206e-001 -4.242856e-001 -3.770625e-003
    outer loop
      vertex -5.856576e+000 -1.304037e+000  2.000000e+001
      vertex -5.910232e+000 -1.034003e+000  2.500000e+000
      vertex -4.750000e+000 -3.665720e+000  2.000000e+001
    endloop
  endfacet
  facet normal -9.219899e-001 -3.872030e-001  2.897892e-003
    outer loop
      vertex -4.750000e+000 -3.665720e+000  2.000000e+001
      vertex -5.910232e+000 -1.034003e+000  2.500000e+000
      vertex -4.876298e+000 -3.495958e+000  2.500000e+000
    endloop
  endfacet
  facet normal -6.626838e-001 -7.488952e-001 -2.482187e-003
    outer loop
      vertex -4.750000e+000 -3.665720e+000  2.000000e+001
      vertex -4.876298e+000 -3.495958e+000  2.500000e+000
      vertex -2.876553e+000 -5.265495e+000  2.500000e+000
    endloop
  endfacet
  facet normal -6.493779e-001 -7.604659e-001  -0.000000e+000
    outer loop
      vertex -2.876553e+000 -5.265495e+000  2.500000e+000
      vertex -2.876553e+000 -5.265495e+000  2.250000e+001
      vertex -4.750000e+000 -3.665720e+000  2.000000e+001
    endloop
  endfacet
  facet normal -6.493779e-001 -7.604659e-001  0.000000e+000
    outer loop
      vertex -4.750000e+000 -3.665720e+000  2.000000e+001
      vertex -2.876553e+000 -5.265495e+000  2.250000e+001
      vertex -4.750000e+000 -3.665720e+000  2.250000e+001
    endloop
  endfacet
  facet normal  0.000000e+000  0.000000e+000  9.999999e-001
    outer loop
      vertex  3.983717e+000  2.300000e+000  3.750000e+001
      vertex  2.300000e+000  3.983717e+000  3.750000e+001
      vertex  4.600000e+000  0.000000e+000  3.750000e+001
    endloop
  endfacet
  facet normal  -0.000000e+000  0.000000e+000  9.999999e-001
    outer loop
      vertex  2.816688e-016  4.600000e+000  3.750000e+001
      vertex -4.750000e+000  4.600000e+000  3.750000e+001
      vertex -2.209397e+000  4.255190e-001  3.750000e+001
    endloop
  endfacet
  facet normal  0.000000e+000  0.000000e+000  9.999999e-001
    outer loop
      vertex  2.816688e-016  4.600000e+000  3.750000e+001
      vertex -2.209397e+000  4.255190e-001  3.750000e+001
      vertex -1.432669e+000  1.734923e+000  3.750000e+001
    endloop
  endfacet
  facet normal  0.000000e+000  0.000000e+000  1.000000e+000
    outer loop
      vertex  2.816688e-016  4.600000e+000  3.750000e+001
      vertex -1.432669e+000  1.734923e+000  3.750000e+001
      vertex -1.645232e-016  2.250000e+000  3.750000e+001
    endloop
  endfacet
  facet normal  -0.000000e+000  0.000000e+000  1.000000e+000
    outer loop
      vertex  2.816688e-016  4.600000e+000  3.750000e+001
      vertex -1.645232e-016  2.250000e+000  3.750000e+001
      vertex  1.147913e+000  1.935148e+000  3.750000e+001
    endloop
  endfacet
  facet normal  0.000000e+000  -0.000000e+000  1.000000e+000
    outer loop
      vertex  2.816688e-016  4.600000e+000  3.750000e+001
      vertex  1.147913e+000  1.935148e+000  3.750000e+001
      vertex  2.300000e+000  3.983717e+000  3.750000e+001
    endloop
  endfacet
  facet normal  0.000000e+000  -0.000000e+000  1.000000e+000
    outer loop
      vertex  1.147913e+000  1.935148e+000  3.750000e+001
      vertex  1.974561e+000  1.078707e+000  3.750000e+001
      vertex  2.300000e+000  3.983717e+000  3.750000e+001
    endloop
  endfacet
  facet normal  0.000000e+000  0.000000e+000  1.000000e+000
    outer loop
      vertex  2.300000e+000  3.983717e+000  3.750000e+001
      vertex  1.974561e+000  1.078707e+000  3.750000e+001
      vertex  2.209397e+000 -4.255190e-001  3.750000e+001
    endloop
  endfacet
  facet normal  0.000000e+000  0.000000e+000  1.000000e+000
    outer loop
      vertex  2.300000e+000  3.983717e+000  3.750000e+001
      vertex  2.209397e+000 -4.255190e-001  3.750000e+001
      vertex  4.600000e+000  0.000000e+000  3.750000e+001
    endloop
  endfacet
  facet normal  0.000000e+000  0.000000e+000  1.000000e+000
    outer loop
      vertex  4.600000e+000  0.000000e+000  3.750000e+001
      vertex  2.209397e+000 -4.255190e-001  3.750000e+001
      vertex  2.300000e+000 -3.983717e+000  3.750000e+001
    endloop
  endfacet
  facet normal  0.000000e+000  0.000000e+000  9.999999e-001
    outer loop
      vertex  4.600000e+000  0.000000e+000  3.750000e+001
      vertex  2.300000e+000 -3.983717e+000  3.750000e+001
      vertex  3.983717e+000 -2.300000e+000  3.750000e+001
    endloop
  endfacet
  facet normal  0.000000e+000  0.000000e+000  1.000000e+000
    outer loop
      vertex  0.000000e+000 -2.250000e+000  3.750000e+001
      vertex -1.147913e+000 -1.935148e+000  3.750000e+001
      vertex -8.450063e-016 -4.600000e+000  3.750000e+001
    endloop
  endfacet
  facet normal  0.000000e+000  0.000000e+000  9.999999e-001
    outer loop
      vertex -8.450063e-016 -4.600000e+000  3.750000e+001
      vertex -1.147913e+000 -1.935148e+000  3.750000e+001
      vertex -1.974561e+000 -1.078707e+000  3.750000e+001
    endloop
  endfacet
  facet normal  0.000000e+000  0.000000e+000  1.000000e+000
    outer loop
      vertex -8.450063e-016 -4.600000e+000  3.750000e+001
      vertex -1.974561e+000 -1.078707e+000  3.750000e+001
      vertex -4.750000e+000 -4.600000e+000  3.750000e+001
    endloop
  endfacet
  facet normal  0.000000e+000  0.000000e+000  1.000000e+000
    outer loop
      vertex -4.750000e+000 -4.600000e+000  3.750000e+001
      vertex -1.974561e+000 -1.078707e+000  3.750000e+001
      vertex -2.209397e+000  4.255190e-001  3.750000e+001
    endloop
  endfacet
  facet normal  0.000000e+000  0.000000e+000  1.000000e+000
    outer loop
      vertex -4.750000e+000 -4.600000e+000  3.750000e+001
      vertex -2.209397e+000  4.255190e-001  3.750000e+001
      vertex -4.750000e+000  4.600000e+000  3.750000e+001
    endloop
  endfacet
  facet normal  -0.000000e+000  0.000000e+000  1.000000e+000
    outer loop
      vertex  2.209397e+000 -4.255190e-001  3.750000e+001
      vertex  1.432669e+000 -1.734923e+000  3.750000e+001
      vertex  2.300000e+000 -3.983717e+000  3.750000e+001
    endloop
  endfacet
  facet normal  0.000000e+000  0.000000e+000  1.000000e+000
    outer loop
      vertex  2.300000e+000 -3.983717e+000  3.750000e+001
      vertex  1.432669e+000 -1.734923e+000  3.750000e+001
      vertex  0.000000e+000 -2.250000e+000  3.750000e+001
    endloop
  endfacet
  facet normal  0.000000e+000  0.000000e+000  1.000000e+000
    outer loop
      vertex  2.300000e+000 -3.983717e+000  3.750000e+001
      vertex  0.000000e+000 -2.250000e+000  3.750000e+001
      vertex -8.450063e-016 -4.600000e+000  3.750000e+001
    endloop
  endfacet
  facet normal  0.000000e+000  -0.000000e+000 -1.000000e+000
    outer loop
      vertex  1.432669e+000 -1.734923e+000  5.250000e+001
      vertex  2.209397e+000 -4.255190e-001  5.250000e+001
      vertex  2.300000e+000 -3.983717e+000  5.250000e+001
    endloop
  endfacet
  facet normal  -0.000000e+000  -0.000000e+000 -9.999999e-001
    outer loop
      vertex  2.300000e+000  3.983717e+000  5.250000e+001
      vertex  3.983717e+000  2.300000e+000  5.250000e+001
      vertex  4.600000e+000  0.000000e+000  5.250000e+001
    endloop
  endfacet
  facet normal  0.000000e+000  0.000000e+000 -1.000000e+000
    outer loop
      vertex -8.297911e-016 -4.600000e+000  5.250000e+001
      vertex -4.750000e+000 -4.600000e+000  5.250000e+001
      vertex -1.974561e+000 -1.078707e+000  5.250000e+001
    endloop
  endfacet
  facet normal  0.000000e+000  0.000000e+000 -1.000000e+000
    outer loop
      vertex -8.297911e-016 -4.600000e+000  5.250000e+001
      vertex -1.974561e+000 -1.078707e+000  5.250000e+001
      vertex -1.147913e+000 -1.935148e+000  5.250000e+001
    endloop
  endfacet
  facet normal  0.000000e+000  0.000000e+000 -1.000000e+000
    outer loop
      vertex -8.297911e-016 -4.600000e+000  5.250000e+001
      vertex -1.147913e+000 -1.935148e+000  5.250000e+001
      vertex  9.456998e-016 -2.250000e+000  5.250000e+001
    endloop
  endfacet
  facet normal  0.000000e+000  -0.000000e+000 -1.000000e+000
    outer loop
      vertex -8.297911e-016 -4.600000e+000  5.250000e+001
      vertex  9.456998e-016 -2.250000e+000  5.250000e+001
      vertex  1.432669e+000 -1.734923e+000  5.250000e+001
    endloop
  endfacet
  facet normal  0.000000e+000  -0.000000e+000 -1.000000e+000
    outer loop
      vertex -8.297911e-016 -4.600000e+000  5.250000e+001
      vertex  1.432669e+000 -1.734923e+000  5.250000e+001
      vertex  2.300000e+000 -3.983717e+000  5.250000e+001
    endloop
  endfacet
  facet normal  0.000000e+000  0.000000e+000 -1.000000e+000
    outer loop
      vertex  0.000000e+000  2.250000e+000  5.250000e+001
      vertex -1.432669e+000  1.734923e+000  5.250000e+001
      vertex  2.014854e-015  4.600000e+000  5.250000e+001
    endloop
  endfacet
  facet normal  0.000000e+000  0.000000e+000 -1.000000e+000
    outer loop
      vertex  2.014854e-015  4.600000e+000  5.250000e+001
      vertex -1.432669e+000  1.734923e+000  5.250000e+001
      vertex -2.209397e+000  4.255190e-001  5.250000e+001
    endloop
  endfacet
  facet normal  0.000000e+000  0.000000e+000 -9.999999e-001
    outer loop
      vertex  2.014854e-015  4.600000e+000  5.250000e+001
      vertex -2.209397e+000  4.255190e-001  5.250000e+001
      vertex -4.750000e+000  4.600000e+000  5.250000e+001
    endloop
  endfacet
  facet normal  0.000000e+000  0.000000e+000 -1.000000e+000
    outer loop
      vertex -4.750000e+000  4.600000e+000  5.250000e+001
      vertex -2.209397e+000  4.255190e-001  5.250000e+001
      vertex -1.974561e+000 -1.078707e+000  5.250000e+001
    endloop
  endfacet
  facet normal  -0.000000e+000  0.000000e+000 -1.000000e+000
    outer loop
      vertex -4.750000e+000  4.600000e+000  5.250000e+001
      vertex -1.974561e+000 -1.078707e+000  5.250000e+001
      vertex -4.750000e+000 -4.600000e+000  5.250000e+001
    endloop
  endfacet
  facet normal  0.000000e+000  0.000000e+000 -1.000000e+000
    outer loop
      vertex  1.147913e+000  1.935148e+000  5.250000e+001
      vertex  2.300000e+000  3.983717e+000  5.250000e+001
      vertex  1.974561e+000  1.078707e+000  5.250000e+001
    endloop
  endfacet
  facet normal  0.000000e+000  0.000000e+000 -1.000000e+000
    outer loop
      vertex  1.974561e+000  1.078707e+000  5.250000e+001
      vertex  2.300000e+000  3.983717e+000  5.250000e+001
      vertex  4.600000e+000  0.000000e+000  5.250000e+001
    endloop
  endfacet
  facet normal  -0.000000e+000  0.000000e+000 -1.000000e+000
    outer loop
      vertex  1.974561e+000  1.078707e+000  5.250000e+001
      vertex  4.600000e+000  0.000000e+000  5.250000e+001
      vertex  2.209397e+000 -4.255190e-001  5.250000e+001
    endloop
  endfacet
  facet normal  0.000000e+000  0.000000e+000 -1.000000e+000
    outer loop
      vertex  2.209397e+000 -4.255190e-001  5.250000e+001
      vertex  4.600000e+000  0.000000e+000  5.250000e+001
      vertex  3.983717e+000 -2.300000e+000  5.250000e+001
    endloop
  endfacet
  facet normal  -0.000000e+000  0.000000e+000 -1.000000e+000
    outer loop
      vertex  2.209397e+000 -4.255190e-001  5.250000e+001
      vertex  3.983717e+000 -2.300000e+000  5.250000e+001
      vertex  2.300000e+000 -3.983717e+000  5.250000e+001
    endloop
  endfacet
  facet normal  0.000000e+000  0.000000e+000 -9.999999e-001
    outer loop
      vertex  1.147913e+000  1.935148e+000  5.250000e+001
      vertex  0.000000e+000  2.250000e+000  5.250000e+001
      vertex  2.300000e+000  3.983717e+000  5.250000e+001
    endloop
  endfacet
  facet normal  -0.000000e+000  0.000000e+000 -1.000000e+000
    outer loop
      vertex  2.300000e+000  3.983717e+000  5.250000e+001
      vertex  0.000000e+000  2.250000e+000  5.250000e+001
      vertex  2.014854e-015  4.600000e+000  5.250000e+001
    endloop
  endfacet
  facet normal  -0.000000e+000  0.000000e+000  1.000000e+000
    outer loop
      vertex -4.750000e+000  3.665720e+000  2.000000e+001
      vertex -5.856576e+000  1.304037e+000  2.000000e+001
      vertex -4.750000e+000 -8.881784e-016  2.000000e+001
    endloop
  endfacet
  facet normal  0.000000e+000  0.000000e+000  1.000000e+000
    outer loop
      vertex -4.750000e+000 -8.881784e-016  2.000000e+001
      vertex -5.856576e+000  1.304037e+000  2.000000e+001
      vertex -5.856576e+000 -1.304037e+000  2.000000e+001
    endloop
  endfacet
  facet normal  -0.000000e+000  0.000000e+000  1.000000e+000
    outer loop
      vertex -4.750000e+000 -8.881784e-016  2.000000e+001
      vertex -5.856576e+000 -1.304037e+000  2.000000e+001
      vertex -4.750000e+000 -3.665720e+000  2.000000e+001
    endloop
  endfacet
  facet normal -9.659259e-001  2.588190e-001  0.000000e+000
    outer loop
      vertex  3.983717e+000 -2.300000e+000  3.750000e+001
      vertex  4.600000e+000  0.000000e+000  5.250000e+001
      vertex  4.600000e+000  0.000000e+000  3.750000e+001
    endloop
  endfacet
  facet normal -9.659259e-001  2.588190e-001  0.000000e+000
    outer loop
      vertex  4.600000e+000  0.000000e+000  5.250000e+001
      vertex  3.983717e+000 -2.300000e+000  3.750000e+001
      vertex  3.983717e+000 -2.300000e+000  5.250000e+001
    endloop
  endfacet
  facet normal -7.071068e-001  7.071068e-001  0.000000e+000
    outer loop
      vertex  3.983717e+000 -2.300000e+000  5.250000e+001
      vertex  3.983717e+000 -2.300000e+000  3.750000e+001
      vertex  2.300000e+000 -3.983717e+000  3.750000e+001
    endloop
  endfacet
  facet normal -7.071068e-001  7.071068e-001  0.000000e+000
    outer loop
      vertex  3.983717e+000 -2.300000e+000  5.250000e+001
      vertex  2.300000e+000 -3.983717e+000  3.750000e+001
      vertex  2.300000e+000 -3.983717e+000  5.250000e+001
    endloop
  endfacet
  facet normal -2.588190e-001  9.659259e-001  0.000000e+000
    outer loop
      vertex  2.300000e+000 -3.983717e+000  5.250000e+001
      vertex  2.300000e+000 -3.983717e+000  3.750000e+001
      vertex -8.450063e-016 -4.600000e+000  3.750000e+001
    endloop
  endfacet
  facet normal -2.588190e-001  9.659259e-001  2.625331e-019
    outer loop
      vertex  2.300000e+000 -3.983717e+000  5.250000e+001
      vertex -8.450063e-016 -4.600000e+000  3.750000e+001
      vertex -8.297911e-016 -4.600000e+000  5.250000e+001
    endloop
  endfacet
  facet normal -2.588190e-001 -9.659259e-001  2.990541e-017
    outer loop
      vertex  2.300000e+000  3.983717e+000  3.750000e+001
      vertex  2.014854e-015  4.600000e+000  5.250000e+001
      vertex  2.816688e-016  4.600000e+000  3.750000e+001
    endloop
  endfacet
  facet normal -2.588190e-001 -9.659259e-001  0.000000e+000
    outer loop
      vertex  2.014854e-015  4.600000e+000  5.250000e+001
      vertex  2.300000e+000  3.983717e+000  3.750000e+001
      vertex  2.300000e+000  3.983717e+000  5.250000e+001
    endloop
  endfacet
  facet normal -7.071068e-001 -7.071068e-001  -0.000000e+000
    outer loop
      vertex  2.300000e+000  3.983717e+000  5.250000e+001
      vertex  2.300000e+000  3.983717e+000  3.750000e+001
      vertex  3.983717e+000  2.300000e+000  3.750000e+001
    endloop
  endfacet
  facet normal -7.071068e-001 -7.071068e-001  0.000000e+000
    outer loop
      vertex  2.300000e+000  3.983717e+000  5.250000e+001
      vertex  3.983717e+000  2.300000e+000  3.750000e+001
      vertex  3.983717e+000  2.300000e+000  5.250000e+001
    endloop
  endfacet
  facet normal -9.659259e-001 -2.588190e-001  -0.000000e+000
    outer loop
      vertex  3.983717e+000  2.300000e+000  5.250000e+001
      vertex  3.983717e+000  2.300000e+000  3.750000e+001
      vertex  4.600000e+000  0.000000e+000  3.750000e+001
    endloop
  endfacet
  facet normal -9.659259e-001 -2.588190e-001  0.000000e+000
    outer loop
      vertex  3.983717e+000  2.300000e+000  5.250000e+001
      vertex  4.600000e+000  0.000000e+000  3.750000e+001
      vertex  4.600000e+000  0.000000e+000  5.250000e+001
    endloop
  endfacet
  facet normal  7.784660e-001 -6.270692e-001 -2.783956e-002
    outer loop
      vertex -1.432669e+000  1.734923e+000  5.250000e+001
      vertex -1.078707e+000  1.974561e+000  5.700000e+001
      vertex -2.158987e+000  6.334639e-001  5.700000e+001
    endloop
  endfacet
  facet normal -2.644716e-001 -9.642305e-001  1.772784e-002
    outer loop
      vertex  0.000000e+000  2.250000e+000  5.250000e+001
      vertex  1.147913e+000  1.935148e+000  5.250000e+001
      vertex  6.334639e-001  2.158987e+000  5.700000e+001
    endloop
  endfacet
  facet normal  1.070289e-001 -9.936339e-001 -3.516288e-002
    outer loop
      vertex  0.000000e+000  2.250000e+000  5.250000e+001
      vertex  6.334639e-001  2.158987e+000  5.700000e+001
      vertex -1.078707e+000  1.974561e+000  5.700000e+001
    endloop
  endfacet
  facet normal  3.382281e-001 -9.407708e-001  2.349422e-002
    outer loop
      vertex  0.000000e+000  2.250000e+000  5.250000e+001
      vertex -1.078707e+000  1.974561e+000  5.700000e+001
      vertex -1.432669e+000  1.734923e+000  5.250000e+001
    endloop
  endfacet
  facet normal  8.599820e-001 -5.101339e-001  1.393956e-002
    outer loop
      vertex -1.432669e+000  1.734923e+000  5.250000e+001
      vertex -2.158987e+000  6.334639e-001  5.700000e+001
      vertex -2.209397e+000  4.255190e-001  5.250000e+001
    endloop
  endfacet
  facet normal  9.941201e-001  1.070812e-001 -1.608458e-002
    outer loop
      vertex -2.209397e+000  4.255190e-001  5.250000e+001
      vertex -2.158987e+000  6.334639e-001  5.700000e+001
      vertex -1.974561e+000 -1.078707e+000  5.700000e+001
    endloop
  endfacet
  facet normal  9.880321e-001  1.542490e-001  0.000000e+000
    outer loop
      vertex -2.209397e+000  4.255190e-001  5.250000e+001
      vertex -1.974561e+000 -1.078707e+000  5.700000e+001
      vertex -1.974561e+000 -1.078707e+000  5.250000e+001
    endloop
  endfacet
  facet normal -6.273123e-001 -7.787678e-001  0.000000e+000
    outer loop
      vertex  1.974561e+000  1.078707e+000  5.700000e+001
      vertex  6.334639e-001  2.158987e+000  5.700000e+001
      vertex  1.974561e+000  1.078707e+000  5.250000e+001
    endloop
  endfacet
  facet normal -7.186931e-001 -6.936924e-001 -4.765679e-002
    outer loop
      vertex  1.974561e+000  1.078707e+000  5.250000e+001
      vertex  6.334639e-001  2.158987e+000  5.700000e+001
      vertex  1.147913e+000  1.935148e+000  5.250000e+001
    endloop
  endfacet
  facet normal  7.786591e-001 -6.272247e-001  1.670788e-002
    outer loop
      vertex -1.078707e+000  1.974561e+000  3.000000e+001
      vertex -1.432669e+000  1.734923e+000  3.750000e+001
      vertex -2.158987e+000  6.334639e-001  3.000000e+001
    endloop
  endfacet
  facet normal  3.382879e-001 -9.409370e-001 -1.409902e-002
    outer loop
      vertex -1.645232e-016  2.250000e+000  3.750000e+001
      vertex -1.432669e+000  1.734923e+000  3.750000e+001
      vertex -1.078707e+000  1.974561e+000  3.000000e+001
    endloop
  endfacet
  facet normal  1.070712e-001 -9.940273e-001  2.110608e-002
    outer loop
      vertex -1.645232e-016  2.250000e+000  3.750000e+001
      vertex -1.078707e+000  1.974561e+000  3.000000e+001
      vertex  6.334639e-001  2.158987e+000  3.000000e+001
    endloop
  endfacet
  facet normal -2.644982e-001 -9.643275e-001 -1.063777e-002
    outer loop
      vertex -1.645232e-016  2.250000e+000  3.750000e+001
      vertex  6.334639e-001  2.158987e+000  3.000000e+001
      vertex  1.147913e+000  1.935148e+000  3.750000e+001
    endloop
  endfacet
  facet normal  8.600355e-001 -5.101656e-001 -8.364257e-003
    outer loop
      vertex -1.432669e+000  1.734923e+000  3.750000e+001
      vertex -2.209397e+000  4.255190e-001  3.750000e+001
      vertex -2.158987e+000  6.334639e-001  3.000000e+001
    endloop
  endfacet
  facet normal  9.879732e-001  1.542398e-001  1.091695e-002
    outer loop
      vertex -2.158987e+000  6.334639e-001  3.000000e+001
      vertex -2.209397e+000  4.255190e-001  3.750000e+001
      vertex -1.974561e+000 -1.078707e+000  3.750000e+001
    endloop
  endfacet
  facet normal  9.942489e-001  1.070951e-001  0.000000e+000
    outer loop
      vertex -2.158987e+000  6.334639e-001  3.000000e+001
      vertex -1.974561e+000 -1.078707e+000  3.750000e+001
      vertex -1.974561e+000 -1.078707e+000  3.000000e+001
    endloop
  endfacet
  facet normal -7.192159e-001 -6.941972e-001  2.861487e-002
    outer loop
      vertex  1.147913e+000  1.935148e+000  3.750000e+001
      vertex  6.334639e-001  2.158987e+000  3.000000e+001
      vertex  1.974561e+000  1.078707e+000  3.750000e+001
    endloop
  endfacet
  facet normal -6.273124e-001 -7.787678e-001  -0.000000e+000
    outer loop
      vertex  1.974561e+000  1.078707e+000  3.750000e+001
      vertex  6.334639e-001  2.158987e+000  3.000000e+001
      vertex  1.974561e+000  1.078707e+000  3.000000e+001
    endloop
  endfacet
  facet normal -7.786591e-001  6.272247e-001  1.670788e-002
    outer loop
      vertex  1.078707e+000 -1.974561e+000  3.000000e+001
      vertex  1.432669e+000 -1.734923e+000  3.750000e+001
      vertex  2.158987e+000 -6.334639e-001  3.000000e+001
    endloop
  endfacet
  facet normal -3.382879e-001  9.409370e-001 -1.409902e-002
    outer loop
      vertex  0.000000e+000 -2.250000e+000  3.750000e+001
      vertex  1.432669e+000 -1.734923e+000  3.750000e+001
      vertex  1.078707e+000 -1.974561e+000  3.000000e+001
    endloop
  endfacet
  facet normal -1.070712e-001  9.940273e-001  2.110608e-002
    outer loop
      vertex  0.000000e+000 -2.250000e+000  3.750000e+001
      vertex  1.078707e+000 -1.974561e+000  3.000000e+001
      vertex -6.334639e-001 -2.158987e+000  3.000000e+001
    endloop
  endfacet
  facet normal  2.644982e-001  9.643275e-001 -1.063777e-002
    outer loop
      vertex  0.000000e+000 -2.250000e+000  3.750000e+001
      vertex -6.334639e-001 -2.158987e+000  3.000000e+001
      vertex -1.147913e+000 -1.935148e+000  3.750000e+001
    endloop
  endfacet
  facet normal -8.600355e-001  5.101656e-001 -8.364257e-003
    outer loop
      vertex  1.432669e+000 -1.734923e+000  3.750000e+001
      vertex  2.209397e+000 -4.255190e-001  3.750000e+001
      vertex  2.158987e+000 -6.334639e-001  3.000000e+001
    endloop
  endfacet
  facet normal -9.879732e-001 -1.542398e-001  1.091695e-002
    outer loop
      vertex  2.158987e+000 -6.334639e-001  3.000000e+001
      vertex  2.209397e+000 -4.255190e-001  3.750000e+001
      vertex  1.974561e+000  1.078707e+000  3.750000e+001
    endloop
  endfacet
  facet normal -9.942489e-001 -1.070951e-001  -0.000000e+000
    outer loop
      vertex  2.158987e+000 -6.334639e-001  3.000000e+001
      vertex  1.974561e+000  1.078707e+000  3.750000e+001
      vertex  1.974561e+000  1.078707e+000  3.000000e+001
    endloop
  endfacet
  facet normal  7.192159e-001  6.941972e-001  2.861487e-002
    outer loop
      vertex -1.147913e+000 -1.935148e+000  3.750000e+001
      vertex -6.334639e-001 -2.158987e+000  3.000000e+001
      vertex -1.974561e+000 -1.078707e+000  3.750000e+001
    endloop
  endfacet
  facet normal  6.273124e-001  7.787678e-001  0.000000e+000
    outer loop
      vertex -1.974561e+000 -1.078707e+000  3.750000e+001
      vertex -6.334639e-001 -2.158987e+000  3.000000e+001
      vertex -1.974561e+000 -1.078707e+000  3.000000e+001
    endloop
  endfacet
  facet normal -7.784660e-001  6.270692e-001 -2.783956e-002
    outer loop
      vertex  1.432669e+000 -1.734923e+000  5.250000e+001
      vertex  1.078707e+000 -1.974561e+000  5.700000e+001
      vertex  2.158987e+000 -6.334639e-001  5.700000e+001
    endloop
  endfacet
  facet normal  2.644716e-001  9.642305e-001  1.772784e-002
    outer loop
      vertex  9.456998e-016 -2.250000e+000  5.250000e+001
      vertex -1.147913e+000 -1.935148e+000  5.250000e+001
      vertex -6.334639e-001 -2.158987e+000  5.700000e+001
    endloop
  endfacet
  facet normal -1.070289e-001  9.936339e-001 -3.516288e-002
    outer loop
      vertex  9.456998e-016 -2.250000e+000  5.250000e+001
      vertex -6.334639e-001 -2.158987e+000  5.700000e+001
      vertex  1.078707e+000 -1.974561e+000  5.700000e+001
    endloop
  endfacet
  facet normal -3.382281e-001  9.407708e-001  2.349422e-002
    outer loop
      vertex  9.456998e-016 -2.250000e+000  5.250000e+001
      vertex  1.078707e+000 -1.974561e+000  5.700000e+001
      vertex  1.432669e+000 -1.734923e+000  5.250000e+001
    endloop
  endfacet
  facet normal -8.599820e-001  5.101339e-001  1.393956e-002
    outer loop
      vertex  1.432669e+000 -1.734923e+000  5.250000e+001
      vertex  2.158987e+000 -6.334639e-001  5.700000e+001
      vertex  2.209397e+000 -4.255190e-001  5.250000e+001
    endloop
  endfacet
  facet normal -9.941201e-001 -1.070812e-001 -1.608458e-002
    outer loop
      vertex  2.209397e+000 -4.255190e-001  5.250000e+001
      vertex  2.158987e+000 -6.334639e-001  5.700000e+001
      vertex  1.974561e+000  1.078707e+000  5.700000e+001
    endloop
  endfacet
  facet normal -9.880321e-001 -1.542490e-001  -0.000000e+000
    outer loop
      vertex  2.209397e+000 -4.255190e-001  5.250000e+001
      vertex  1.974561e+000  1.078707e+000  5.700000e+001
      vertex  1.974561e+000  1.078707e+000  5.250000e+001
    endloop
  endfacet
  facet normal  6.273123e-001  7.787678e-001  0.000000e+000
    outer loop
      vertex -1.974561e+000 -1.078707e+000  5.700000e+001
      vertex -6.334639e-001 -2.158987e+000  5.700000e+001
      vertex -1.974561e+000 -1.078707e+000  5.250000e+001
    endloop
  endfacet
  facet normal  7.186931e-001  6.936924e-001 -4.765679e-002
    outer loop
      vertex -1.974561e+000 -1.078707e+000  5.250000e+001
      vertex -6.334639e-001 -2.158987e+000  5.700000e+001
      vertex -1.147913e+000 -1.935148e+000  5.250000e+001
    endloop
  endfacet
  facet normal  0.000000e+000  0.000000e+000  1.000000e+000
    outer loop
      vertex  1.096978e+000 -7.400718e+000  2.500000e+000
      vertex  2.323228e+000 -5.531962e+000  2.500000e+000
      vertex  7.006794e-001 -6.964844e+000  2.500000e+000
    endloop
  endfacet
  facet normal  -0.000000e+000  0.000000e+000  1.000000e+000
    outer loop
      vertex  2.323228e+000 -5.531962e+000  2.500000e+000
      vertex -5.626882e-016 -6.750000e+000  2.500000e+000
      vertex  7.006794e-001 -6.964844e+000  2.500000e+000
    endloop
  endfacet
  facet normal  0.000000e+000  0.000000e+000  1.000000e+000
    outer loop
      vertex -7.400718e+000 -1.096978e+000  2.500000e+000
      vertex -5.910232e+000 -1.034003e+000  2.500000e+000
      vertex -6.964844e+000 -7.006794e-001  2.500000e+000
    endloop
  endfacet
  facet normal  0.000000e+000  -0.000000e+000  1.000000e+000
    outer loop
      vertex -3.070721e-001 -5.992137e+000  2.500000e+000
      vertex -5.626882e-016 -6.750000e+000  2.500000e+000
      vertex  2.323228e+000 -5.531962e+000  2.500000e+000
    endloop
  endfacet
  facet normal  0.000000e+000  0.000000e+000  1.000000e+000
    outer loop
      vertex -4.493385e+000  3.976115e+000  2.500000e+000
      vertex -2.323228e+000  5.531962e+000  2.500000e+000
      vertex -6.273124e+000  7.787677e+000  2.500000e+000
    endloop
  endfacet
  facet normal  0.000000e+000  -0.000000e+000  1.000000e+000
    outer loop
      vertex -8.775826e+000  4.794255e+000  2.500000e+000
      vertex -7.705450e+000  1.214800e+000  2.500000e+000
      vertex -6.273124e+000  7.787677e+000  2.500000e+000
    endloop
  endfacet
  facet normal  0.000000e+000  -0.000000e+000  1.000000e+000
    outer loop
      vertex  8.351924e+000  1.199437e+000  2.500000e+000
      vertex  9.096978e+000  5.992819e-001  2.500000e+000
      vertex  9.595496e+000  2.815395e+000  2.500000e+000
    endloop
  endfacet
  facet normal  0.000000e+000  0.000000e+000  1.000000e+000
    outer loop
      vertex -8.599282e+000  1.096978e+000  2.500000e+000
      vertex -7.705450e+000  1.214800e+000  2.500000e+000
      vertex -8.775826e+000  4.794255e+000  2.500000e+000
    endloop
  endfacet
  facet normal  0.000000e+000  0.000000e+000  1.000000e+000
    outer loop
      vertex -8.599282e+000  1.096978e+000  2.500000e+000
      vertex -8.775826e+000  4.794255e+000  2.500000e+000
      vertex -9.942488e+000  1.070951e+000  2.500000e+000
    endloop
  endfacet
  facet normal  -0.000000e+000  0.000000e+000  1.000000e+000
    outer loop
      vertex -8.599282e+000  1.096978e+000  2.500000e+000
      vertex -9.942488e+000  1.070951e+000  2.500000e+000
      vertex -9.199437e+000  3.519244e-001  2.500000e+000
    endloop
  endfacet
  facet normal  0.000000e+000  0.000000e+000  1.000000e+000
    outer loop
      vertex  4.794255e+000  8.775826e+000  2.500000e+000
      vertex  1.070951e+000  9.942488e+000  2.500000e+000
      vertex  3.519244e-001  9.199437e+000  2.500000e+000
    endloop
  endfacet
  facet normal  0.000000e+000  0.000000e+000  1.000000e+000
    outer loop
      vertex  4.794255e+000  8.775826e+000  2.500000e+000
      vertex  3.519244e-001  9.199437e+000  2.500000e+000
      vertex  1.096978e+000  8.599282e+000  2.500000e+000
    endloop
  endfacet
  facet normal  -0.000000e+000  0.000000e+000  1.000000e+000
    outer loop
      vertex  4.794255e+000  8.775826e+000  2.500000e+000
      vertex  1.096978e+000  8.599282e+000  2.500000e+000
      vertex  1.214800e+000  7.705450e+000  2.500000e+000
    endloop
  endfacet
  facet normal  -0.000000e+000  0.000000e+000  1.000000e+000
    outer loop
      vertex  4.794255e+000  8.775826e+000  2.500000e+000
      vertex  1.214800e+000  7.705450e+000  2.500000e+000
      vertex  7.006794e-001  6.964844e+000  2.500000e+000
    endloop
  endfacet
  facet normal  -0.000000e+000  0.000000e+000  1.000000e+000
    outer loop
      vertex  4.794255e+000  8.775826e+000  2.500000e+000
      vertex  7.006794e-001  6.964844e+000  2.500000e+000
      vertex  7.787677e+000  6.273124e+000  2.500000e+000
    endloop
  endfacet
  facet normal  0.000000e+000  0.000000e+000  1.000000e+000
    outer loop
      vertex  7.787677e+000  6.273124e+000  2.500000e+000
      vertex  7.006794e-001  6.964844e+000  2.500000e+000
      vertex -5.701101e-016  6.750000e+000  2.500000e+000
    endloop
  endfacet
  facet normal  0.000000e+000  0.000000e+000  1.000000e+000
    outer loop
      vertex  7.787677e+000  6.273124e+000  2.500000e+000
      vertex -5.701101e-016  6.750000e+000  2.500000e+000
      vertex  3.070721e-001  5.992137e+000  2.500000e+000
    endloop
  endfacet
  facet normal  -0.000000e+000  0.000000e+000  1.000000e+000
    outer loop
      vertex  7.787677e+000  6.273124e+000  2.500000e+000
      vertex  3.070721e-001  5.992137e+000  2.500000e+000
      vertex  2.876553e+000  5.265495e+000  2.500000e+000
    endloop
  endfacet
  facet normal  -0.000000e+000  0.000000e+000  1.000000e+000
    outer loop
      vertex  7.787677e+000  6.273124e+000  2.500000e+000
      vertex  2.876553e+000  5.265495e+000  2.500000e+000
      vertex  4.876298e+000  3.495958e+000  2.500000e+000
    endloop
  endfacet
  facet normal  -0.000000e+000  0.000000e+000  9.999999e-001
    outer loop
      vertex  7.787677e+000  6.273124e+000  2.500000e+000
      vertex  4.876298e+000  3.495958e+000  2.500000e+000
      vertex  7.400718e+000  1.096978e+000  2.500000e+000
    endloop
  endfacet
  facet normal  0.000000e+000  0.000000e+000  1.000000e+000
    outer loop
      vertex  7.787677e+000  6.273124e+000  2.500000e+000
      vertex  7.400718e+000  1.096978e+000  2.500000e+000
      vertex  8.351924e+000  1.199437e+000  2.500000e+000
    endloop
  endfacet
  facet normal  0.000000e+000  -0.000000e+000  1.000000e+000
    outer loop
      vertex  7.787677e+000  6.273124e+000  2.500000e+000
      vertex  8.351924e+000  1.199437e+000  2.500000e+000
      vertex  9.595496e+000  2.815395e+000  2.500000e+000
    endloop
  endfacet
  facet normal  0.000000e+000  -0.000000e+000  1.000000e+000
    outer loop
      vertex -7.787677e+000 -6.273124e+000  2.500000e+000
      vertex -4.794255e+000 -8.775826e+000  2.500000e+000
      vertex -1.096978e+000 -8.599282e+000  2.500000e+000
    endloop
  endfacet
  facet normal  0.000000e+000  0.000000e+000  1.000000e+000
    outer loop
      vertex -7.787677e+000 -6.273124e+000  2.500000e+000
      vertex -1.096978e+000 -8.599282e+000  2.500000e+000
      vertex -1.214800e+000 -7.705450e+000  2.500000e+000
    endloop
  endfacet
  facet normal  0.000000e+000  -0.000000e+000  1.000000e+000
    outer loop
      vertex -7.787677e+000 -6.273124e+000  2.500000e+000
      vertex -1.214800e+000 -7.705450e+000  2.500000e+000
      vertex -7.006794e-001 -6.964844e+000  2.500000e+000
    endloop
  endfacet
  facet normal  0.000000e+000  -0.000000e+000  1.000000e+000
    outer loop
      vertex -7.787677e+000 -6.273124e+000  2.500000e+000
      vertex -7.006794e-001 -6.964844e+000  2.500000e+000
      vertex -5.626882e-016 -6.750000e+000  2.500000e+000
    endloop
  endfacet
  facet normal  0.000000e+000  0.000000e+000  1.000000e+000
    outer loop
      vertex -7.787677e+000 -6.273124e+000  2.500000e+000
      vertex -5.626882e-016 -6.750000e+000  2.500000e+000
      vertex -3.070721e-001 -5.992137e+000  2.500000e+000
    endloop
  endfacet
  facet normal  0.000000e+000  0.000000e+000  1.000000e+000
    outer loop
      vertex -7.787677e+000 -6.273124e+000  2.500000e+000
      vertex -3.070721e-001 -5.992137e+000  2.500000e+000
      vertex -2.876553e+000 -5.265495e+000  2.500000e+000
    endloop
  endfacet
  facet normal  0.000000e+000  0.000000e+000  1.000000e+000
    outer loop
      vertex -7.787677e+000 -6.273124e+000  2.500000e+000
      vertex -2.876553e+000 -5.265495e+000  2.500000e+000
      vertex -4.876298e+000 -3.495958e+000  2.500000e+000
    endloop
  endfacet
  facet normal  0.000000e+000  0.000000e+000  1.000000e+000
    outer loop
      vertex -7.787677e+000 -6.273124e+000  2.500000e+000
      vertex -4.876298e+000 -3.495958e+000  2.500000e+000
      vertex -5.910232e+000 -1.034003e+000  2.500000e+000
    endloop
  endfacet
  facet normal  0.000000e+000  0.000000e+000  9.999999e-001
    outer loop
      vertex -7.787677e+000 -6.273124e+000  2.500000e+000
      vertex -5.910232e+000 -1.034003e+000  2.500000e+000
      vertex -7.400718e+000 -1.096978e+000  2.500000e+000
    endloop
  endfacet
  facet normal  0.000000e+000  0.000000e+000  1.000000e+000
    outer loop
      vertex -7.787677e+000 -6.273124e+000  2.500000e+000
      vertex -7.400718e+000 -1.096978e+000  2.500000e+000
      vertex -8.351924e+000 -1.199437e+000  2.500000e+000
    endloop
  endfacet
  facet normal  0.000000e+000  0.000000e+000  1.000000e+000
    outer loop
      vertex -7.787677e+000 -6.273124e+000  2.500000e+000
      vertex -8.351924e+000 -1.199437e+000  2.500000e+000
      vertex -9.595496e+000 -2.815395e+000  2.500000e+000
    endloop
  endfacet
  facet normal  0.000000e+000  0.000000e+000  1.000000e+000
    outer loop
      vertex -5.773571e+000  1.632749e+000  2.500000e+000
      vertex -4.493385e+000  3.976115e+000  2.500000e+000
      vertex -6.273124e+000  7.787677e+000  2.500000e+000
    endloop
  endfacet
  facet normal  0.000000e+000  0.000000e+000  1.000000e+000
    outer loop
      vertex -5.773571e+000  1.632749e+000  2.500000e+000
      vertex -6.273124e+000  7.787677e+000  2.500000e+000
      vertex -7.705450e+000  1.214800e+000  2.500000e+000
    endloop
  endfacet
  facet normal  -0.000000e+000  0.000000e+000  1.000000e+000
    outer loop
      vertex -5.773571e+000  1.632749e+000  2.500000e+000
      vertex -7.705450e+000  1.214800e+000  2.500000e+000
      vertex -6.964844e+000  7.006794e-001  2.500000e+000
    endloop
  endfacet
  facet normal  -0.000000e+000  0.000000e+000  1.000000e+000
    outer loop
      vertex -5.773571e+000  1.632749e+000  2.500000e+000
      vertex -6.964844e+000  7.006794e-001  2.500000e+000
      vertex -6.750000e+000  3.552714e-015  2.500000e+000
    endloop
  endfacet
  facet normal  -0.000000e+000  0.000000e+000  1.000000e+000
    outer loop
      vertex -5.773571e+000  1.632749e+000  2.500000e+000
      vertex -6.750000e+000  3.552714e-015  2.500000e+000
      vertex -6.964844e+000 -7.006794e-001  2.500000e+000
    endloop
  endfacet
  facet normal  -0.000000e+000  0.000000e+000  1.000000e+000
    outer loop
      vertex -5.773571e+000  1.632749e+000  2.500000e+000
      vertex -6.964844e+000 -7.006794e-001  2.500000e+000
      vertex -5.910232e+000 -1.034003e+000  2.500000e+000
    endloop
  endfacet
  facet normal  0.000000e+000  -0.000000e+000  1.000000e+000
    outer loop
      vertex  1.096978e+000 -7.400718e+000  2.500000e+000
      vertex  1.199437e+000 -8.351924e+000  2.500000e+000
      vertex  6.273124e+000 -7.787677e+000  2.500000e+000
    endloop
  endfacet
  facet normal  0.000000e+000  0.000000e+000  9.999999e-001
    outer loop
      vertex  6.273124e+000 -7.787677e+000  2.500000e+000
      vertex  1.199437e+000 -8.351924e+000  2.500000e+000
      vertex  5.992819e-001 -9.096978e+000  2.500000e+000
    endloop
  endfacet
  facet normal  -0.000000e+000  0.000000e+000  9.999999e-001
    outer loop
      vertex  6.273124e+000 -7.787677e+000  2.500000e+000
      vertex  5.992819e-001 -9.096978e+000  2.500000e+000
      vertex  2.815395e+000 -9.595496e+000  2.500000e+000
    endloop
  endfacet
  facet normal  0.000000e+000  0.000000e+000  1.000000e+000
    outer loop
      vertex  2.815395e+000 -9.595496e+000  2.500000e+000
      vertex  5.992819e-001 -9.096978e+000  2.500000e+000
      vertex -3.519244e-001 -9.199437e+000  2.500000e+000
    endloop
  endfacet
  facet normal  0.000000e+000  0.000000e+000  1.000000e+000
    outer loop
      vertex  2.815395e+000 -9.595496e+000  2.500000e+000
      vertex -3.519244e-001 -9.199437e+000  2.500000e+000
      vertex -1.070951e+000 -9.942488e+000  2.500000e+000
    endloop
  endfacet
  facet normal  0.000000e+000  -0.000000e+000  1.000000e+000
    outer loop
      vertex -1.070951e+000 -9.942488e+000  2.500000e+000
      vertex -3.519244e-001 -9.199437e+000  2.500000e+000
      vertex -1.096978e+000 -8.599282e+000  2.500000e+000
    endloop
  endfacet
  facet normal  0.000000e+000  0.000000e+000  1.000000e+000
    outer loop
      vertex -1.070951e+000 -9.942488e+000  2.500000e+000
      vertex -1.096978e+000 -8.599282e+000  2.500000e+000
      vertex -4.794255e+000 -8.775826e+000  2.500000e+000
    endloop
  endfacet
  facet normal  0.000000e+000  0.000000e+000  1.000000e+000
    outer loop
      vertex  6.750000e+000  0.000000e+000  2.500000e+000
      vertex  6.964844e+000  7.006794e-001  2.500000e+000
      vertex  5.910232e+000  1.034003e+000  2.500000e+000
    endloop
  endfacet
  facet normal  -0.000000e+000  0.000000e+000  1.000000e+000
    outer loop
      vertex  5.910232e+000  1.034003e+000  2.500000e+000
      vertex  6.964844e+000  7.006794e-001  2.500000e+000
      vertex  7.400718e+000  1.096978e+000  2.500000e+000
    endloop
  endfacet
  facet normal  0.000000e+000  0.000000e+000  1.000000e+000
    outer loop
      vertex  5.910232e+000  1.034003e+000  2.500000e+000
      vertex  7.400718e+000  1.096978e+000  2.500000e+000
      vertex  4.876298e+000  3.495958e+000  2.500000e+000
    endloop
  endfacet
  facet normal  0.000000e+000  0.000000e+000  1.000000e+000
    outer loop
      vertex  6.964844e+000 -7.006794e-001  2.500000e+000
      vertex  5.773571e+000 -1.632749e+000  2.500000e+000
      vertex  7.705450e+000 -1.214800e+000  2.500000e+000
    endloop
  endfacet
  facet normal  0.000000e+000  0.000000e+000  1.000000e+000
    outer loop
      vertex  7.705450e+000 -1.214800e+000  2.500000e+000
      vertex  5.773571e+000 -1.632749e+000  2.500000e+000
      vertex  6.273124e+000 -7.787677e+000  2.500000e+000
    endloop
  endfacet
  facet normal  0.000000e+000  0.000000e+000  1.000000e+000
    outer loop
      vertex  7.705450e+000 -1.214800e+000  2.500000e+000
      vertex  6.273124e+000 -7.787677e+000  2.500000e+000
      vertex  8.599282e+000 -1.096978e+000  2.500000e+000
    endloop
  endfacet
  facet normal  0.000000e+000  0.000000e+000  1.000000e+000
    outer loop
      vertex  8.599282e+000 -1.096978e+000  2.500000e+000
      vertex  6.273124e+000 -7.787677e+000  2.500000e+000
      vertex  8.775826e+000 -4.794255e+000  2.500000e+000
    endloop
  endfacet
  facet normal  0.000000e+000  -0.000000e+000  1.000000e+000
    outer loop
      vertex  8.599282e+000 -1.096978e+000  2.500000e+000
      vertex  8.775826e+000 -4.794255e+000  2.500000e+000
      vertex  9.942488e+000 -1.070951e+000  2.500000e+000
    endloop
  endfacet
  facet normal  -0.000000e+000  0.000000e+000  1.000000e+000
    outer loop
      vertex  5.773571e+000 -1.632749e+000  2.500000e+000
      vertex  4.493385e+000 -3.976115e+000  2.500000e+000
      vertex  6.273124e+000 -7.787677e+000  2.500000e+000
    endloop
  endfacet
  facet normal  0.000000e+000  0.000000e+000  1.000000e+000
    outer loop
      vertex  6.273124e+000 -7.787677e+000  2.500000e+000
      vertex  4.493385e+000 -3.976115e+000  2.500000e+000
      vertex  2.323228e+000 -5.531962e+000  2.500000e+000
    endloop
  endfacet
  facet normal  0.000000e+000  0.000000e+000  1.000000e+000
    outer loop
      vertex  6.273124e+000 -7.787677e+000  2.500000e+000
      vertex  2.323228e+000 -5.531962e+000  2.500000e+000
      vertex  1.096978e+000 -7.400718e+000  2.500000e+000
    endloop
  endfacet
  facet normal  0.000000e+000  0.000000e+000  1.000000e+000
    outer loop
      vertex -1.199437e+000  8.351924e+000  2.500000e+000
      vertex -5.992819e-001  9.096978e+000  2.500000e+000
      vertex -2.815395e+000  9.595496e+000  2.500000e+000
    endloop
  endfacet
  facet normal  0.000000e+000  0.000000e+000  1.000000e+000
    outer loop
      vertex -2.815395e+000  9.595496e+000  2.500000e+000
      vertex -5.992819e-001  9.096978e+000  2.500000e+000
      vertex  3.519244e-001  9.199437e+000  2.500000e+000
    endloop
  endfacet
  facet normal  0.000000e+000  -0.000000e+000  1.000000e+000
    outer loop
      vertex -2.815395e+000  9.595496e+000  2.500000e+000
      vertex  3.519244e-001  9.199437e+000  2.500000e+000
      vertex  1.070951e+000  9.942488e+000  2.500000e+000
    endloop
  endfacet
  facet normal  0.000000e+000  0.000000e+000  1.000000e+000
    outer loop
      vertex -7.006794e-001  6.964844e+000  2.500000e+000
      vertex -6.273124e+000  7.787677e+000  2.500000e+000
      vertex -5.701101e-016  6.750000e+000  2.500000e+000
    endloop
  endfacet
  facet normal  0.000000e+000  0.000000e+000  1.000000e+000
    outer loop
      vertex -5.701101e-016  6.750000e+000  2.500000e+000
      vertex -6.273124e+000  7.787677e+000  2.500000e+000
      vertex -2.323228e+000  5.531962e+000  2.500000e+000
    endloop
  endfacet
  facet normal  0.000000e+000  0.000000e+000  1.000000e+000
    outer loop
      vertex -5.701101e-016  6.750000e+000  2.500000e+000
      vertex -2.323228e+000  5.531962e+000  2.500000e+000
      vertex  3.070721e-001  5.992137e+000  2.500000e+000
    endloop
  endfacet
  facet normal  0.000000e+000  0.000000e+000  1.000000e+000
    outer loop
      vertex -8.351924e+000 -1.199437e+000  2.500000e+000
      vertex -9.096978e+000 -5.992819e-001  2.500000e+000
      vertex -9.595496e+000 -2.815395e+000  2.500000e+000
    endloop
  endfacet
  facet normal  0.000000e+000  0.000000e+000  1.000000e+000
    outer loop
      vertex -9.595496e+000 -2.815395e+000  2.500000e+000
      vertex -9.096978e+000 -5.992819e-001  2.500000e+000
      vertex -9.199437e+000  3.519244e-001  2.500000e+000
    endloop
  endfacet
  facet normal  0.000000e+000  0.000000e+000  1.000000e+000
    outer loop
      vertex -9.595496e+000 -2.815395e+000  2.500000e+000
      vertex -9.199437e+000  3.519244e-001  2.500000e+000
      vertex -9.942488e+000  1.070951e+000  2.500000e+000
    endloop
  endfacet
  facet normal  0.000000e+000  0.000000e+000  1.000000e+000
    outer loop
      vertex -7.006794e-001  6.964844e+000  2.500000e+000
      vertex -1.096978e+000  7.400718e+000  2.500000e+000
      vertex -6.273124e+000  7.787677e+000  2.500000e+000
    endloop
  endfacet
  facet normal  -0.000000e+000  0.000000e+000  1.000000e+000
    outer loop
      vertex -6.273124e+000  7.787677e+000  2.500000e+000
      vertex -1.096978e+000  7.400718e+000  2.500000e+000
      vertex -1.199437e+000  8.351924e+000  2.500000e+000
    endloop
  endfacet
  facet normal  0.000000e+000  0.000000e+000  1.000000e+000
    outer loop
      vertex -6.273124e+000  7.787677e+000  2.500000e+000
      vertex -1.199437e+000  8.351924e+000  2.500000e+000
      vertex -2.815395e+000  9.595496e+000  2.500000e+000
    endloop
  endfacet
  facet normal  0.000000e+000  0.000000e+000  1.000000e+000
    outer loop
      vertex  5.910232e+000  1.034003e+000  2.500000e+000
      vertex  5.773571e+000 -1.632749e+000  2.500000e+000
      vertex  6.750000e+000  0.000000e+000  2.500000e+000
    endloop
  endfacet
  facet normal  0.000000e+000  0.000000e+000  1.000000e+000
    outer loop
      vertex  6.750000e+000  0.000000e+000  2.500000e+000
      vertex  5.773571e+000 -1.632749e+000  2.500000e+000
      vertex  6.964844e+000 -7.006794e-001  2.500000e+000
    endloop
  endfacet
  facet normal  0.000000e+000  0.000000e+000  1.000000e+000
    outer loop
      vertex  8.599282e+000 -1.096978e+000  2.500000e+000
      vertex  9.942488e+000 -1.070951e+000  2.500000e+000
      vertex  9.199437e+000 -3.519244e-001  2.500000e+000
    endloop
  endfacet
  facet normal  -0.000000e+000  0.000000e+000  1.000000e+000
    outer loop
      vertex  9.199437e+000 -3.519244e-001  2.500000e+000
      vertex  9.942488e+000 -1.070951e+000  2.500000e+000
      vertex  9.595496e+000  2.815395e+000  2.500000e+000
    endloop
  endfacet
  facet normal  0.000000e+000  0.000000e+000  1.000000e+000
    outer loop
      vertex  9.199437e+000 -3.519244e-001  2.500000e+000
      vertex  9.595496e+000  2.815395e+000  2.500000e+000
      vertex  9.096978e+000  5.992819e-001  2.500000e+000
    endloop
  endfacet
  facet normal  4.958134e-016  2.974133e-015 -9.999999e-001
    outer loop
      vertex  1.096978e+000 -7.400718e+000 -1.415534e-015
      vertex  3.519244e-001 -6.800563e+000  0.000000e+000
      vertex  6.273124e+000 -7.787677e+000  0.000000e+000
    endloop
  endfacet
  facet normal  0.000000e+000  0.000000e+000 -1.000000e+000
    outer loop
      vertex  9.595496e+000  2.815395e+000  0.000000e+000
      vertex  9.096978e+000  5.992819e-001  0.000000e+000
      vertex  8.351924e+000  1.199437e+000  0.000000e+000
    endloop
  endfacet
  facet normal -4.625689e-016 -3.889290e-016 -1.000000e+000
    outer loop
      vertex  7.400718e+000  1.096978e+000 -1.415534e-015
      vertex  3.729726e+000  2.037559e+000 -8.326673e-017
      vertex  2.211258e+000  3.629440e+000  0.000000e+000
    endloop
  endfacet
  facet normal -1.344124e-016  2.835211e-016 -1.000000e+000
    outer loop
      vertex  7.400718e+000  1.096978e+000 -1.415534e-015
      vertex  2.211258e+000  3.629440e+000  0.000000e+000
      vertex  7.787677e+000  6.273124e+000  0.000000e+000
    endloop
  endfacet
  facet normal  4.576241e-016  2.392616e-016 -1.000000e+000
    outer loop
      vertex  7.400718e+000  1.096978e+000 -1.415534e-015
      vertex  7.787677e+000  6.273124e+000  0.000000e+000
      vertex  9.595496e+000  2.815395e+000  0.000000e+000
    endloop
  endfacet
  facet normal  1.622653e-015 -1.248724e-015 -1.000000e+000
    outer loop
      vertex  7.400718e+000  1.096978e+000 -1.415534e-015
      vertex  9.595496e+000  2.815395e+000  0.000000e+000
      vertex  8.351924e+000  1.199437e+000  0.000000e+000
    endloop
  endfacet
  facet normal  0.000000e+000  0.000000e+000 -9.999999e-001
    outer loop
      vertex -8.599282e+000  1.096978e+000  0.000000e+000
      vertex -9.199437e+000  3.519244e-001  0.000000e+000
      vertex -9.942488e+000  1.070951e+000  0.000000e+000
    endloop
  endfacet
  facet normal  0.000000e+000  0.000000e+000 -1.000000e+000
    outer loop
      vertex -8.599282e+000  1.096978e+000  0.000000e+000
      vertex -9.942488e+000  1.070951e+000  0.000000e+000
      vertex -8.775826e+000  4.794255e+000  0.000000e+000
    endloop
  endfacet
  facet normal  0.000000e+000  0.000000e+000 -1.000000e+000
    outer loop
      vertex -8.599282e+000  1.096978e+000  0.000000e+000
      vertex -8.775826e+000  4.794255e+000  0.000000e+000
      vertex -7.648076e+000  1.199437e+000  0.000000e+000
    endloop
  endfacet
  facet normal  0.000000e+000  0.000000e+000 -1.000000e+000
    outer loop
      vertex -7.787677e+000 -6.273124e+000  0.000000e+000
      vertex -9.595496e+000 -2.815395e+000  0.000000e+000
      vertex -8.351924e+000 -1.199437e+000  0.000000e+000
    endloop
  endfacet
  facet normal -1.470532e-015 -1.635384e-016 -1.000000e+000
    outer loop
      vertex -7.787677e+000 -6.273124e+000  0.000000e+000
      vertex -8.351924e+000 -1.199437e+000  0.000000e+000
      vertex -7.400718e+000 -1.096978e+000 -1.415534e-015
    endloop
  endfacet
  facet normal  2.873445e-016 -2.949540e-016 -1.000000e+000
    outer loop
      vertex -7.787677e+000 -6.273124e+000  0.000000e+000
      vertex -7.400718e+000 -1.096978e+000 -1.415534e-015
      vertex -3.729726e+000 -2.037559e+000 -8.326673e-017
    endloop
  endfacet
  facet normal  1.707586e-017 -3.601875e-017 -1.000000e+000
    outer loop
      vertex -7.787677e+000 -6.273124e+000  0.000000e+000
      vertex -3.729726e+000 -2.037559e+000 -8.326673e-017
      vertex -2.211258e+000 -3.629440e+000  0.000000e+000
    endloop
  endfacet
  facet normal  0.000000e+000  -0.000000e+000 -1.000000e+000
    outer loop
      vertex -7.787677e+000 -6.273124e+000  0.000000e+000
      vertex -2.211258e+000 -3.629440e+000  0.000000e+000
      vertex -1.002855e-001 -4.248816e+000  0.000000e+000
    endloop
  endfacet
  facet normal  0.000000e+000  0.000000e+000 -1.000000e+000
    outer loop
      vertex -7.787677e+000 -6.273124e+000  0.000000e+000
      vertex -1.002855e-001 -4.248816e+000  0.000000e+000
      vertex -5.992819e-001 -6.903022e+000  0.000000e+000
    endloop
  endfacet
  facet normal  -0.000000e+000  0.000000e+000 -1.000000e+000
    outer loop
      vertex -7.787677e+000 -6.273124e+000  0.000000e+000
      vertex -5.992819e-001 -6.903022e+000  0.000000e+000
      vertex -1.199437e+000 -7.648076e+000  0.000000e+000
    endloop
  endfacet
  facet normal  3.177151e-016  1.522369e-015 -1.000000e+000
    outer loop
      vertex -7.787677e+000 -6.273124e+000  0.000000e+000
      vertex -1.199437e+000 -7.648076e+000  0.000000e+000
      vertex -1.096978e+000 -8.599282e+000 -1.415534e-015
    endloop
  endfacet
  facet normal -3.621741e-016 -4.331878e-016 -1.000000e+000
    outer loop
      vertex -7.787677e+000 -6.273124e+000  0.000000e+000
      vertex -1.096978e+000 -8.599282e+000 -1.415534e-015
      vertex -4.794255e+000 -8.775826e+000  0.000000e+000
    endloop
  endfacet
  facet normal -3.976350e-016 -1.354988e-016 -1.000000e+000
    outer loop
      vertex  3.729726e+000  2.037559e+000 -8.326673e-017
      vertex  7.400718e+000  1.096978e+000 -1.415534e-015
      vertex  4.248816e+000 -1.002855e-001  0.000000e+000
    endloop
  endfacet
  facet normal  3.927609e-016 -2.216285e-015 -1.000000e+000
    outer loop
      vertex  4.248816e+000 -1.002855e-001  0.000000e+000
      vertex  7.400718e+000  1.096978e+000 -1.415534e-015
      vertex  6.800563e+000  3.519244e-001  0.000000e+000
    endloop
  endfacet
  facet normal  0.000000e+000  -0.000000e+000 -1.000000e+000
    outer loop
      vertex  4.248816e+000 -1.002855e-001  0.000000e+000
      vertex  6.800563e+000  3.519244e-001  0.000000e+000
      vertex  6.903022e+000 -5.992819e-001  0.000000e+000
    endloop
  endfacet
  facet normal -3.322305e-016 -1.060285e-015 -1.000000e+000
    outer loop
      vertex -4.794255e+000 -8.775826e+000  0.000000e+000
      vertex -1.096978e+000 -8.599282e+000 -1.415534e-015
      vertex -1.070951e+000 -9.942488e+000  0.000000e+000
    endloop
  endfacet
  facet normal  1.067679e-015 -1.033160e-015 -1.000000e+000
    outer loop
      vertex -1.070951e+000 -9.942488e+000  0.000000e+000
      vertex -1.096978e+000 -8.599282e+000 -1.415534e-015
      vertex -3.519244e-001 -9.199437e+000  0.000000e+000
    endloop
  endfacet
  facet normal  0.000000e+000  -0.000000e+000 -1.000000e+000
    outer loop
      vertex -1.070951e+000 -9.942488e+000  0.000000e+000
      vertex -3.519244e-001 -9.199437e+000  0.000000e+000
      vertex  2.815395e+000 -9.595496e+000  0.000000e+000
    endloop
  endfacet
  facet normal  0.000000e+000  0.000000e+000 -1.000000e+000
    outer loop
      vertex  2.815395e+000 -9.595496e+000  0.000000e+000
      vertex -3.519244e-001 -9.199437e+000  0.000000e+000
      vertex  5.992819e-001 -9.096978e+000  0.000000e+000
    endloop
  endfacet
  facet normal  0.000000e+000  0.000000e+000 -9.999999e-001
    outer loop
      vertex  2.815395e+000 -9.595496e+000  0.000000e+000
      vertex  5.992819e-001 -9.096978e+000  0.000000e+000
      vertex  6.273124e+000 -7.787677e+000  0.000000e+000
    endloop
  endfacet
  facet normal  0.000000e+000  0.000000e+000 -9.999999e-001
    outer loop
      vertex  6.273124e+000 -7.787677e+000  0.000000e+000
      vertex  5.992819e-001 -9.096978e+000  0.000000e+000
      vertex  1.199437e+000 -8.351924e+000  0.000000e+000
    endloop
  endfacet
  facet normal  1.635384e-016 -1.470532e-015 -1.000000e+000
    outer loop
      vertex  6.273124e+000 -7.787677e+000  0.000000e+000
      vertex  1.199437e+000 -8.351924e+000  0.000000e+000
      vertex  1.096978e+000 -7.400718e+000 -1.415534e-015
    endloop
  endfacet
  facet normal  0.000000e+000  0.000000e+000 -1.000000e+000
    outer loop
      vertex  9.942488e+000 -1.070951e+000  0.000000e+000
      vertex  8.775826e+000 -4.794255e+000  0.000000e+000
      vertex  8.599282e+000 -1.096978e+000  0.000000e+000
    endloop
  endfacet
  facet normal  0.000000e+000  -0.000000e+000 -1.000000e+000
    outer loop
      vertex  8.599282e+000 -1.096978e+000  0.000000e+000
      vertex  8.775826e+000 -4.794255e+000  0.000000e+000
      vertex  6.273124e+000 -7.787677e+000  0.000000e+000
    endloop
  endfacet
  facet normal  0.000000e+000  0.000000e+000 -9.999999e-001
    outer loop
      vertex  8.599282e+000 -1.096978e+000  0.000000e+000
      vertex  6.273124e+000 -7.787677e+000  0.000000e+000
      vertex  7.648076e+000 -1.199437e+000  0.000000e+000
    endloop
  endfacet
  facet normal  0.000000e+000  0.000000e+000 -1.000000e+000
    outer loop
      vertex  7.648076e+000 -1.199437e+000  0.000000e+000
      vertex  6.273124e+000 -7.787677e+000  0.000000e+000
      vertex  3.629440e+000 -2.211258e+000  0.000000e+000
    endloop
  endfacet
  facet normal  0.000000e+000  0.000000e+000 -1.000000e+000
    outer loop
      vertex  7.648076e+000 -1.199437e+000  0.000000e+000
      vertex  3.629440e+000 -2.211258e+000  0.000000e+000
      vertex  6.903022e+000 -5.992819e-001  0.000000e+000
    endloop
  endfacet
  facet normal  -0.000000e+000  0.000000e+000 -1.000000e+000
    outer loop
      vertex  6.903022e+000 -5.992819e-001  0.000000e+000
      vertex  3.629440e+000 -2.211258e+000  0.000000e+000
      vertex  4.248816e+000 -1.002855e-001  0.000000e+000
    endloop
  endfacet
  facet normal  0.000000e+000  0.000000e+000 -1.000000e+000
    outer loop
      vertex  4.794255e+000  8.775826e+000  0.000000e+000
      vertex  1.096978e+000  8.599282e+000  0.000000e+000
      vertex  1.070951e+000  9.942488e+000  0.000000e+000
    endloop
  endfacet
  facet normal  0.000000e+000  -0.000000e+000 -1.000000e+000
    outer loop
      vertex  1.070951e+000  9.942488e+000  0.000000e+000
      vertex  1.096978e+000  8.599282e+000  0.000000e+000
      vertex  3.519244e-001  9.199437e+000  0.000000e+000
    endloop
  endfacet
  facet normal  0.000000e+000  0.000000e+000 -1.000000e+000
    outer loop
      vertex  1.070951e+000  9.942488e+000  0.000000e+000
      vertex  3.519244e-001  9.199437e+000  0.000000e+000
      vertex -2.815395e+000  9.595496e+000  0.000000e+000
    endloop
  endfacet
  facet normal  0.000000e+000  0.000000e+000 -1.000000e+000
    outer loop
      vertex -2.815395e+000  9.595496e+000  0.000000e+000
      vertex  3.519244e-001  9.199437e+000  0.000000e+000
      vertex -5.992819e-001  9.096978e+000  0.000000e+000
    endloop
  endfacet
  facet normal  -0.000000e+000  0.000000e+000 -1.000000e+000
    outer loop
      vertex -2.815395e+000  9.595496e+000  0.000000e+000
      vertex -5.992819e-001  9.096978e+000  0.000000e+000
      vertex -1.199437e+000  8.351924e+000  0.000000e+000
    endloop
  endfacet
  facet normal  0.000000e+000  0.000000e+000 -1.000000e+000
    outer loop
      vertex  7.787677e+000  6.273124e+000  0.000000e+000
      vertex  2.211258e+000  3.629440e+000  0.000000e+000
      vertex  5.992819e-001  6.903022e+000  0.000000e+000
    endloop
  endfacet
  facet normal  0.000000e+000  -0.000000e+000 -1.000000e+000
    outer loop
      vertex  5.992819e-001  6.903022e+000  0.000000e+000
      vertex  2.211258e+000  3.629440e+000  0.000000e+000
      vertex  1.002855e-001  4.248816e+000  0.000000e+000
    endloop
  endfacet
  facet normal  0.000000e+000  0.000000e+000 -1.000000e+000
    outer loop
      vertex  5.992819e-001  6.903022e+000  0.000000e+000
      vertex  1.002855e-001  4.248816e+000  0.000000e+000
      vertex -3.519244e-001  6.800563e+000  0.000000e+000
    endloop
  endfacet
  facet normal  0.000000e+000  -0.000000e+000 -1.000000e+000
    outer loop
      vertex -3.519244e-001  6.800563e+000  0.000000e+000
      vertex  1.002855e-001  4.248816e+000  0.000000e+000
      vertex -2.037559e+000  3.729726e+000  0.000000e+000
    endloop
  endfacet
  facet normal  0.000000e+000  0.000000e+000 -1.000000e+000
    outer loop
      vertex -3.519244e-001  6.800563e+000  0.000000e+000
      vertex -2.037559e+000  3.729726e+000  0.000000e+000
      vertex -6.273124e+000  7.787677e+000  0.000000e+000
    endloop
  endfacet
  facet normal  0.000000e+000  0.000000e+000 -1.000000e+000
    outer loop
      vertex -6.273124e+000  7.787677e+000  0.000000e+000
      vertex -2.037559e+000  3.729726e+000  0.000000e+000
      vertex -3.629440e+000  2.211258e+000  0.000000e+000
    endloop
  endfacet
  facet normal  0.000000e+000  0.000000e+000 -1.000000e+000
    outer loop
      vertex -6.273124e+000  7.787677e+000  0.000000e+000
      vertex -3.629440e+000  2.211258e+000  0.000000e+000
      vertex -8.775826e+000  4.794255e+000  0.000000e+000
    endloop
  endfacet
  facet normal  0.000000e+000  0.000000e+000 -1.000000e+000
    outer loop
      vertex -8.775826e+000  4.794255e+000  0.000000e+000
      vertex -3.629440e+000  2.211258e+000  0.000000e+000
      vertex -7.648076e+000  1.199437e+000  0.000000e+000
    endloop
  endfacet
  facet normal  0.000000e+000  -0.000000e+000 -1.000000e+000
    outer loop
      vertex -5.992819e-001 -6.903022e+000  0.000000e+000
      vertex -1.002855e-001 -4.248816e+000  0.000000e+000
      vertex  3.519244e-001 -6.800563e+000  0.000000e+000
    endloop
  endfacet
  facet normal  0.000000e+000  0.000000e+000 -1.000000e+000
    outer loop
      vertex  3.519244e-001 -6.800563e+000  0.000000e+000
      vertex -1.002855e-001 -4.248816e+000  0.000000e+000
      vertex  2.037559e+000 -3.729726e+000  0.000000e+000
    endloop
  endfacet
  facet normal  0.000000e+000  -0.000000e+000 -1.000000e+000
    outer loop
      vertex  3.519244e-001 -6.800563e+000  0.000000e+000
      vertex  2.037559e+000 -3.729726e+000  0.000000e+000
      vertex  6.273124e+000 -7.787677e+000  0.000000e+000
    endloop
  endfacet
  facet normal  0.000000e+000  0.000000e+000 -1.000000e+000
    outer loop
      vertex  6.273124e+000 -7.787677e+000  0.000000e+000
      vertex  2.037559e+000 -3.729726e+000  0.000000e+000
      vertex  3.629440e+000 -2.211258e+000  0.000000e+000
    endloop
  endfacet
  facet normal  -0.000000e+000  0.000000e+000 -1.000000e+000
    outer loop
      vertex -9.942488e+000  1.070951e+000  0.000000e+000
      vertex -9.199437e+000  3.519244e-001  0.000000e+000
      vertex -9.595496e+000 -2.815395e+000  0.000000e+000
    endloop
  endfacet
  facet normal  0.000000e+000  0.000000e+000 -1.000000e+000
    outer loop
      vertex -9.595496e+000 -2.815395e+000  0.000000e+000
      vertex -9.199437e+000  3.519244e-001  0.000000e+000
      vertex -9.096978e+000 -5.992819e-001  0.000000e+000
    endloop
  endfacet
  facet normal  0.000000e+000  -0.000000e+000 -1.000000e+000
    outer loop
      vertex -9.595496e+000 -2.815395e+000  0.000000e+000
      vertex -9.096978e+000 -5.992819e-001  0.000000e+000
      vertex -8.351924e+000 -1.199437e+000  0.000000e+000
    endloop
  endfacet
  facet normal  3.976350e-016  1.354988e-016 -1.000000e+000
    outer loop
      vertex -3.729726e+000 -2.037559e+000 -8.326673e-017
      vertex -7.400718e+000 -1.096978e+000 -1.415534e-015
      vertex -4.248816e+000  1.002855e-001  0.000000e+000
    endloop
  endfacet
  facet normal -3.927609e-016  2.216285e-015 -1.000000e+000
    outer loop
      vertex -4.248816e+000  1.002855e-001  0.000000e+000
      vertex -7.400718e+000 -1.096978e+000 -1.415534e-015
      vertex -6.800563e+000 -3.519244e-001  0.000000e+000
    endloop
  endfacet
  facet normal  0.000000e+000  0.000000e+000 -1.000000e+000
    outer loop
      vertex -4.248816e+000  1.002855e-001  0.000000e+000
      vertex -6.800563e+000 -3.519244e-001  0.000000e+000
      vertex -3.629440e+000  2.211258e+000  0.000000e+000
    endloop
  endfacet
  facet normal  0.000000e+000  0.000000e+000 -1.000000e+000
    outer loop
      vertex -3.629440e+000  2.211258e+000  0.000000e+000
      vertex -6.800563e+000 -3.519244e-001  0.000000e+000
      vertex -6.903022e+000  5.992819e-001  0.000000e+000
    endloop
  endfacet
  facet normal  0.000000e+000  0.000000e+000 -1.000000e+000
    outer loop
      vertex -3.629440e+000  2.211258e+000  0.000000e+000
      vertex -6.903022e+000  5.992819e-001  0.000000e+000
      vertex -7.648076e+000  1.199437e+000  0.000000e+000
    endloop
  endfacet
  facet normal  -0.000000e+000  0.000000e+000 -1.000000e+000
    outer loop
      vertex -2.815395e+000  9.595496e+000  0.000000e+000
      vertex -1.199437e+000  8.351924e+000  0.000000e+000
      vertex -6.273124e+000  7.787677e+000  0.000000e+000
    endloop
  endfacet
  facet normal -1.635384e-016  1.470532e-015 -1.000000e+000
    outer loop
      vertex -6.273124e+000  7.787677e+000  0.000000e+000
      vertex -1.199437e+000  8.351924e+000  0.000000e+000
      vertex -1.096978e+000  7.400718e+000 -1.415534e-015
    endloop
  endfacet
  facet normal -4.958133e-016 -2.974133e-015 -9.999999e-001
    outer loop
      vertex -6.273124e+000  7.787677e+000  0.000000e+000
      vertex -1.096978e+000  7.400718e+000 -1.415534e-015
      vertex -3.519244e-001  6.800563e+000  0.000000e+000
    endloop
  endfacet
  facet normal  0.000000e+000  0.000000e+000 -1.000000e+000
    outer loop
      vertex  7.787677e+000  6.273124e+000  0.000000e+000
      vertex  5.992819e-001  6.903022e+000  0.000000e+000
      vertex  4.794255e+000  8.775826e+000  0.000000e+000
    endloop
  endfacet
  facet normal  0.000000e+000  0.000000e+000 -1.000000e+000
    outer loop
      vertex  4.794255e+000  8.775826e+000  0.000000e+000
      vertex  5.992819e-001  6.903022e+000  0.000000e+000
      vertex  1.199437e+000  7.648076e+000  0.000000e+000
    endloop
  endfacet
  facet normal  0.000000e+000  0.000000e+000 -1.000000e+000
    outer loop
      vertex  4.794255e+000  8.775826e+000  0.000000e+000
      vertex  1.199437e+000  7.648076e+000  0.000000e+000
      vertex  1.096978e+000  8.599282e+000  0.000000e+000
    endloop
  endfacet
  facet normal  0.000000e+000  0.000000e+000 -1.000000e+000
    outer loop
      vertex  9.096978e+000  5.992819e-001  0.000000e+000
      vertex  9.595496e+000  2.815395e+000  0.000000e+000
      vertex  9.199437e+000 -3.519244e-001  0.000000e+000
    endloop
  endfacet
  facet normal  0.000000e+000  0.000000e+000 -1.000000e+000
    outer loop
      vertex  9.199437e+000 -3.519244e-001  0.000000e+000
      vertex  9.595496e+000  2.815395e+000  0.000000e+000
      vertex  9.942488e+000 -1.070951e+000  0.000000e+000
    endloop
  endfacet
  facet normal  -0.000000e+000  0.000000e+000 -1.000000e+000
    outer loop
      vertex  9.199437e+000 -3.519244e-001  0.000000e+000
      vertex  9.942488e+000 -1.070951e+000  0.000000e+000
      vertex  8.599282e+000 -1.096978e+000  0.000000e+000
    endloop
  endfacet
  facet normal  9.936339e-001  1.070290e-001  3.516284e-002
    outer loop
      vertex  6.800563e+000  3.519244e-001  0.000000e+000
      vertex  6.750000e+000  0.000000e+000  2.500000e+000
      vertex  6.903022e+000 -5.992819e-001  0.000000e+000
    endloop
  endfacet
  facet normal  5.702360e-001  8.214415e-001 -8.038726e-003
    outer loop
      vertex  6.964844e+000 -7.006794e-001  2.500000e+000
      vertex  7.705450e+000 -1.214800e+000  2.500000e+000
      vertex  7.648076e+000 -1.199437e+000  0.000000e+000
    endloop
  endfacet
  facet normal  6.272314e-001  7.786672e-001  1.607129e-002
    outer loop
      vertex  6.964844e+000 -7.006794e-001  2.500000e+000
      vertex  7.648076e+000 -1.199437e+000  0.000000e+000
      vertex  6.903022e+000 -5.992819e-001  0.000000e+000
    endloop
  endfacet
  facet normal  9.560002e-001  2.931308e-001 -1.175163e-002
    outer loop
      vertex  6.964844e+000 -7.006794e-001  2.500000e+000
      vertex  6.903022e+000 -5.992819e-001  0.000000e+000
      vertex  6.750000e+000  0.000000e+000  2.500000e+000
    endloop
  endfacet
  facet normal -1.306811e-001  9.913828e-001  9.091528e-003
    outer loop
      vertex  7.705450e+000 -1.214800e+000  2.500000e+000
      vertex  8.599282e+000 -1.096978e+000  2.500000e+000
      vertex  7.648076e+000 -1.199437e+000  0.000000e+000
    endloop
  endfacet
  facet normal -1.070951e-001  9.942488e-001  0.000000e+000
    outer loop
      vertex  7.648076e+000 -1.199437e+000  0.000000e+000
      vertex  8.599282e+000 -1.096978e+000  2.500000e+000
      vertex  8.599282e+000 -1.096978e+000  0.000000e+000
    endloop
  endfacet
  facet normal  9.558364e-001 -2.930805e-001 -2.192495e-002
    outer loop
      vertex  6.750000e+000  0.000000e+000  2.500000e+000
      vertex  6.800563e+000  3.519244e-001  0.000000e+000
      vertex  6.964844e+000  7.006794e-001  2.500000e+000
    endloop
  endfacet
  facet normal  7.782540e-001 -6.268988e-001  3.631272e-002
    outer loop
      vertex  6.964844e+000  7.006794e-001  2.500000e+000
      vertex  6.800563e+000  3.519244e-001  0.000000e+000
      vertex  7.400718e+000  1.096978e+000 -1.415534e-015
    endloop
  endfacet
  facet normal  6.727186e-001 -7.398983e-001  0.000000e+000
    outer loop
      vertex  6.964844e+000  7.006794e-001  2.500000e+000
      vertex  7.400718e+000  1.096978e+000 -1.415534e-015
      vertex  7.400718e+000  1.096978e+000  2.500000e+000
    endloop
  endfacet
  facet normal -6.273121e-001 -7.787679e-001  -0.000000e+000
    outer loop
      vertex  9.096978e+000  5.992819e-001  0.000000e+000
      vertex  8.351924e+000  1.199437e+000  2.500000e+000
      vertex  8.351924e+000  1.199437e+000  0.000000e+000
    endloop
  endfacet
  facet normal  1.070952e-001 -9.942488e-001  0.000000e+000
    outer loop
      vertex  8.351924e+000  1.199437e+000  0.000000e+000
      vertex  8.351924e+000  1.199437e+000  2.500000e+000
      vertex  7.400718e+000  1.096978e+000  2.500000e+000
    endloop
  endfacet
  facet normal  1.070952e-001 -9.942488e-001  0.000000e+000
    outer loop
      vertex  8.351924e+000  1.199437e+000  0.000000e+000
      vertex  7.400718e+000  1.096978e+000  2.500000e+000
      vertex  7.400718e+000  1.096978e+000 -1.415534e-015
    endloop
  endfacet
  facet normal -6.273121e-001 -7.787679e-001  0.000000e+000
    outer loop
      vertex  8.351924e+000  1.199437e+000  2.500000e+000
      vertex  9.096978e+000  5.992819e-001  0.000000e+000
      vertex  9.096978e+000  5.992819e-001  2.500000e+000
    endloop
  endfacet
  facet normal -9.942488e-001 -1.070953e-001  -0.000000e+000
    outer loop
      vertex  9.096978e+000  5.992819e-001  2.500000e+000
      vertex  9.096978e+000  5.992819e-001  0.000000e+000
      vertex  9.199437e+000 -3.519244e-001  0.000000e+000
    endloop
  endfacet
  facet normal -9.942488e-001 -1.070953e-001  0.000000e+000
    outer loop
      vertex  9.096978e+000  5.992819e-001  2.500000e+000
      vertex  9.199437e+000 -3.519244e-001  0.000000e+000
      vertex  9.199437e+000 -3.519244e-001  2.500000e+000
    endloop
  endfacet
  facet normal -7.787678e-001  6.273122e-001  0.000000e+000
    outer loop
      vertex  9.199437e+000 -3.519244e-001  2.500000e+000
      vertex  9.199437e+000 -3.519244e-001  0.000000e+000
      vertex  8.599282e+000 -1.096978e+000  0.000000e+000
    endloop
  endfacet
  facet normal -7.787678e-001  6.273122e-001  0.000000e+000
    outer loop
      vertex  9.199437e+000 -3.519244e-001  2.500000e+000
      vertex  8.599282e+000 -1.096978e+000  0.000000e+000
      vertex  8.599282e+000 -1.096978e+000  2.500000e+000
    endloop
  endfacet
  facet normal -1.070290e-001  9.936339e-001  3.516284e-002
    outer loop
      vertex -3.519244e-001  6.800563e+000  0.000000e+000
      vertex -5.701101e-016  6.750000e+000  2.500000e+000
      vertex  5.992819e-001  6.903022e+000  0.000000e+000
    endloop
  endfacet
  facet normal -8.214415e-001  5.702360e-001 -8.038726e-003
    outer loop
      vertex  7.006794e-001  6.964844e+000  2.500000e+000
      vertex  1.214800e+000  7.705450e+000  2.500000e+000
      vertex  1.199437e+000  7.648076e+000  0.000000e+000
    endloop
  endfacet
  facet normal -7.786672e-001  6.272314e-001  1.607129e-002
    outer loop
      vertex  7.006794e-001  6.964844e+000  2.500000e+000
      vertex  1.199437e+000  7.648076e+000  0.000000e+000
      vertex  5.992819e-001  6.903022e+000  0.000000e+000
    endloop
  endfacet
  facet normal -2.931308e-001  9.560002e-001 -1.175163e-002
    outer loop
      vertex  7.006794e-001  6.964844e+000  2.500000e+000
      vertex  5.992819e-001  6.903022e+000  0.000000e+000
      vertex -5.701101e-016  6.750000e+000  2.500000e+000
    endloop
  endfacet
  facet normal -9.913828e-001 -1.306811e-001  9.091528e-003
    outer loop
      vertex  1.214800e+000  7.705450e+000  2.500000e+000
      vertex  1.096978e+000  8.599282e+000  2.500000e+000
      vertex  1.199437e+000  7.648076e+000  0.000000e+000
    endloop
  endfacet
  facet normal -9.942488e-001 -1.070951e-001  0.000000e+000
    outer loop
      vertex  1.199437e+000  7.648076e+000  0.000000e+000
      vertex  1.096978e+000  8.599282e+000  2.500000e+000
      vertex  1.096978e+000  8.599282e+000  0.000000e+000
    endloop
  endfacet
  facet normal  2.930805e-001  9.558364e-001 -2.192495e-002
    outer loop
      vertex -5.701101e-016  6.750000e+000  2.500000e+000
      vertex -3.519244e-001  6.800563e+000  0.000000e+000
      vertex -7.006794e-001  6.964844e+000  2.500000e+000
    endloop
  endfacet
  facet normal  6.268988e-001  7.782540e-001  3.631272e-002
    outer loop
      vertex -7.006794e-001  6.964844e+000  2.500000e+000
      vertex -3.519244e-001  6.800563e+000  0.000000e+000
      vertex -1.096978e+000  7.400718e+000 -1.415534e-015
    endloop
  endfacet
  facet normal  7.398983e-001  6.727186e-001  -0.000000e+000
    outer loop
      vertex -7.006794e-001  6.964844e+000  2.500000e+000
      vertex -1.096978e+000  7.400718e+000 -1.415534e-015
      vertex -1.096978e+000  7.400718e+000  2.500000e+000
    endloop
  endfacet
  facet normal  7.787679e-001 -6.273121e-001  0.000000e+000
    outer loop
      vertex -5.992819e-001  9.096978e+000  0.000000e+000
      vertex -1.199437e+000  8.351924e+000  2.500000e+000
      vertex -1.199437e+000  8.351924e+000  0.000000e+000
    endloop
  endfacet
  facet normal  9.942488e-001  1.070952e-001  -0.000000e+000
    outer loop
      vertex -1.199437e+000  8.351924e+000  0.000000e+000
      vertex -1.199437e+000  8.351924e+000  2.500000e+000
      vertex -1.096978e+000  7.400718e+000  2.500000e+000
    endloop
  endfacet
  facet normal  9.942488e-001  1.070952e-001  0.000000e+000
    outer loop
      vertex -1.199437e+000  8.351924e+000  0.000000e+000
      vertex -1.096978e+000  7.400718e+000  2.500000e+000
      vertex -1.096978e+000  7.400718e+000 -1.415534e-015
    endloop
  endfacet
  facet normal  7.787679e-001 -6.273121e-001  0.000000e+000
    outer loop
      vertex -1.199437e+000  8.351924e+000  2.500000e+000
      vertex -5.992819e-001  9.096978e+000  0.000000e+000
      vertex -5.992819e-001  9.096978e+000  2.500000e+000
    endloop
  endfacet
  facet normal  1.070953e-001 -9.942488e-001  0.000000e+000
    outer loop
      vertex -5.992819e-001  9.096978e+000  2.500000e+000
      vertex -5.992819e-001  9.096978e+000  0.000000e+000
      vertex  3.519244e-001  9.199437e+000  0.000000e+000
    endloop
  endfacet
  facet normal  1.070953e-001 -9.942488e-001  0.000000e+000
    outer loop
      vertex -5.992819e-001  9.096978e+000  2.500000e+000
      vertex  3.519244e-001  9.199437e+000  0.000000e+000
      vertex  3.519244e-001  9.199437e+000  2.500000e+000
    endloop
  endfacet
  facet normal -6.273122e-001 -7.787678e-001  -0.000000e+000
    outer loop
      vertex  3.519244e-001  9.199437e+000  2.500000e+000
      vertex  3.519244e-001  9.199437e+000  0.000000e+000
      vertex  1.096978e+000  8.599282e+000  0.000000e+000
    endloop
  endfacet
  facet normal -6.273122e-001 -7.787678e-001  0.000000e+000
    outer loop
      vertex  3.519244e-001  9.199437e+000  2.500000e+000
      vertex  1.096978e+000  8.599282e+000  0.000000e+000
      vertex  1.096978e+000  8.599282e+000  2.500000e+000
    endloop
  endfacet
  facet normal -9.936339e-001 -1.070290e-001  3.516284e-002
    outer loop
      vertex -6.800563e+000 -3.519244e-001  0.000000e+000
      vertex -6.750000e+000  3.552714e-015  2.500000e+000
      vertex -6.903022e+000  5.992819e-001  0.000000e+000
    endloop
  endfacet
  facet normal -5.702360e-001 -8.214415e-001 -8.038726e-003
    outer loop
      vertex -6.964844e+000  7.006794e-001  2.500000e+000
      vertex -7.705450e+000  1.214800e+000  2.500000e+000
      vertex -7.648076e+000  1.199437e+000  0.000000e+000
    endloop
  endfacet
  facet normal -6.272314e-001 -7.786672e-001  1.607129e-002
    outer loop
      vertex -6.964844e+000  7.006794e-001  2.500000e+000
      vertex -7.648076e+000  1.199437e+000  0.000000e+000
      vertex -6.903022e+000  5.992819e-001  0.000000e+000
    endloop
  endfacet
  facet normal -9.560002e-001 -2.931308e-001 -1.175163e-002
    outer loop
      vertex -6.964844e+000  7.006794e-001  2.500000e+000
      vertex -6.903022e+000  5.992819e-001  0.000000e+000
      vertex -6.750000e+000  3.552714e-015  2.500000e+000
    endloop
  endfacet
  facet normal  1.306811e-001 -9.913828e-001  9.091528e-003
    outer loop
      vertex -7.705450e+000  1.214800e+000  2.500000e+000
      vertex -8.599282e+000  1.096978e+000  2.500000e+000
      vertex -7.648076e+000  1.199437e+000  0.000000e+000
    endloop
  endfacet
  facet normal  1.070951e-001 -9.942488e-001  0.000000e+000
    outer loop
      vertex -7.648076e+000  1.199437e+000  0.000000e+000
      vertex -8.599282e+000  1.096978e+000  2.500000e+000
      vertex -8.599282e+000  1.096978e+000  0.000000e+000
    endloop
  endfacet
  facet normal -9.558364e-001  2.930805e-001 -2.192495e-002
    outer loop
      vertex -6.750000e+000  3.552714e-015  2.500000e+000
      vertex -6.800563e+000 -3.519244e-001  0.000000e+000
      vertex -6.964844e+000 -7.006794e-001  2.500000e+000
    endloop
  endfacet
  facet normal -7.782540e-001  6.268988e-001  3.631272e-002
    outer loop
      vertex -6.964844e+000 -7.006794e-001  2.500000e+000
      vertex -6.800563e+000 -3.519244e-001  0.000000e+000
      vertex -7.400718e+000 -1.096978e+000 -1.415534e-015
    endloop
  endfacet
  facet normal -6.727186e-001  7.398983e-001  0.000000e+000
    outer loop
      vertex -6.964844e+000 -7.006794e-001  2.500000e+000
      vertex -7.400718e+000 -1.096978e+000 -1.415534e-015
      vertex -7.400718e+000 -1.096978e+000  2.500000e+000
    endloop
  endfacet
  facet normal  6.273121e-001  7.787679e-001  0.000000e+000
    outer loop
      vertex -9.096978e+000 -5.992819e-001  0.000000e+000
      vertex -8.351924e+000 -1.199437e+000  2.500000e+000
      vertex -8.351924e+000 -1.199437e+000  0.000000e+000
    endloop
  endfacet
  facet normal -1.070952e-001  9.942488e-001  0.000000e+000
    outer loop
      vertex -8.351924e+000 -1.199437e+000  0.000000e+000
      vertex -8.351924e+000 -1.199437e+000  2.500000e+000
      vertex -7.400718e+000 -1.096978e+000  2.500000e+000
    endloop
  endfacet
  facet normal -1.070952e-001  9.942488e-001  0.000000e+000
    outer loop
      vertex -8.351924e+000 -1.199437e+000  0.000000e+000
      vertex -7.400718e+000 -1.096978e+000  2.500000e+000
      vertex -7.400718e+000 -1.096978e+000 -1.415534e-015
    endloop
  endfacet
  facet normal  6.273121e-001  7.787679e-001  -0.000000e+000
    outer loop
      vertex -8.351924e+000 -1.199437e+000  2.500000e+000
      vertex -9.096978e+000 -5.992819e-001  0.000000e+000
      vertex -9.096978e+000 -5.992819e-001  2.500000e+000
    endloop
  endfacet
  facet normal  9.942488e-001  1.070953e-001  0.000000e+000
    outer loop
      vertex -9.096978e+000 -5.992819e-001  2.500000e+000
      vertex -9.096978e+000 -5.992819e-001  0.000000e+000
      vertex -9.199437e+000  3.519244e-001  0.000000e+000
    endloop
  endfacet
  facet normal  9.942488e-001  1.070953e-001  -0.000000e+000
    outer loop
      vertex -9.096978e+000 -5.992819e-001  2.500000e+000
      vertex -9.199437e+000  3.519244e-001  0.000000e+000
      vertex -9.199437e+000  3.519244e-001  2.500000e+000
    endloop
  endfacet
  facet normal  7.787678e-001 -6.273122e-001  0.000000e+000
    outer loop
      vertex -9.199437e+000  3.519244e-001  2.500000e+000
      vertex -9.199437e+000  3.519244e-001  0.000000e+000
      vertex -8.599282e+000  1.096978e+000  0.000000e+000
    endloop
  endfacet
  facet normal  7.787678e-001 -6.273122e-001  0.000000e+000
    outer loop
      vertex -9.199437e+000  3.519244e-001  2.500000e+000
      vertex -8.599282e+000  1.096978e+000  0.000000e+000
      vertex -8.599282e+000  1.096978e+000  2.500000e+000
    endloop
  endfacet
  facet normal  1.070290e-001 -9.936339e-001  3.516284e-002
    outer loop
      vertex  3.519244e-001 -6.800563e+000  0.000000e+000
      vertex -5.626882e-016 -6.750000e+000  2.500000e+000
      vertex -5.992819e-001 -6.903022e+000  0.000000e+000
    endloop
  endfacet
  facet normal  8.214415e-001 -5.702360e-001 -8.038726e-003
    outer loop
      vertex -7.006794e-001 -6.964844e+000  2.500000e+000
      vertex -1.214800e+000 -7.705450e+000  2.500000e+000
      vertex -1.199437e+000 -7.648076e+000  0.000000e+000
    endloop
  endfacet
  facet normal  7.786672e-001 -6.272314e-001  1.607129e-002
    outer loop
      vertex -7.006794e-001 -6.964844e+000  2.500000e+000
      vertex -1.199437e+000 -7.648076e+000  0.000000e+000
      vertex -5.992819e-001 -6.903022e+000  0.000000e+000
    endloop
  endfacet
  facet normal  2.931308e-001 -9.560002e-001 -1.175163e-002
    outer loop
      vertex -7.006794e-001 -6.964844e+000  2.500000e+000
      vertex -5.992819e-001 -6.903022e+000  0.000000e+000
      vertex -5.626882e-016 -6.750000e+000  2.500000e+000
    endloop
  endfacet
  facet normal  9.913828e-001  1.306811e-001  9.091528e-003
    outer loop
      vertex -1.214800e+000 -7.705450e+000  2.500000e+000
      vertex -1.096978e+000 -8.599282e+000  2.500000e+000
      vertex -1.199437e+000 -7.648076e+000  0.000000e+000
    endloop
  endfacet
  facet normal  9.942488e-001  1.070951e-001  0.000000e+000
    outer loop
      vertex -1.199437e+000 -7.648076e+000  0.000000e+000
      vertex -1.096978e+000 -8.599282e+000  2.500000e+000
      vertex -1.096978e+000 -8.599282e+000 -1.415534e-015
    endloop
  endfacet
  facet normal -2.930805e-001 -9.558364e-001 -2.192495e-002
    outer loop
      vertex -5.626882e-016 -6.750000e+000  2.500000e+000
      vertex  3.519244e-001 -6.800563e+000  0.000000e+000
      vertex  7.006794e-001 -6.964844e+000  2.500000e+000
    endloop
  endfacet
  facet normal -6.268988e-001 -7.782540e-001  3.631272e-002
    outer loop
      vertex  7.006794e-001 -6.964844e+000  2.500000e+000
      vertex  3.519244e-001 -6.800563e+000  0.000000e+000
      vertex  1.096978e+000 -7.400718e+000 -1.415534e-015
    endloop
  endfacet
  facet normal -7.398983e-001 -6.727186e-001  0.000000e+000
    outer loop
      vertex  7.006794e-001 -6.964844e+000  2.500000e+000
      vertex  1.096978e+000 -7.400718e+000 -1.415534e-015
      vertex  1.096978e+000 -7.400718e+000  2.500000e+000
    endloop
  endfacet
  facet normal -7.787679e-001  6.273121e-001  0.000000e+000
    outer loop
      vertex  5.992819e-001 -9.096978e+000  0.000000e+000
      vertex  1.199437e+000 -8.351924e+000  2.500000e+000
      vertex  1.199437e+000 -8.351924e+000  0.000000e+000
    endloop
  endfacet
  facet normal -9.942488e-001 -1.070952e-001  0.000000e+000
    outer loop
      vertex  1.199437e+000 -8.351924e+000  0.000000e+000
      vertex  1.199437e+000 -8.351924e+000  2.500000e+000
      vertex  1.096978e+000 -7.400718e+000  2.500000e+000
    endloop
  endfacet
  facet normal -9.942488e-001 -1.070952e-001  -0.000000e+000
    outer loop
      vertex  1.199437e+000 -8.351924e+000  0.000000e+000
      vertex  1.096978e+000 -7.400718e+000  2.500000e+000
      vertex  1.096978e+000 -7.400718e+000 -1.415534e-015
    endloop
  endfacet
  facet normal -7.787679e-001  6.273121e-001  0.000000e+000
    outer loop
      vertex  1.199437e+000 -8.351924e+000  2.500000e+000
      vertex  5.992819e-001 -9.096978e+000  0.000000e+000
      vertex  5.992819e-001 -9.096978e+000  2.500000e+000
    endloop
  endfacet
  facet normal -1.070953e-001  9.942488e-001  0.000000e+000
    outer loop
      vertex  5.992819e-001 -9.096978e+000  2.500000e+000
      vertex  5.992819e-001 -9.096978e+000  0.000000e+000
      vertex -3.519244e-001 -9.199437e+000  0.000000e+000
    endloop
  endfacet
  facet normal -1.070953e-001  9.942488e-001  0.000000e+000
    outer loop
      vertex  5.992819e-001 -9.096978e+000  2.500000e+000
      vertex -3.519244e-001 -9.199437e+000  0.000000e+000
      vertex -3.519244e-001 -9.199437e+000  2.500000e+000
    endloop
  endfacet
  facet normal  6.273122e-001  7.787678e-001  0.000000e+000
    outer loop
      vertex -3.519244e-001 -9.199437e+000  2.500000e+000
      vertex -3.519244e-001 -9.199437e+000  0.000000e+000
      vertex -1.096978e+000 -8.599282e+000 -1.415534e-015
    endloop
  endfacet
  facet normal  6.273122e-001  7.787678e-001  -0.000000e+000
    outer loop
      vertex -3.519244e-001 -9.199437e+000  2.500000e+000
      vertex -1.096978e+000 -8.599282e+000 -1.415534e-015
      vertex -1.096978e+000 -8.599282e+000  2.500000e+000
    endloop
  endfacet
  facet normal  0.000000e+000  0.000000e+000  1.000000e+000
    outer loop
      vertex  3.500000e+000  2.020726e+000  5.700000e+001
      vertex -1.776357e-015  4.041452e+000  5.700000e+001
      vertex  6.334639e-001  2.158987e+000  5.700000e+001
    endloop
  endfacet
  facet normal  0.000000e+000  0.000000e+000  1.000000e+000
    outer loop
      vertex  3.500000e+000  2.020726e+000  5.700000e+001
      vertex  6.334639e-001  2.158987e+000  5.700000e+001
      vertex  1.974561e+000  1.078707e+000  5.700000e+001
    endloop
  endfacet
  facet normal  -0.000000e+000  0.000000e+000  1.000000e+000
    outer loop
      vertex  3.500000e+000  2.020726e+000  5.700000e+001
      vertex  1.974561e+000  1.078707e+000  5.700000e+001
      vertex  2.158987e+000 -6.334639e-001  5.700000e+001
    endloop
  endfacet
  facet normal  -0.000000e+000  0.000000e+000  1.000000e+000
    outer loop
      vertex  3.500000e+000  2.020726e+000  5.700000e+001
      vertex  2.158987e+000 -6.334639e-001  5.700000e+001
      vertex  3.500000e+000 -2.020726e+000  5.700000e+001
    endloop
  endfacet
  facet normal  0.000000e+000  0.000000e+000  1.000000e+000
    outer loop
      vertex -3.500000e+000 -2.020726e+000  5.700000e+001
      vertex -2.220446e-016 -4.041452e+000  5.700000e+001
      vertex -6.334639e-001 -2.158987e+000  5.700000e+001
    endloop
  endfacet
  facet normal  0.000000e+000  0.000000e+000  1.000000e+000
    outer loop
      vertex -3.500000e+000 -2.020726e+000  5.700000e+001
      vertex -6.334639e-001 -2.158987e+000  5.700000e+001
      vertex -1.974561e+000 -1.078707e+000  5.700000e+001
    endloop
  endfacet
  facet normal  0.000000e+000  0.000000e+000  1.000000e+000
    outer loop
      vertex -3.500000e+000 -2.020726e+000  5.700000e+001
      vertex -1.974561e+000 -1.078707e+000  5.700000e+001
      vertex -2.158987e+000  6.334639e-001  5.700000e+001
    endloop
  endfacet
  facet normal  0.000000e+000  0.000000e+000  1.000000e+000
    outer loop
      vertex -3.500000e+000 -2.020726e+000  5.700000e+001
      vertex -2.158987e+000  6.334639e-001  5.700000e+001
      vertex -3.500000e+000  2.020726e+000  5.700000e+001
    endloop
  endfacet
  facet normal  0.000000e+000  -0.000000e+000  1.000000e+000
    outer loop
      vertex -6.334639e-001 -2.158987e+000  5.700000e+001
      vertex -2.220446e-016 -4.041452e+000  5.700000e+001
      vertex  1.078707e+000 -1.974561e+000  5.700000e+001
    endloop
  endfacet
  facet normal  0.000000e+000  0.000000e+000  1.000000e+000
    outer loop
      vertex  1.078707e+000 -1.974561e+000  5.700000e+001
      vertex -2.220446e-016 -4.041452e+000  5.700000e+001
      vertex  3.500000e+000 -2.020726e+000  5.700000e+001
    endloop
  endfacet
  facet normal  0.000000e+000  0.000000e+000  9.999999e-001
    outer loop
      vertex  1.078707e+000 -1.974561e+000  5.700000e+001
      vertex  3.500000e+000 -2.020726e+000  5.700000e+001
      vertex  2.158987e+000 -6.334639e-001  5.700000e+001
    endloop
  endfacet
  facet normal  0.000000e+000  0.000000e+000  1.000000e+000
    outer loop
      vertex  6.334639e-001  2.158987e+000  5.700000e+001
      vertex -1.776357e-015  4.041452e+000  5.700000e+001
      vertex -1.078707e+000  1.974561e+000  5.700000e+001
    endloop
  endfacet
  facet normal  0.000000e+000  -0.000000e+000  1.000000e+000
    outer loop
      vertex -1.078707e+000  1.974561e+000  5.700000e+001
      vertex -1.776357e-015  4.041452e+000  5.700000e+001
      vertex -3.500000e+000  2.020726e+000  5.700000e+001
    endloop
  endfacet
  facet normal  0.000000e+000  0.000000e+000  9.999999e-001
    outer loop
      vertex -1.078707e+000  1.974561e+000  5.700000e+001
      vertex -3.500000e+000  2.020726e+000  5.700000e+001
      vertex -2.158987e+000  6.334639e-001  5.700000e+001
    endloop
  endfacet
  facet normal -5.000000e-001 -8.660254e-001  -0.000000e+000
    outer loop
      vertex  3.500000e+000  2.020726e+000  5.700000e+001
      vertex  3.500000e+000  2.020726e+000  6.000000e+001
      vertex -1.776357e-015  4.041452e+000  5.700000e+001
    endloop
  endfacet
  facet normal -5.000000e-001 -8.660254e-001  0.000000e+000
    outer loop
      vertex -1.776357e-015  4.041452e+000  5.700000e+001
      vertex  3.500000e+000  2.020726e+000  6.000000e+001
      vertex -1.776357e-015  4.041452e+000  6.000000e+001
    endloop
  endfacet
  facet normal -1.000000e+000  0.000000e+000  0.000000e+000
    outer loop
      vertex  3.500000e+000 -2.020726e+000  5.700000e+001
      vertex  3.500000e+000 -2.020726e+000  6.000000e+001
      vertex  3.500000e+000  2.020726e+000  5.700000e+001
    endloop
  endfacet
  facet normal -1.000000e+000  0.000000e+000  0.000000e+000
    outer loop
      vertex  3.500000e+000  2.020726e+000  5.700000e+001
      vertex  3.500000e+000 -2.020726e+000  6.000000e+001
      vertex  3.500000e+000  2.020726e+000  6.000000e+001
    endloop
  endfacet
  facet normal -5.000000e-001  8.660254e-001 -1.850372e-016
    outer loop
      vertex -2.220446e-016 -4.041452e+000  5.700000e+001
      vertex -1.332268e-015 -4.041452e+000  6.000000e+001
      vertex  3.500000e+000 -2.020726e+000  5.700000e+001
    endloop
  endfacet
  facet normal -5.000000e-001  8.660254e-001  0.000000e+000
    outer loop
      vertex  3.500000e+000 -2.020726e+000  5.700000e+001
      vertex -1.332268e-015 -4.041452e+000  6.000000e+001
      vertex  3.500000e+000 -2.020726e+000  6.000000e+001
    endloop
  endfacet
  facet normal  5.000000e-001  8.660254e-001  0.000000e+000
    outer loop
      vertex -3.500000e+000 -2.020726e+000  5.700000e+001
      vertex -3.500000e+000 -2.020726e+000  6.000000e+001
      vertex -2.220446e-016 -4.041452e+000  5.700000e+001
    endloop
  endfacet
  facet normal  5.000000e-001  8.660254e-001  1.850372e-016
    outer loop
      vertex -2.220446e-016 -4.041452e+000  5.700000e+001
      vertex -3.500000e+000 -2.020726e+000  6.000000e+001
      vertex -1.332268e-015 -4.041452e+000  6.000000e+001
    endloop
  endfacet
  facet normal  1.000000e+000  0.000000e+000  0.000000e+000
    outer loop
      vertex -3.500000e+000  2.020726e+000  5.700000e+001
      vertex -3.500000e+000  2.020726e+000  6.000000e+001
      vertex -3.500000e+000 -2.020726e+000  5.700000e+001
    endloop
  endfacet
  facet normal  1.000000e+000  0.000000e+000  0.000000e+000
    outer loop
      vertex -3.500000e+000 -2.020726e+000  5.700000e+001
      vertex -3.500000e+000  2.020726e+000  6.000000e+001
      vertex -3.500000e+000 -2.020726e+000  6.000000e+001
    endloop
  endfacet
  facet normal  5.000000e-001 -8.660254e-001  0.000000e+000
    outer loop
      vertex -1.776357e-015  4.041452e+000  5.700000e+001
      vertex -1.776357e-015  4.041452e+000  6.000000e+001
      vertex -3.500000e+000  2.020726e+000  5.700000e+001
    endloop
  endfacet
  facet normal  5.000000e-001 -8.660254e-001  0.000000e+000
    outer loop
      vertex -3.500000e+000  2.020726e+000  5.700000e+001
      vertex -1.776357e-015  4.041452e+000  6.000000e+001
      vertex -3.500000e+000  2.020726e+000  6.000000e+001
    endloop
  endfacet
  facet normal  0.000000e+000  0.000000e+000 -1.000000e+000
    outer loop
      vertex  2.037559e+000 -3.729726e+000  3.000000e+000
      vertex -1.002855e-001 -4.248816e+000  3.000000e+000
      vertex  6.928982e-001 -3.685430e+000  3.000000e+000
    endloop
  endfacet
  facet normal  -0.000000e+000  0.000000e+000 -1.000000e+000
    outer loop
      vertex  6.928982e-001 -3.685430e+000  3.000000e+000
      vertex -1.002855e-001 -4.248816e+000  3.000000e+000
      vertex -2.211258e+000 -3.629440e+000  3.000000e+000
    endloop
  endfacet
  facet normal  0.000000e+000  0.000000e+000 -9.999999e-001
    outer loop
      vertex  6.928982e-001 -3.685430e+000  3.000000e+000
      vertex -2.211258e+000 -3.629440e+000  3.000000e+000
      vertex -1.605675e+000 -3.388851e+000  3.000000e+000
    endloop
  endfacet
  facet normal  -0.000000e+000  0.000000e+000 -1.000000e+000
    outer loop
      vertex -1.605675e+000 -3.388851e+000  3.000000e+000
      vertex -2.211258e+000 -3.629440e+000  3.000000e+000
      vertex -3.729726e+000 -2.037559e+000  3.000000e+000
    endloop
  endfacet
  facet normal  0.000000e+000  0.000000e+000 -1.000000e+000
    outer loop
      vertex -1.605675e+000 -3.388851e+000  3.000000e+000
      vertex -3.729726e+000 -2.037559e+000  3.000000e+000
      vertex -3.290935e+000 -1.797846e+000  3.000000e+000
    endloop
  endfacet
  facet normal  -0.000000e+000  0.000000e+000 -1.000000e+000
    outer loop
      vertex -3.290935e+000 -1.797846e+000  3.000000e+000
      vertex -3.729726e+000 -2.037559e+000  3.000000e+000
      vertex -4.248816e+000  1.002855e-001  3.000000e+000
    endloop
  endfacet
  facet normal  0.000000e+000  0.000000e+000 -1.000000e+000
    outer loop
      vertex -3.290935e+000 -1.797846e+000  3.000000e+000
      vertex -4.248816e+000  1.002855e-001  3.000000e+000
      vertex -3.719169e+000  4.798751e-001  3.000000e+000
    endloop
  endfacet
  facet normal  -0.000000e+000  0.000000e+000 -9.999999e-001
    outer loop
      vertex -3.719169e+000  4.798751e-001  3.000000e+000
      vertex -4.248816e+000  1.002855e-001  3.000000e+000
      vertex -3.629440e+000  2.211258e+000  3.000000e+000
    endloop
  endfacet
  facet normal  0.000000e+000  -0.000000e+000 -9.999999e-001
    outer loop
      vertex -3.719169e+000  4.798751e-001  3.000000e+000
      vertex -3.629440e+000  2.211258e+000  3.000000e+000
      vertex -2.726808e+000  2.574300e+000  3.000000e+000
    endloop
  endfacet
  facet normal  -0.000000e+000  0.000000e+000 -1.000000e+000
    outer loop
      vertex -2.726808e+000  2.574300e+000  3.000000e+000
      vertex -3.629440e+000  2.211258e+000  3.000000e+000
      vertex -2.037559e+000  3.729726e+000  3.000000e+000
    endloop
  endfacet
  facet normal  0.000000e+000  -0.000000e+000 -9.999999e-001
    outer loop
      vertex -2.726808e+000  2.574300e+000  3.000000e+000
      vertex -2.037559e+000  3.729726e+000  3.000000e+000
      vertex -6.928982e-001  3.685430e+000  3.000000e+000
    endloop
  endfacet
  facet normal  0.000000e+000  0.000000e+000 -1.000000e+000
    outer loop
      vertex -2.037559e+000  3.729726e+000  3.000000e+000
      vertex  1.002855e-001  4.248816e+000  3.000000e+000
      vertex -6.928982e-001  3.685430e+000  3.000000e+000
    endloop
  endfacet
  facet normal  0.000000e+000  0.000000e+000 -1.000000e+000
    outer loop
      vertex -6.928982e-001  3.685430e+000  3.000000e+000
      vertex  1.002855e-001  4.248816e+000  3.000000e+000
      vertex  2.211258e+000  3.629440e+000  3.000000e+000
    endloop
  endfacet
  facet normal  -0.000000e+000  0.000000e+000 -9.999999e-001
    outer loop
      vertex -6.928982e-001  3.685430e+000  3.000000e+000
      vertex  2.211258e+000  3.629440e+000  3.000000e+000
      vertex  1.605675e+000  3.388851e+000  3.000000e+000
    endloop
  endfacet
  facet normal  0.000000e+000  0.000000e+000 -1.000000e+000
    outer loop
      vertex  1.605675e+000  3.388851e+000  3.000000e+000
      vertex  2.211258e+000  3.629440e+000  3.000000e+000
      vertex  3.729726e+000  2.037559e+000  3.000000e+000
    endloop
  endfacet
  facet normal  -0.000000e+000  0.000000e+000 -1.000000e+000
    outer loop
      vertex  1.605675e+000  3.388851e+000  3.000000e+000
      vertex  3.729726e+000  2.037559e+000  3.000000e+000
      vertex  3.290935e+000  1.797846e+000  3.000000e+000
    endloop
  endfacet
  facet normal  0.000000e+000  0.000000e+000 -1.000000e+000
    outer loop
      vertex  3.290935e+000  1.797846e+000  3.000000e+000
      vertex  3.729726e+000  2.037559e+000  3.000000e+000
      vertex  4.248816e+000 -1.002855e-001  3.000000e+000
    endloop
  endfacet
  facet normal  -0.000000e+000  0.000000e+000 -1.000000e+000
    outer loop
      vertex  3.290935e+000  1.797846e+000  3.000000e+000
      vertex  4.248816e+000 -1.002855e-001  3.000000e+000
      vertex  3.719169e+000 -4.798751e-001  3.000000e+000
    endloop
  endfacet
  facet normal  0.000000e+000  -0.000000e+000 -9.999999e-001
    outer loop
      vertex  3.719169e+000 -4.798751e-001  3.000000e+000
      vertex  4.248816e+000 -1.002855e-001  3.000000e+000
      vertex  3.629440e+000 -2.211258e+000  3.000000e+000
    endloop
  endfacet
  facet normal  -0.000000e+000  0.000000e+000 -9.999999e-001
    outer loop
      vertex  3.719169e+000 -4.798751e-001  3.000000e+000
      vertex  3.629440e+000 -2.211258e+000  3.000000e+000
      vertex  2.726808e+000 -2.574300e+000  3.000000e+000
    endloop
  endfacet
  facet normal  0.000000e+000  -0.000000e+000 -1.000000e+000
    outer loop
      vertex  2.726808e+000 -2.574300e+000  3.000000e+000
      vertex  3.629440e+000 -2.211258e+000  3.000000e+000
      vertex  2.037559e+000 -3.729726e+000  3.000000e+000
    endloop
  endfacet
  facet normal  0.000000e+000  0.000000e+000 -9.999999e-001
    outer loop
      vertex  2.726808e+000 -2.574300e+000  3.000000e+000
      vertex  2.037559e+000 -3.729726e+000  3.000000e+000
      vertex  6.928982e-001 -3.685430e+000  3.000000e+000
    endloop
  endfacet
  facet normal  9.036934e-001 -4.281799e-001  0.000000e+000
    outer loop
      vertex -2.726808e+000  2.574300e+000  3.000000e+000
      vertex -3.719169e+000  4.798751e-001  3.000000e+001
      vertex -3.719169e+000  4.798751e-001  3.000000e+000
    endloop
  endfacet
  facet normal  9.827812e-001  1.847728e-001  -0.000000e+000
    outer loop
      vertex -3.719169e+000  4.798751e-001  3.000000e+000
      vertex -3.719169e+000  4.798751e-001  3.000000e+001
      vertex -3.290935e+000 -1.797846e+000  3.000000e+001
    endloop
  endfacet
  facet normal  9.827812e-001  1.847728e-001  0.000000e+000
    outer loop
      vertex -3.719169e+000  4.798751e-001  3.000000e+000
      vertex -3.290935e+000 -1.797846e+000  3.000000e+001
      vertex -3.290935e+000 -1.797846e+000  3.000000e+000
    endloop
  endfacet
  facet normal  9.036934e-001 -4.281799e-001  0.000000e+000
    outer loop
      vertex -3.719169e+000  4.798751e-001  3.000000e+001
      vertex -2.726808e+000  2.574300e+000  3.000000e+000
      vertex -2.726808e+000  2.574300e+000  3.000000e+001
    endloop
  endfacet
  facet normal  4.794256e-001 -8.775825e-001  0.000000e+000
    outer loop
      vertex -2.726808e+000  2.574300e+000  3.000000e+001
      vertex -2.726808e+000  2.574300e+000  3.000000e+000
      vertex -6.928982e-001  3.685430e+000  3.000000e+000
    endloop
  endfacet
  facet normal  4.794256e-001 -8.775825e-001  0.000000e+000
    outer loop
      vertex -2.726808e+000  2.574300e+000  3.000000e+001
      vertex -6.928982e-001  3.685430e+000  3.000000e+000
      vertex -6.928982e-001  3.685430e+000  3.000000e+001
    endloop
  endfacet
  facet normal -1.279667e-001 -9.917784e-001  -0.000000e+000
    outer loop
      vertex -6.928982e-001  3.685430e+000  3.000000e+001
      vertex -6.928982e-001  3.685430e+000  3.000000e+000
      vertex  1.605675e+000  3.388851e+000  3.000000e+000
    endloop
  endfacet
  facet normal -1.279667e-001 -9.917784e-001  0.000000e+000
    outer loop
      vertex -6.928982e-001  3.685430e+000  3.000000e+001
      vertex  1.605675e+000  3.388851e+000  3.000000e+000
      vertex  1.605675e+000  3.388851e+000  3.000000e+001
    endloop
  endfacet
  facet normal -6.864800e-001 -7.271487e-001  -0.000000e+000
    outer loop
      vertex  1.605675e+000  3.388851e+000  3.000000e+001
      vertex  1.605675e+000  3.388851e+000  3.000000e+000
      vertex  3.290935e+000  1.797846e+000  3.000000e+000
    endloop
  endfacet
  facet normal -6.864800e-001 -7.271487e-001  0.000000e+000
    outer loop
      vertex  1.605675e+000  3.388851e+000  3.000000e+001
      vertex  3.290935e+000  1.797846e+000  3.000000e+000
      vertex  3.290935e+000  1.797846e+000  3.000000e+001
    endloop
  endfacet
  facet normal -9.036934e-001  4.281799e-001  0.000000e+000
    outer loop
      vertex  2.726808e+000 -2.574300e+000  3.000000e+000
      vertex  3.719169e+000 -4.798751e-001  3.000000e+001
      vertex  3.719169e+000 -4.798751e-001  3.000000e+000
    endloop
  endfacet
  facet normal -9.827812e-001 -1.847728e-001  0.000000e+000
    outer loop
      vertex  3.719169e+000 -4.798751e-001  3.000000e+000
      vertex  3.719169e+000 -4.798751e-001  3.000000e+001
      vertex  3.290935e+000  1.797846e+000  3.000000e+001
    endloop
  endfacet
  facet normal -9.827812e-001 -1.847728e-001  -0.000000e+000
    outer loop
      vertex  3.719169e+000 -4.798751e-001  3.000000e+000
      vertex  3.290935e+000  1.797846e+000  3.000000e+001
      vertex  3.290935e+000  1.797846e+000  3.000000e+000
    endloop
  endfacet
  facet normal -9.036934e-001  4.281799e-001  0.000000e+000
    outer loop
      vertex  3.719169e+000 -4.798751e-001  3.000000e+001
      vertex  2.726808e+000 -2.574300e+000  3.000000e+000
      vertex  2.726808e+000 -2.574300e+000  3.000000e+001
    endloop
  endfacet
  facet normal -4.794256e-001  8.775825e-001  0.000000e+000
    outer loop
      vertex  2.726808e+000 -2.574300e+000  3.000000e+001
      vertex  2.726808e+000 -2.574300e+000  3.000000e+000
      vertex  6.928982e-001 -3.685430e+000  3.000000e+000
    endloop
  endfacet
  facet normal -4.794256e-001  8.775825e-001  0.000000e+000
    outer loop
      vertex  2.726808e+000 -2.574300e+000  3.000000e+001
      vertex  6.928982e-001 -3.685430e+000  3.000000e+000
      vertex  6.928982e-001 -3.685430e+000  3.000000e+001
    endloop
  endfacet
  facet normal  1.279667e-001  9.917784e-001  0.000000e+000
    outer loop
      vertex  6.928982e-001 -3.685430e+000  3.000000e+001
      vertex  6.928982e-001 -3.685430e+000  3.000000e+000
      vertex -1.605675e+000 -3.388851e+000  3.000000e+000
    endloop
  endfacet
  facet normal  1.279667e-001  9.917784e-001  -0.000000e+000
    outer loop
      vertex  6.928982e-001 -3.685430e+000  3.000000e+001
      vertex -1.605675e+000 -3.388851e+000  3.000000e+000
      vertex -1.605675e+000 -3.388851e+000  3.000000e+001
    endloop
  endfacet
  facet normal  6.864800e-001  7.271487e-001  0.000000e+000
    outer loop
      vertex -1.605675e+000 -3.388851e+000  3.000000e+001
      vertex -1.605675e+000 -3.388851e+000  3.000000e+000
      vertex -3.290935e+000 -1.797846e+000  3.000000e+000
    endloop
  endfacet
  facet normal  6.864800e-001  7.271487e-001  -0.000000e+000
    outer loop
      vertex -1.605675e+000 -3.388851e+000  3.000000e+001
      vertex -3.290935e+000 -1.797846e+000  3.000000e+000
      vertex -3.290935e+000 -1.797846e+000  3.000000e+001
    endloop
  endfacet
  facet normal  -0.000000e+000  0.000000e+000 -1.000000e+000
    outer loop
      vertex  3.290935e+000  1.797846e+000  3.000000e+001
      vertex  3.719169e+000 -4.798751e-001  3.000000e+001
      vertex  2.158987e+000 -6.334639e-001  3.000000e+001
    endloop
  endfacet
  facet normal  0.000000e+000  0.000000e+000 -1.000000e+000
    outer loop
      vertex  3.290935e+000  1.797846e+000  3.000000e+001
      vertex  2.158987e+000 -6.334639e-001  3.000000e+001
      vertex  1.974561e+000  1.078707e+000  3.000000e+001
    endloop
  endfacet
  facet normal  0.000000e+000  0.000000e+000 -1.000000e+000
    outer loop
      vertex  3.290935e+000  1.797846e+000  3.000000e+001
      vertex  1.974561e+000  1.078707e+000  3.000000e+001
      vertex  6.334639e-001  2.158987e+000  3.000000e+001
    endloop
  endfacet
  facet normal  0.000000e+000  0.000000e+000 -9.999999e-001
    outer loop
      vertex  3.290935e+000  1.797846e+000  3.000000e+001
      vertex  6.334639e-001  2.158987e+000  3.000000e+001
      vertex  1.605675e+000  3.388851e+000  3.000000e+001
    endloop
  endfacet
  facet normal  0.000000e+000  0.000000e+000 -1.000000e+000
    outer loop
      vertex -3.290935e+000 -1.797846e+000  3.000000e+001
      vertex -3.719169e+000  4.798751e-001  3.000000e+001
      vertex -2.158987e+000  6.334639e-001  3.000000e+001
    endloop
  endfacet
  facet normal  0.000000e+000  -0.000000e+000 -1.000000e+000
    outer loop
      vertex -3.290935e+000 -1.797846e+000  3.000000e+001
      vertex -2.158987e+000  6.334639e-001  3.000000e+001
      vertex -1.974561e+000 -1.078707e+000  3.000000e+001
    endloop
  endfacet
  facet normal  0.000000e+000  -0.000000e+000 -1.000000e+000
    outer loop
      vertex -3.290935e+000 -1.797846e+000  3.000000e+001
      vertex -1.974561e+000 -1.078707e+000  3.000000e+001
      vertex -6.334639e-001 -2.158987e+000  3.000000e+001
    endloop
  endfacet
  facet normal  -0.000000e+000  0.000000e+000 -9.999999e-001
    outer loop
      vertex -3.290935e+000 -1.797846e+000  3.000000e+001
      vertex -6.334639e-001 -2.158987e+000  3.000000e+001
      vertex -1.605675e+000 -3.388851e+000  3.000000e+001
    endloop
  endfacet
  facet normal  0.000000e+000  -0.000000e+000 -1.000000e+000
    outer loop
      vertex -1.605675e+000 -3.388851e+000  3.000000e+001
      vertex -6.334639e-001 -2.158987e+000  3.000000e+001
      vertex  6.928982e-001 -3.685430e+000  3.000000e+001
    endloop
  endfacet
  facet normal  0.000000e+000  0.000000e+000 -1.000000e+000
    outer loop
      vertex  6.928982e-001 -3.685430e+000  3.000000e+001
      vertex -6.334639e-001 -2.158987e+000  3.000000e+001
      vertex  1.078707e+000 -1.974561e+000  3.000000e+001
    endloop
  endfacet
  facet normal  0.000000e+000  -0.000000e+000 -1.000000e+000
    outer loop
      vertex  6.928982e-001 -3.685430e+000  3.000000e+001
      vertex  1.078707e+000 -1.974561e+000  3.000000e+001
      vertex  2.726808e+000 -2.574300e+000  3.000000e+001
    endloop
  endfacet
  facet normal  0.000000e+000  0.000000e+000 -1.000000e+000
    outer loop
      vertex  2.726808e+000 -2.574300e+000  3.000000e+001
      vertex  1.078707e+000 -1.974561e+000  3.000000e+001
      vertex  2.158987e+000 -6.334639e-001  3.000000e+001
    endloop
  endfacet
  facet normal  0.000000e+000  0.000000e+000 -1.000000e+000
    outer loop
      vertex  2.726808e+000 -2.574300e+000  3.000000e+001
      vertex  2.158987e+000 -6.334639e-001  3.000000e+001
      vertex  3.719169e+000 -4.798751e-001  3.000000e+001
    endloop
  endfacet
  facet normal  0.000000e+000  0.000000e+000 -1.000000e+000
    outer loop
      vertex -2.726808e+000  2.574300e+000  3.000000e+001
      vertex -6.928982e-001  3.685430e+000  3.000000e+001
      vertex -1.078707e+000  1.974561e+000  3.000000e+001
    endloop
  endfacet
  facet normal  0.000000e+000  0.000000e+000 -1.000000e+000
    outer loop
      vertex -1.078707e+000  1.974561e+000  3.000000e+001
      vertex -6.928982e-001  3.685430e+000  3.000000e+001
      vertex  1.605675e+000  3.388851e+000  3.000000e+001
    endloop
  endfacet
  facet normal  0.000000e+000  0.000000e+000 -9.999999e-001
    outer loop
      vertex -1.078707e+000  1.974561e+000  3.000000e+001
      vertex  1.605675e+000  3.388851e+000  3.000000e+001
      vertex  6.334639e-001  2.158987e+000  3.000000e+001
    endloop
  endfacet
  facet normal  0.000000e+000  0.000000e+000 -1.000000e+000
    outer loop
      vertex -2.158987e+000  6.334639e-001  3.000000e+001
      vertex -3.719169e+000  4.798751e-001  3.000000e+001
      vertex -1.078707e+000  1.974561e+000  3.000000e+001
    endloop
  endfacet
  facet normal  -0.000000e+000  0.000000e+000 -1.000000e+000
    outer loop
      vertex -1.078707e+000  1.974561e+000  3.000000e+001
      vertex -3.719169e+000  4.798751e-001  3.000000e+001
      vertex -2.726808e+000  2.574300e+000  3.000000e+001
    endloop
  endfacet
  facet normal  6.902246e-001 -7.235953e-001  0.000000e+000
    outer loop
      vertex -2.037559e+000  3.729726e+000  0.000000e+000
      vertex -3.629440e+000  2.211258e+000  3.000000e+000
      vertex -3.629440e+000  2.211258e+000  0.000000e+000
    endloop
  endfacet
  facet normal  9.595496e-001 -2.815395e-001  0.000000e+000
    outer loop
      vertex -3.629440e+000  2.211258e+000  0.000000e+000
      vertex -3.629440e+000  2.211258e+000  3.000000e+000
      vertex -4.248816e+000  1.002855e-001  3.000000e+000
    endloop
  endfacet
  facet normal  9.595496e-001 -2.815395e-001  0.000000e+000
    outer loop
      vertex -3.629440e+000  2.211258e+000  0.000000e+000
      vertex -4.248816e+000  1.002855e-001  3.000000e+000
      vertex -4.248816e+000  1.002855e-001  0.000000e+000
    endloop
  endfacet
  facet normal  9.717641e-001  2.359544e-001  -0.000000e+000
    outer loop
      vertex -4.248816e+000  1.002855e-001  0.000000e+000
      vertex -4.248816e+000  1.002855e-001  3.000000e+000
      vertex -3.729726e+000 -2.037559e+000  3.000000e+000
    endloop
  endfacet
  facet normal  9.717641e-001  2.359544e-001  0.000000e+000
    outer loop
      vertex -4.248816e+000  1.002855e-001  0.000000e+000
      vertex -3.729726e+000 -2.037559e+000  3.000000e+000
      vertex -3.729726e+000 -2.037559e+000 -8.326673e-017
    endloop
  endfacet
  facet normal  6.902246e-001 -7.235953e-001  0.000000e+000
    outer loop
      vertex -3.629440e+000  2.211258e+000  3.000000e+000
      vertex -2.037559e+000  3.729726e+000  0.000000e+000
      vertex -2.037559e+000  3.729726e+000  3.000000e+000
    endloop
  endfacet
  facet normal  2.359544e-001 -9.717641e-001  0.000000e+000
    outer loop
      vertex -2.037559e+000  3.729726e+000  3.000000e+000
      vertex -2.037559e+000  3.729726e+000  0.000000e+000
      vertex  1.002855e-001  4.248816e+000  0.000000e+000
    endloop
  endfacet
  facet normal  2.359544e-001 -9.717641e-001  0.000000e+000
    outer loop
      vertex -2.037559e+000  3.729726e+000  3.000000e+000
      vertex  1.002855e-001  4.248816e+000  0.000000e+000
      vertex  1.002855e-001  4.248816e+000  3.000000e+000
    endloop
  endfacet
  facet normal -2.815395e-001 -9.595496e-001  -0.000000e+000
    outer loop
      vertex  1.002855e-001  4.248816e+000  3.000000e+000
      vertex  1.002855e-001  4.248816e+000  0.000000e+000
      vertex  2.211258e+000  3.629440e+000  0.000000e+000
    endloop
  endfacet
  facet normal -2.815395e-001 -9.595496e-001  0.000000e+000
    outer loop
      vertex  1.002855e-001  4.248816e+000  3.000000e+000
      vertex  2.211258e+000  3.629440e+000  0.000000e+000
      vertex  2.211258e+000  3.629440e+000  3.000000e+000
    endloop
  endfacet
  facet normal -7.235953e-001 -6.902246e-001  -0.000000e+000
    outer loop
      vertex  2.211258e+000  3.629440e+000  3.000000e+000
      vertex  2.211258e+000  3.629440e+000  0.000000e+000
      vertex  3.729726e+000  2.037559e+000 -8.326673e-017
    endloop
  endfacet
  facet normal -7.235953e-001 -6.902246e-001  0.000000e+000
    outer loop
      vertex  2.211258e+000  3.629440e+000  3.000000e+000
      vertex  3.729726e+000  2.037559e+000 -8.326673e-017
      vertex  3.729726e+000  2.037559e+000  3.000000e+000
    endloop
  endfacet
  facet normal -6.902246e-001  7.235953e-001  0.000000e+000
    outer loop
      vertex  2.037559e+000 -3.729726e+000  0.000000e+000
      vertex  3.629440e+000 -2.211258e+000  3.000000e+000
      vertex  3.629440e+000 -2.211258e+000  0.000000e+000
    endloop
  endfacet
  facet normal -9.595496e-001  2.815395e-001  0.000000e+000
    outer loop
      vertex  3.629440e+000 -2.211258e+000  0.000000e+000
      vertex  3.629440e+000 -2.211258e+000  3.000000e+000
      vertex  4.248816e+000 -1.002855e-001  3.000000e+000
    endloop
  endfacet
  facet normal -9.595496e-001  2.815395e-001  0.000000e+000
    outer loop
      vertex  3.629440e+000 -2.211258e+000  0.000000e+000
      vertex  4.248816e+000 -1.002855e-001  3.000000e+000
      vertex  4.248816e+000 -1.002855e-001  0.000000e+000
    endloop
  endfacet
  facet normal -9.717641e-001 -2.359544e-001  0.000000e+000
    outer loop
      vertex  4.248816e+000 -1.002855e-001  0.000000e+000
      vertex  4.248816e+000 -1.002855e-001  3.000000e+000
      vertex  3.729726e+000  2.037559e+000  3.000000e+000
    endloop
  endfacet
  facet normal -9.717641e-001 -2.359544e-001  -0.000000e+000
    outer loop
      vertex  4.248816e+000 -1.002855e-001  0.000000e+000
      vertex  3.729726e+000  2.037559e+000  3.000000e+000
      vertex  3.729726e+000  2.037559e+000 -8.326673e-017
    endloop
  endfacet
  facet normal -6.902246e-001  7.235953e-001  0.000000e+000
    outer loop
      vertex  3.629440e+000 -2.211258e+000  3.000000e+000
      vertex  2.037559e+000 -3.729726e+000  0.000000e+000
      vertex  2.037559e+000 -3.729726e+000  3.000000e+000
    endloop
  endfacet
  facet normal -2.359544e-001  9.717641e-001  0.000000e+000
    outer loop
      vertex  2.037559e+000 -3.729726e+000  3.000000e+000
      vertex  2.037559e+000 -3.729726e+000  0.000000e+000
      vertex -1.002855e-001 -4.248816e+000  0.000000e+000
    endloop
  endfacet
  facet normal -2.359544e-001  9.717641e-001  0.000000e+000
    outer loop
      vertex  2.037559e+000 -3.729726e+000  3.000000e+000
      vertex -1.002855e-001 -4.248816e+000  0.000000e+000
      vertex -1.002855e-001 -4.248816e+000  3.000000e+000
    endloop
  endfacet
  facet normal  2.815395e-001  9.595496e-001  0.000000e+000
    outer loop
      vertex -1.002855e-001 -4.248816e+000  3.000000e+000
      vertex -1.002855e-001 -4.248816e+000  0.000000e+000
      vertex -2.211258e+000 -3.629440e+000  0.000000e+000
    endloop
  endfacet
  facet normal  2.815395e-001  9.595496e-001  -0.000000e+000
    outer loop
      vertex -1.002855e-001 -4.248816e+000  3.000000e+000
      vertex -2.211258e+000 -3.629440e+000  0.000000e+000
      vertex -2.211258e+000 -3.629440e+000  3.000000e+000
    endloop
  endfacet
  facet normal  7.235953e-001  6.902246e-001  0.000000e+000
    outer loop
      vertex -2.211258e+000 -3.629440e+000  3.000000e+000
      vertex -2.211258e+000 -3.629440e+000  0.000000e+000
      vertex -3.729726e+000 -2.037559e+000 -8.326673e-017
    endloop
  endfacet
  facet normal  7.235953e-001  6.902246e-001  -0.000000e+000
    outer loop
      vertex -2.211258e+000 -3.629440e+000  3.000000e+000
      vertex -3.729726e+000 -2.037559e+000 -8.326673e-017
      vertex -3.729726e+000 -2.037559e+000  3.000000e+000
    endloop
  endfacet
  facet normal  2.990057e-001  9.542513e-001  -0.000000e+000
    outer loop
      vertex  4.794255e+000  8.775826e+000  2.500000e+000
      vertex  4.794255e+000  8.775826e+000  0.000000e+000
      vertex  1.070951e+000  9.942488e+000  2.500000e+000
    endloop
  endfacet
  facet normal  2.990057e-001  9.542513e-001  0.000000e+000
    outer loop
      vertex  1.070951e+000  9.942488e+000  2.500000e+000
      vertex  4.794255e+000  8.775826e+000  0.000000e+000
      vertex  1.070951e+000  9.942488e+000  0.000000e+000
    endloop
  endfacet
  facet normal -8.893099e-002  9.960378e-001  0.000000e+000
    outer loop
      vertex  1.070951e+000  9.942488e+000  2.500000e+000
      vertex  1.070951e+000  9.942488e+000  0.000000e+000
      vertex -2.815395e+000  9.595496e+000  2.500000e+000
    endloop
  endfacet
  facet normal -8.893099e-002  9.960378e-001  0.000000e+000
    outer loop
      vertex -2.815395e+000  9.595496e+000  2.500000e+000
      vertex  1.070951e+000  9.942488e+000  0.000000e+000
      vertex -2.815395e+000  9.595496e+000  0.000000e+000
    endloop
  endfacet
  facet normal -4.633286e-001  8.861864e-001  0.000000e+000
    outer loop
      vertex -2.815395e+000  9.595496e+000  2.500000e+000
      vertex -2.815395e+000  9.595496e+000  0.000000e+000
      vertex -6.273124e+000  7.787677e+000  2.500000e+000
    endloop
  endfacet
  facet normal -4.633286e-001  8.861864e-001  0.000000e+000
    outer loop
      vertex -6.273124e+000  7.787677e+000  2.500000e+000
      vertex -2.815395e+000  9.595496e+000  0.000000e+000
      vertex -6.273124e+000  7.787677e+000  0.000000e+000
    endloop
  endfacet
  facet normal -7.671888e-001  6.414213e-001  0.000000e+000
    outer loop
      vertex -6.273124e+000  7.787677e+000  2.500000e+000
      vertex -6.273124e+000  7.787677e+000  0.000000e+000
      vertex -8.775826e+000  4.794255e+000  2.500000e+000
    endloop
  endfacet
  facet normal -7.671888e-001  6.414213e-001  0.000000e+000
    outer loop
      vertex -8.775826e+000  4.794255e+000  2.500000e+000
      vertex -6.273124e+000  7.787677e+000  0.000000e+000
      vertex -8.775826e+000  4.794255e+000  0.000000e+000
    endloop
  endfacet
  facet normal -9.542513e-001  2.990057e-001  0.000000e+000
    outer loop
      vertex -8.775826e+000  4.794255e+000  2.500000e+000
      vertex -8.775826e+000  4.794255e+000  0.000000e+000
      vertex -9.942488e+000  1.070951e+000  2.500000e+000
    endloop
  endfacet
  facet normal -9.542513e-001  2.990057e-001  0.000000e+000
    outer loop
      vertex -9.942488e+000  1.070951e+000  2.500000e+000
      vertex -8.775826e+000  4.794255e+000  0.000000e+000
      vertex -9.942488e+000  1.070951e+000  0.000000e+000
    endloop
  endfacet
  facet normal -9.960378e-001 -8.893099e-002  0.000000e+000
    outer loop
      vertex -9.942488e+000  1.070951e+000  2.500000e+000
      vertex -9.942488e+000  1.070951e+000  0.000000e+000
      vertex -9.595496e+000 -2.815395e+000  2.500000e+000
    endloop
  endfacet
  facet normal -9.960378e-001 -8.893099e-002  -0.000000e+000
    outer loop
      vertex -9.595496e+000 -2.815395e+000  2.500000e+000
      vertex -9.942488e+000  1.070951e+000  0.000000e+000
      vertex -9.595496e+000 -2.815395e+000  0.000000e+000
    endloop
  endfacet
  facet normal -8.861864e-001 -4.633286e-001  0.000000e+000
    outer loop
      vertex -9.595496e+000 -2.815395e+000  2.500000e+000
      vertex -9.595496e+000 -2.815395e+000  0.000000e+000
      vertex -7.787677e+000 -6.273124e+000  2.500000e+000
    endloop
  endfacet
  facet normal -8.861864e-001 -4.633286e-001  -0.000000e+000
    outer loop
      vertex -7.787677e+000 -6.273124e+000  2.500000e+000
      vertex -9.595496e+000 -2.815395e+000  0.000000e+000
      vertex -7.787677e+000 -6.273124e+000  0.000000e+000
    endloop
  endfacet
  facet normal -6.414213e-001 -7.671888e-001  0.000000e+000
    outer loop
      vertex -7.787677e+000 -6.273124e+000  2.500000e+000
      vertex -7.787677e+000 -6.273124e+000  0.000000e+000
      vertex -4.794255e+000 -8.775826e+000  2.500000e+000
    endloop
  endfacet
  facet normal -6.414213e-001 -7.671888e-001  -0.000000e+000
    outer loop
      vertex -4.794255e+000 -8.775826e+000  2.500000e+000
      vertex -7.787677e+000 -6.273124e+000  0.000000e+000
      vertex -4.794255e+000 -8.775826e+000  0.000000e+000
    endloop
  endfacet
  facet normal -2.721249e-001 -9.622620e-001  0.000000e+000
    outer loop
      vertex -3.355979e+000 -6.143078e+000  6.000000e+001
      vertex -3.355979e+000 -6.143078e+000  2.250000e+001
      vertex -3.582508e-001 -6.990827e+000  6.000000e+001
    endloop
  endfacet
  facet normal -2.721249e-001 -9.622620e-001  -0.000000e+000
    outer loop
      vertex -3.582508e-001 -6.990827e+000  6.000000e+001
      vertex -3.355979e+000 -6.143078e+000  2.250000e+001
      vertex -3.582508e-001 -6.990827e+000  2.250000e+001
    endloop
  endfacet
  facet normal  1.723339e-001 -9.850386e-001  0.000000e+000
    outer loop
      vertex -3.582508e-001 -6.990827e+000  6.000000e+001
      vertex -3.582508e-001 -6.990827e+000  2.250000e+001
      vertex  2.710433e+000 -6.453956e+000  6.000000e+001
    endloop
  endfacet
  facet normal  1.723339e-001 -9.850386e-001  0.000000e+000
    outer loop
      vertex  2.710433e+000 -6.453956e+000  6.000000e+001
      vertex -3.582508e-001 -6.990827e+000  2.250000e+001
      vertex  2.710433e+000 -6.453956e+000  2.250000e+001
    endloop
  endfacet
  facet normal  5.826597e-001 -8.127162e-001  0.000000e+000
    outer loop
      vertex  2.710433e+000 -6.453956e+000  6.000000e+001
      vertex  2.710433e+000 -6.453956e+000  2.250000e+001
      vertex  5.242282e+000 -4.638801e+000  6.000000e+001
    endloop
  endfacet
  facet normal  5.826597e-001 -8.127162e-001  0.000000e+000
    outer loop
      vertex  5.242282e+000 -4.638801e+000  6.000000e+001
      vertex  2.710433e+000 -6.453956e+000  2.250000e+001
      vertex  5.242282e+000 -4.638801e+000  2.250000e+001
    endloop
  endfacet
  facet normal  8.775826e-001 -4.794256e-001  0.000000e+000
    outer loop
      vertex  5.242282e+000 -4.638801e+000  6.000000e+001
      vertex  5.242282e+000 -4.638801e+000  2.250000e+001
      vertex  6.735834e+000 -1.904874e+000  6.000000e+001
    endloop
  endfacet
  facet normal  8.775826e-001 -4.794256e-001  0.000000e+000
    outer loop
      vertex  6.735834e+000 -1.904874e+000  6.000000e+001
      vertex  5.242282e+000 -4.638801e+000  2.250000e+001
      vertex  6.735834e+000 -1.904874e+000  2.250000e+001
    endloop
  endfacet
  facet normal  9.986895e-001 -5.117871e-002  0.000000e+000
    outer loop
      vertex  6.735834e+000 -1.904874e+000  6.000000e+001
      vertex  6.735834e+000 -1.904874e+000  2.250000e+001
      vertex  6.895270e+000  1.206337e+000  6.000000e+001
    endloop
  endfacet
  facet normal  9.986895e-001 -5.117871e-002  0.000000e+000
    outer loop
      vertex  6.895270e+000  1.206337e+000  6.000000e+001
      vertex  6.735834e+000 -1.904874e+000  2.250000e+001
      vertex  6.895270e+000  1.206337e+000  2.250000e+001
    endloop
  endfacet
  facet normal  9.219938e-001  3.872048e-001  -0.000000e+000
    outer loop
      vertex  6.895270e+000  1.206337e+000  6.000000e+001
      vertex  6.895270e+000  1.206337e+000  2.250000e+001
      vertex  5.689014e+000  4.078618e+000  6.000000e+001
    endloop
  endfacet
  facet normal  9.219938e-001  3.872048e-001  0.000000e+000
    outer loop
      vertex  5.689014e+000  4.078618e+000  6.000000e+001
      vertex  6.895270e+000  1.206337e+000  2.250000e+001
      vertex  5.689014e+000  4.078618e+000  2.250000e+001
    endloop
  endfacet
  facet normal  6.626858e-001  7.488976e-001  -0.000000e+000
    outer loop
      vertex  5.689014e+000  4.078618e+000  6.000000e+001
      vertex  5.689014e+000  4.078618e+000  2.250000e+001
      vertex  3.355979e+000  6.143078e+000  6.000000e+001
    endloop
  endfacet
  facet normal  6.626858e-001  7.488976e-001  0.000000e+000
    outer loop
      vertex  3.355979e+000  6.143078e+000  6.000000e+001
      vertex  5.689014e+000  4.078618e+000  2.250000e+001
      vertex  3.355979e+000  6.143078e+000  2.250000e+001
    endloop
  endfacet
  facet normal -2.721248e-001 -9.622620e-001  0.000000e+000
    outer loop
      vertex -2.876553e+000 -5.265495e+000  2.250000e+001
      vertex -2.876553e+000 -5.265495e+000  2.500000e+000
      vertex -3.070721e-001 -5.992137e+000  2.250000e+001
    endloop
  endfacet
  facet normal -2.721248e-001 -9.622620e-001  -0.000000e+000
    outer loop
      vertex -3.070721e-001 -5.992137e+000  2.250000e+001
      vertex -2.876553e+000 -5.265495e+000  2.500000e+000
      vertex -3.070721e-001 -5.992137e+000  2.500000e+000
    endloop
  endfacet
  facet normal  1.723338e-001 -9.850385e-001  0.000000e+000
    outer loop
      vertex -3.070721e-001 -5.992137e+000  2.250000e+001
      vertex -3.070721e-001 -5.992137e+000  2.500000e+000
      vertex  2.323228e+000 -5.531962e+000  2.250000e+001
    endloop
  endfacet
  facet normal  1.723338e-001 -9.850385e-001  0.000000e+000
    outer loop
      vertex  2.323228e+000 -5.531962e+000  2.250000e+001
      vertex -3.070721e-001 -5.992137e+000  2.500000e+000
      vertex  2.323228e+000 -5.531962e+000  2.500000e+000
    endloop
  endfacet
  facet normal  5.826595e-001 -8.127163e-001  0.000000e+000
    outer loop
      vertex  2.323228e+000 -5.531962e+000  2.250000e+001
      vertex  2.323228e+000 -5.531962e+000  2.500000e+000
      vertex  4.493385e+000 -3.976115e+000  2.250000e+001
    endloop
  endfacet
  facet normal  5.826595e-001 -8.127163e-001  0.000000e+000
    outer loop
      vertex  4.493385e+000 -3.976115e+000  2.250000e+001
      vertex  2.323228e+000 -5.531962e+000  2.500000e+000
      vertex  4.493385e+000 -3.976115e+000  2.500000e+000
    endloop
  endfacet
  facet normal  8.775826e-001 -4.794254e-001  0.000000e+000
    outer loop
      vertex  4.493385e+000 -3.976115e+000  2.250000e+001
      vertex  4.493385e+000 -3.976115e+000  2.500000e+000
      vertex  5.773571e+000 -1.632749e+000  2.250000e+001
    endloop
  endfacet
  facet normal  8.775826e-001 -4.794254e-001  0.000000e+000
    outer loop
      vertex  5.773571e+000 -1.632749e+000  2.250000e+001
      vertex  4.493385e+000 -3.976115e+000  2.500000e+000
      vertex  5.773571e+000 -1.632749e+000  2.500000e+000
    endloop
  endfacet
  facet normal  9.986895e-001 -5.117874e-002  0.000000e+000
    outer loop
      vertex  5.773571e+000 -1.632749e+000  2.250000e+001
      vertex  5.773571e+000 -1.632749e+000  2.500000e+000
      vertex  5.910232e+000  1.034003e+000  2.250000e+001
    endloop
  endfacet
  facet normal  9.986895e-001 -5.117874e-002  0.000000e+000
    outer loop
      vertex  5.910232e+000  1.034003e+000  2.250000e+001
      vertex  5.773571e+000 -1.632749e+000  2.500000e+000
      vertex  5.910232e+000  1.034003e+000  2.500000e+000
    endloop
  endfacet
  facet normal  9.219938e-001  3.872046e-001  -0.000000e+000
    outer loop
      vertex  5.910232e+000  1.034003e+000  2.250000e+001
      vertex  5.910232e+000  1.034003e+000  2.500000e+000
      vertex  4.876298e+000  3.495958e+000  2.250000e+001
    endloop
  endfacet
  facet normal  9.219938e-001  3.872046e-001  0.000000e+000
    outer loop
      vertex  4.876298e+000  3.495958e+000  2.250000e+001
      vertex  5.910232e+000  1.034003e+000  2.500000e+000
      vertex  4.876298e+000  3.495958e+000  2.500000e+000
    endloop
  endfacet
  facet normal  6.626858e-001  7.488975e-001  -0.000000e+000
    outer loop
      vertex  4.876298e+000  3.495958e+000  2.250000e+001
      vertex  4.876298e+000  3.495958e+000  2.500000e+000
      vertex  2.876553e+000  5.265495e+000  2.250000e+001
    endloop
  endfacet
  facet normal  6.626858e-001  7.488975e-001  0.000000e+000
    outer loop
      vertex  2.876553e+000  5.265495e+000  2.250000e+001
      vertex  4.876298e+000  3.495958e+000  2.500000e+000
      vertex  2.876553e+000  5.265495e+000  2.500000e+000
    endloop
  endfacet
  facet normal -2.990057e-001 -9.542513e-001  0.000000e+000
    outer loop
      vertex -4.794255e+000 -8.775826e+000  2.500000e+000
      vertex -4.794255e+000 -8.775826e+000  0.000000e+000
      vertex -1.070951e+000 -9.942488e+000  2.500000e+000
    endloop
  endfacet
  facet normal -2.990057e-001 -9.542513e-001  -0.000000e+000
    outer loop
      vertex -1.070951e+000 -9.942488e+000  2.500000e+000
      vertex -4.794255e+000 -8.775826e+000  0.000000e+000
      vertex -1.070951e+000 -9.942488e+000  0.000000e+000
    endloop
  endfacet
  facet normal  8.893099e-002 -9.960378e-001  0.000000e+000
    outer loop
      vertex -1.070951e+000 -9.942488e+000  2.500000e+000
      vertex -1.070951e+000 -9.942488e+000  0.000000e+000
      vertex  2.815395e+000 -9.595496e+000  2.500000e+000
    endloop
  endfacet
  facet normal  8.893099e-002 -9.960378e-001  0.000000e+000
    outer loop
      vertex  2.815395e+000 -9.595496e+000  2.500000e+000
      vertex -1.070951e+000 -9.942488e+000  0.000000e+000
      vertex  2.815395e+000 -9.595496e+000  0.000000e+000
    endloop
  endfacet
  facet normal  4.633286e-001 -8.861864e-001  0.000000e+000
    outer loop
      vertex  2.815395e+000 -9.595496e+000  2.500000e+000
      vertex  2.815395e+000 -9.595496e+000  0.000000e+000
      vertex  6.273124e+000 -7.787677e+000  2.500000e+000
    endloop
  endfacet
  facet normal  4.633286e-001 -8.861864e-001  0.000000e+000
    outer loop
      vertex  6.273124e+000 -7.787677e+000  2.500000e+000
      vertex  2.815395e+000 -9.595496e+000  0.000000e+000
      vertex  6.273124e+000 -7.787677e+000  0.000000e+000
    endloop
  endfacet
  facet normal  7.671888e-001 -6.414213e-001  0.000000e+000
    outer loop
      vertex  6.273124e+000 -7.787677e+000  2.500000e+000
      vertex  6.273124e+000 -7.787677e+000  0.000000e+000
      vertex  8.775826e+000 -4.794255e+000  2.500000e+000
    endloop
  endfacet
  facet normal  7.671888e-001 -6.414213e-001  0.000000e+000
    outer loop
      vertex  8.775826e+000 -4.794255e+000  2.500000e+000
      vertex  6.273124e+000 -7.787677e+000  0.000000e+000
      vertex  8.775826e+000 -4.794255e+000  0.000000e+000
    endloop
  endfacet
  facet normal  9.542513e-001 -2.990057e-001  0.000000e+000
    outer loop
      vertex  8.775826e+000 -4.794255e+000  2.500000e+000
      vertex  8.775826e+000 -4.794255e+000  0.000000e+000
      vertex  9.942488e+000 -1.070951e+000  2.500000e+000
    endloop
  endfacet
  facet normal  9.542513e-001 -2.990057e-001  0.000000e+000
    outer loop
      vertex  9.942488e+000 -1.070951e+000  2.500000e+000
      vertex  8.775826e+000 -4.794255e+000  0.000000e+000
      vertex  9.942488e+000 -1.070951e+000  0.000000e+000
    endloop
  endfacet
  facet normal  9.960378e-001  8.893099e-002  -0.000000e+000
    outer loop
      vertex  9.942488e+000 -1.070951e+000  2.500000e+000
      vertex  9.942488e+000 -1.070951e+000  0.000000e+000
      vertex  9.595496e+000  2.815395e+000  2.500000e+000
    endloop
  endfacet
  facet normal  9.960378e-001  8.893099e-002  0.000000e+000
    outer loop
      vertex  9.595496e+000  2.815395e+000  2.500000e+000
      vertex  9.942488e+000 -1.070951e+000  0.000000e+000
      vertex  9.595496e+000  2.815395e+000  0.000000e+000
    endloop
  endfacet
  facet normal  8.861864e-001  4.633286e-001  -0.000000e+000
    outer loop
      vertex  9.595496e+000  2.815395e+000  2.500000e+000
      vertex  9.595496e+000  2.815395e+000  0.000000e+000
      vertex  7.787677e+000  6.273124e+000  2.500000e+000
    endloop
  endfacet
  facet normal  8.861864e-001  4.633286e-001  0.000000e+000
    outer loop
      vertex  7.787677e+000  6.273124e+000  2.500000e+000
      vertex  9.595496e+000  2.815395e+000  0.000000e+000
      vertex  7.787677e+000  6.273124e+000  0.000000e+000
    endloop
  endfacet
  facet normal  6.414213e-001  7.671888e-001  -0.000000e+000
    outer loop
      vertex  7.787677e+000  6.273124e+000  2.500000e+000
      vertex  7.787677e+000  6.273124e+000  0.000000e+000
      vertex  4.794255e+000  8.775826e+000  2.500000e+000
    endloop
  endfacet
  facet normal  6.414213e-001  7.671888e-001  0.000000e+000
    outer loop
      vertex  4.794255e+000  8.775826e+000  2.500000e+000
      vertex  7.787677e+000  6.273124e+000  0.000000e+000
      vertex  4.794255e+000  8.775826e+000  0.000000e+000
    endloop
  endfacet
endsolid CATIA STL
