solid CATIA STL
  facet normal  1.000000e+000  0.000000e+000  0.000000e+000
    outer loop
      vertex  5.000000e+000  2.525000e+001  6.500000e+000
      vertex  5.000000e+000  2.850000e+001  1.470888e+001
      vertex  5.000000e+000  2.362500e+001  6.064582e+000
    endloop
  endfacet
  facet normal  1.000000e+000  0.000000e+000  -0.000000e+000
    outer loop
      vertex  5.000000e+000  2.525000e+001  6.500000e+000
      vertex  5.000000e+000  2.850000e+001  6.500000e+000
      vertex  5.000000e+000  2.850000e+001  1.470888e+001
    endloop
  endfacet
  facet normal  9.999999e-001  0.000000e+000  0.000000e+000
    outer loop
      vertex  5.000000e+000  1.227544e+001  5.517129e+001
      vertex  5.000000e+000  4.838133e-002  5.582460e+001
      vertex  5.000000e+000  1.361654e+001  5.409101e+001
    endloop
  endfacet
  facet normal  1.000000e+000  0.000000e+000  0.000000e+000
    outer loop
      vertex  5.000000e+000  2.200000e+001  4.325000e+001
      vertex  5.000000e+000  1.943460e+001  4.438071e+001
      vertex  5.000000e+000  2.221216e+001  4.209500e+001
    endloop
  endfacet
  facet normal  1.000000e+000  0.000000e+000  0.000000e+000
    outer loop
      vertex  5.000000e+000  2.200000e+001  4.325000e+001
      vertex  5.000000e+000  2.200000e+001  4.650000e+001
      vertex  5.000000e+000  1.943460e+001  4.438071e+001
    endloop
  endfacet
  facet normal  1.000000e+000  0.000000e+000  0.000000e+000
    outer loop
      vertex  5.000000e+000  2.525000e+001  4.000000e+001
      vertex  5.000000e+000  2.346462e+001  4.028397e+001
      vertex  5.000000e+000  2.463063e+001  3.682880e+001
    endloop
  endfacet
  facet normal  1.000000e+000  0.000000e+000  0.000000e+000
    outer loop
      vertex  5.000000e+000  2.525000e+001  4.000000e+001
      vertex  5.000000e+000  2.321520e+001  4.071581e+001
      vertex  5.000000e+000  2.346462e+001  4.028397e+001
    endloop
  endfacet
  facet normal  1.000000e+000  0.000000e+000  -0.000000e+000
    outer loop
      vertex  5.000000e+000  3.250000e+000  4.000000e+001
      vertex  5.000000e+000  3.955837e+000  3.731887e+001
      vertex  5.000000e+000  5.284795e+000  4.071581e+001
    endloop
  endfacet
  facet normal  9.999999e-001  -0.000000e+000  0.000000e+000
    outer loop
      vertex  5.000000e+000  3.250000e+000  4.000000e+001
      vertex  5.000000e+000  0.000000e+000  4.000000e+001
      vertex  5.000000e+000  3.955837e+000  3.731887e+001
    endloop
  endfacet
  facet normal  1.000000e+000  0.000000e+000  -0.000000e+000
    outer loop
      vertex  5.000000e+000  6.500000e+000  4.650000e+001
      vertex  5.000000e+000  9.065397e+000  4.438071e+001
      vertex  5.000000e+000  1.245144e+001  4.559481e+001
    endloop
  endfacet
  facet normal  1.000000e+000  0.000000e+000  0.000000e+000
    outer loop
      vertex  5.000000e+000  6.500000e+000  4.650000e+001
      vertex  5.000000e+000  6.500000e+000  4.325000e+001
      vertex  5.000000e+000  9.065397e+000  4.438071e+001
    endloop
  endfacet
  facet normal  1.000000e+000  0.000000e+000  -0.000000e+000
    outer loop
      vertex  5.000000e+000  3.238344e+001  2.250063e+001
      vertex  5.000000e+000  3.299200e+001  1.870499e+001
      vertex  5.000000e+000  3.398954e+001  2.312191e+001
    endloop
  endfacet
  facet normal  1.000000e+000  0.000000e+000  0.000000e+000
    outer loop
      vertex  5.000000e+000  2.850000e+001  4.650000e+001
      vertex  5.000000e+000  3.296277e+001  5.182807e+001
      vertex  5.000000e+000  2.845162e+001  5.582460e+001
    endloop
  endfacet
  facet normal  1.000000e+000  0.000000e+000  -0.000000e+000
    outer loop
      vertex  5.000000e+000  0.000000e+000  4.000000e+001
      vertex  5.000000e+000  3.869215e+000  3.367225e+001
      vertex  5.000000e+000  3.955837e+000  3.731887e+001
    endloop
  endfacet
  facet normal  1.000000e+000  0.000000e+000  0.000000e+000
    outer loop
      vertex  5.000000e+000  6.287840e+000  4.209500e+001
      vertex  5.000000e+000  9.065397e+000  4.438071e+001
      vertex  5.000000e+000  6.500000e+000  4.325000e+001
    endloop
  endfacet
  facet normal  1.000000e+000  -0.000000e+000  0.000000e+000
    outer loop
      vertex  5.000000e+000  2.200000e+001  4.650000e+001
      vertex  5.000000e+000  1.604856e+001  4.559481e+001
      vertex  5.000000e+000  1.943460e+001  4.438071e+001
    endloop
  endfacet
  facet normal  1.000000e+000  0.000000e+000  0.000000e+000
    outer loop
      vertex  5.000000e+000  3.398954e+001  2.312191e+001
      vertex  5.000000e+000  3.299200e+001  1.870499e+001
      vertex  5.000000e+000  3.640005e+001  2.365798e+001
    endloop
  endfacet
  facet normal  1.000000e+000  0.000000e+000  -0.000000e+000
    outer loop
      vertex  5.000000e+000  3.248962e+001  2.699937e+001
      vertex  5.000000e+000  3.406462e+001  2.630301e+001
      vertex  5.000000e+000  3.852706e+001  2.928139e+001
    endloop
  endfacet
  facet normal  1.000000e+000  0.000000e+000  -0.000000e+000
    outer loop
      vertex  5.000000e+000  3.248962e+001  2.699937e+001
      vertex  5.000000e+000  3.852706e+001  2.928139e+001
      vertex  5.000000e+000  3.925000e+001  3.525000e+001
    endloop
  endfacet
  facet normal  1.000000e+000  0.000000e+000  0.000000e+000
    outer loop
      vertex  5.000000e+000  3.248962e+001  2.699937e+001
      vertex  5.000000e+000  3.925000e+001  3.525000e+001
      vertex  5.000000e+000  3.852354e+001  4.123289e+001
    endloop
  endfacet
  facet normal  1.000000e+000  0.000000e+000  0.000000e+000
    outer loop
      vertex  5.000000e+000  3.248962e+001  2.699937e+001
      vertex  5.000000e+000  3.852354e+001  4.123289e+001
      vertex  5.000000e+000  3.638640e+001  4.686808e+001
    endloop
  endfacet
  facet normal  1.000000e+000  0.000000e+000  0.000000e+000
    outer loop
      vertex  5.000000e+000  3.248962e+001  2.699937e+001
      vertex  5.000000e+000  3.638640e+001  4.686808e+001
      vertex  5.000000e+000  3.296277e+001  5.182807e+001
    endloop
  endfacet
  facet normal  1.000000e+000  0.000000e+000  0.000000e+000
    outer loop
      vertex  5.000000e+000  3.248962e+001  2.699937e+001
      vertex  5.000000e+000  3.296277e+001  5.182807e+001
      vertex  5.000000e+000  2.850000e+001  4.650000e+001
    endloop
  endfacet
  facet normal  1.000000e+000  0.000000e+000  0.000000e+000
    outer loop
      vertex  5.000000e+000  3.248962e+001  2.699937e+001
      vertex  5.000000e+000  2.850000e+001  4.650000e+001
      vertex  5.000000e+000  3.088353e+001  2.637809e+001
    endloop
  endfacet
  facet normal  1.000000e+000  -0.000000e+000  0.000000e+000
    outer loop
      vertex  5.000000e+000  2.850000e+001  4.000000e+001
      vertex  5.000000e+000  2.525000e+001  4.000000e+001
      vertex  5.000000e+000  2.463063e+001  3.682880e+001
    endloop
  endfacet
  facet normal  1.000000e+000  -0.000000e+000  0.000000e+000
    outer loop
      vertex  5.000000e+000  2.850000e+001  4.000000e+001
      vertex  5.000000e+000  2.463063e+001  3.682880e+001
      vertex  5.000000e+000  2.454458e+001  3.318320e+001
    endloop
  endfacet
  facet normal  1.000000e+000  -0.000000e+000  0.000000e+000
    outer loop
      vertex  5.000000e+000  2.850000e+001  4.000000e+001
      vertex  5.000000e+000  2.454458e+001  3.318320e+001
      vertex  5.000000e+000  2.321685e+001  2.978689e+001
    endloop
  endfacet
  facet normal  1.000000e+000  0.000000e+000  0.000000e+000
    outer loop
      vertex  5.000000e+000  2.200000e+001  4.650000e+001
      vertex  5.000000e+000  2.850000e+001  4.650000e+001
      vertex  5.000000e+000  2.845162e+001  5.582460e+001
    endloop
  endfacet
  facet normal  9.999999e-001  0.000000e+000  0.000000e+000
    outer loop
      vertex  5.000000e+000  2.200000e+001  4.650000e+001
      vertex  5.000000e+000  2.845162e+001  5.582460e+001
      vertex  5.000000e+000  1.622456e+001  5.732871e+001
    endloop
  endfacet
  facet normal  9.999999e-001  0.000000e+000  0.000000e+000
    outer loop
      vertex  5.000000e+000  2.200000e+001  4.650000e+001
      vertex  5.000000e+000  1.622456e+001  5.732871e+001
      vertex  5.000000e+000  1.640899e+001  5.561654e+001
    endloop
  endfacet
  facet normal  1.000000e+000  0.000000e+000  0.000000e+000
    outer loop
      vertex  5.000000e+000  2.200000e+001  4.650000e+001
      vertex  5.000000e+000  1.640899e+001  5.561654e+001
      vertex  5.000000e+000  1.532871e+001  5.427544e+001
    endloop
  endfacet
  facet normal  1.000000e+000  0.000000e+000  0.000000e+000
    outer loop
      vertex  5.000000e+000  2.850000e+001  1.470888e+001
      vertex  5.000000e+000  3.299200e+001  1.870499e+001
      vertex  5.000000e+000  3.238344e+001  2.250063e+001
    endloop
  endfacet
  facet normal  1.000000e+000  0.000000e+000  0.000000e+000
    outer loop
      vertex  5.000000e+000  2.850000e+001  1.470888e+001
      vertex  5.000000e+000  3.238344e+001  2.250063e+001
      vertex  5.000000e+000  3.080844e+001  2.319699e+001
    endloop
  endfacet
  facet normal  1.000000e+000  0.000000e+000  0.000000e+000
    outer loop
      vertex  5.000000e+000  2.850000e+001  1.470888e+001
      vertex  5.000000e+000  3.080844e+001  2.319699e+001
      vertex  5.000000e+000  3.018716e+001  2.480309e+001
    endloop
  endfacet
  facet normal  1.000000e+000  0.000000e+000  0.000000e+000
    outer loop
      vertex  5.000000e+000  2.850000e+001  1.470888e+001
      vertex  5.000000e+000  3.018716e+001  2.480309e+001
      vertex  5.000000e+000  1.760739e+001  2.530124e+001
    endloop
  endfacet
  facet normal  1.000000e+000  0.000000e+000  0.000000e+000
    outer loop
      vertex  5.000000e+000  2.842171e-014  1.470888e+001
      vertex  5.000000e+000  0.000000e+000  6.500000e+000
      vertex  5.000000e+000  3.250000e+000  6.500000e+000
    endloop
  endfacet
  facet normal  1.000000e+000  -0.000000e+000  -0.000000e+000
    outer loop
      vertex  5.000000e+000  2.842171e-014  1.470888e+001
      vertex  5.000000e+000  3.250000e+000  6.500000e+000
      vertex  5.000000e+000  4.875000e+000  6.064582e+000
    endloop
  endfacet
  facet normal  1.000000e+000  -0.000000e+000  -0.000000e+000
    outer loop
      vertex  5.000000e+000  2.842171e-014  1.470888e+001
      vertex  5.000000e+000  4.875000e+000  6.064582e+000
      vertex  5.000000e+000  6.064582e+000  4.875000e+000
    endloop
  endfacet
  facet normal  1.000000e+000  0.000000e+000  0.000000e+000
    outer loop
      vertex  5.000000e+000  2.842171e-014  1.470888e+001
      vertex  5.000000e+000  6.064582e+000  4.875000e+000
      vertex  5.000000e+000 -2.015065e+000  2.357933e+001
    endloop
  endfacet
  facet normal  1.000000e+000  0.000000e+000  0.000000e+000
    outer loop
      vertex  5.000000e+000  2.842171e-014  1.470888e+001
      vertex  5.000000e+000 -2.015065e+000  2.357933e+001
      vertex  5.000000e+000 -3.405636e+000  2.256353e+001
    endloop
  endfacet
  facet normal  1.000000e+000  0.000000e+000  0.000000e+000
    outer loop
      vertex  5.000000e+000  2.842171e-014  1.470888e+001
      vertex  5.000000e+000 -3.405636e+000  2.256353e+001
      vertex  5.000000e+000 -5.107200e+000  2.282853e+001
    endloop
  endfacet
  facet normal  1.000000e+000  0.000000e+000  0.000000e+000
    outer loop
      vertex  5.000000e+000  2.842171e-014  1.470888e+001
      vertex  5.000000e+000 -5.107200e+000  2.282853e+001
      vertex  5.000000e+000 -4.492001e+000  1.870499e+001
    endloop
  endfacet
  facet normal  1.000000e+000  0.000000e+000  0.000000e+000
    outer loop
      vertex  5.000000e+000  3.088353e+001  2.637809e+001
      vertex  5.000000e+000  2.850000e+001  4.650000e+001
      vertex  5.000000e+000  2.850000e+001  4.000000e+001
    endloop
  endfacet
  facet normal  1.000000e+000  0.000000e+000  0.000000e+000
    outer loop
      vertex  5.000000e+000  3.088353e+001  2.637809e+001
      vertex  5.000000e+000  2.850000e+001  4.000000e+001
      vertex  5.000000e+000  2.321685e+001  2.978689e+001
    endloop
  endfacet
  facet normal  9.999999e-001  0.000000e+000  0.000000e+000
    outer loop
      vertex  5.000000e+000  3.088353e+001  2.637809e+001
      vertex  5.000000e+000  2.321685e+001  2.978689e+001
      vertex  5.000000e+000  2.080759e+001  2.704951e+001
    endloop
  endfacet
  facet normal  1.000000e+000  0.000000e+000  0.000000e+000
    outer loop
      vertex  5.000000e+000  3.088353e+001  2.637809e+001
      vertex  5.000000e+000  2.080759e+001  2.704951e+001
      vertex  5.000000e+000  1.760739e+001  2.530124e+001
    endloop
  endfacet
  facet normal  1.000000e+000  -0.000000e+000  0.000000e+000
    outer loop
      vertex  5.000000e+000  3.088353e+001  2.637809e+001
      vertex  5.000000e+000  1.760739e+001  2.530124e+001
      vertex  5.000000e+000  3.018716e+001  2.480309e+001
    endloop
  endfacet
  facet normal  1.000000e+000  0.000000e+000  0.000000e+000
    outer loop
      vertex  5.000000e+000  1.400224e+001  2.475292e+001
      vertex  5.000000e+000  1.042697e+001  2.547071e+001
      vertex  5.000000e+000 -1.750064e+000  2.528090e+001
    endloop
  endfacet
  facet normal  1.000000e+000  0.000000e+000  0.000000e+000
    outer loop
      vertex  5.000000e+000  1.400224e+001  2.475292e+001
      vertex  5.000000e+000 -1.750064e+000  2.528090e+001
      vertex  5.000000e+000 -2.015065e+000  2.357933e+001
    endloop
  endfacet
  facet normal  1.000000e+000  -0.000000e+000  0.000000e+000
    outer loop
      vertex  5.000000e+000  1.400224e+001  2.475292e+001
      vertex  5.000000e+000 -2.015065e+000  2.357933e+001
      vertex  5.000000e+000  6.064582e+000  4.875000e+000
    endloop
  endfacet
  facet normal  1.000000e+000  -0.000000e+000  0.000000e+000
    outer loop
      vertex  5.000000e+000  1.400224e+001  2.475292e+001
      vertex  5.000000e+000  6.064582e+000  4.875000e+000
      vertex  5.000000e+000  6.500000e+000  3.250000e+000
    endloop
  endfacet
  facet normal  1.000000e+000  -0.000000e+000  0.000000e+000
    outer loop
      vertex  5.000000e+000  1.400224e+001  2.475292e+001
      vertex  5.000000e+000  6.500000e+000  3.250000e+000
      vertex  5.000000e+000  6.500000e+000  0.000000e+000
    endloop
  endfacet
  facet normal  1.000000e+000  0.000000e+000  0.000000e+000
    outer loop
      vertex  5.000000e+000  1.400224e+001  2.475292e+001
      vertex  5.000000e+000  6.500000e+000  0.000000e+000
      vertex  5.000000e+000  2.200000e+001  0.000000e+000
    endloop
  endfacet
  facet normal  9.999999e-001  0.000000e+000  0.000000e+000
    outer loop
      vertex  5.000000e+000  1.400224e+001  2.475292e+001
      vertex  5.000000e+000  2.200000e+001  0.000000e+000
      vertex  5.000000e+000  1.760739e+001  2.530124e+001
    endloop
  endfacet
  facet normal  1.000000e+000  0.000000e+000  -0.000000e+000
    outer loop
      vertex  5.000000e+000  1.760739e+001  2.530124e+001
      vertex  5.000000e+000  2.200000e+001  0.000000e+000
      vertex  5.000000e+000  2.200000e+001  3.250000e+000
    endloop
  endfacet
  facet normal  1.000000e+000  0.000000e+000  -0.000000e+000
    outer loop
      vertex  5.000000e+000  1.760739e+001  2.530124e+001
      vertex  5.000000e+000  2.200000e+001  3.250000e+000
      vertex  5.000000e+000  2.243542e+001  4.875000e+000
    endloop
  endfacet
  facet normal  1.000000e+000  0.000000e+000  -0.000000e+000
    outer loop
      vertex  5.000000e+000  1.760739e+001  2.530124e+001
      vertex  5.000000e+000  2.243542e+001  4.875000e+000
      vertex  5.000000e+000  2.362500e+001  6.064582e+000
    endloop
  endfacet
  facet normal  1.000000e+000  0.000000e+000  -0.000000e+000
    outer loop
      vertex  5.000000e+000  1.760739e+001  2.530124e+001
      vertex  5.000000e+000  2.362500e+001  6.064582e+000
      vertex  5.000000e+000  2.850000e+001  1.470888e+001
    endloop
  endfacet
  facet normal  1.000000e+000  0.000000e+000  -0.000000e+000
    outer loop
      vertex  5.000000e+000 -2.765867e+000  2.667147e+001
      vertex  5.000000e+000 -1.750064e+000  2.528090e+001
      vertex  5.000000e+000  1.042697e+001  2.547071e+001
    endloop
  endfacet
  facet normal  1.000000e+000  0.000000e+000  0.000000e+000
    outer loop
      vertex  5.000000e+000 -2.765867e+000  2.667147e+001
      vertex  5.000000e+000  1.042697e+001  2.547071e+001
      vertex  5.000000e+000  7.312811e+000  2.736803e+001
    endloop
  endfacet
  facet normal  9.999999e-001  0.000000e+000  0.000000e+000
    outer loop
      vertex  5.000000e+000 -2.765867e+000  2.667147e+001
      vertex  5.000000e+000  7.312811e+000  2.736803e+001
      vertex  5.000000e+000  5.035383e+000  3.021603e+001
    endloop
  endfacet
  facet normal  1.000000e+000  0.000000e+000  0.000000e+000
    outer loop
      vertex  5.000000e+000 -2.765867e+000  2.667147e+001
      vertex  5.000000e+000  5.035383e+000  3.021603e+001
      vertex  5.000000e+000  3.869215e+000  3.367225e+001
    endloop
  endfacet
  facet normal  1.000000e+000  0.000000e+000  0.000000e+000
    outer loop
      vertex  5.000000e+000 -2.765867e+000  2.667147e+001
      vertex  5.000000e+000  3.869215e+000  3.367225e+001
      vertex  5.000000e+000  0.000000e+000  4.000000e+001
    endloop
  endfacet
  facet normal  1.000000e+000  0.000000e+000  -0.000000e+000
    outer loop
      vertex  5.000000e+000 -2.765867e+000  2.667147e+001
      vertex  5.000000e+000  0.000000e+000  4.000000e+001
      vertex  5.000000e+000  1.421085e-014  4.650000e+001
    endloop
  endfacet
  facet normal  1.000000e+000  0.000000e+000  0.000000e+000
    outer loop
      vertex  5.000000e+000  1.604856e+001  4.559481e+001
      vertex  5.000000e+000  2.200000e+001  4.650000e+001
      vertex  5.000000e+000  1.245144e+001  4.559481e+001
    endloop
  endfacet
  facet normal  9.999999e-001  0.000000e+000  0.000000e+000
    outer loop
      vertex  5.000000e+000  1.245144e+001  4.559481e+001
      vertex  5.000000e+000  2.200000e+001  4.650000e+001
      vertex  5.000000e+000  1.532871e+001  5.427544e+001
    endloop
  endfacet
  facet normal  9.999999e-001  0.000000e+000  0.000000e+000
    outer loop
      vertex  5.000000e+000  1.245144e+001  4.559481e+001
      vertex  5.000000e+000  1.532871e+001  5.427544e+001
      vertex  5.000000e+000  6.500000e+000  4.650000e+001
    endloop
  endfacet
  facet normal  9.999999e-001  0.000000e+000  0.000000e+000
    outer loop
      vertex  5.000000e+000  6.500000e+000  4.650000e+001
      vertex  5.000000e+000  1.532871e+001  5.427544e+001
      vertex  5.000000e+000  1.361654e+001  5.409101e+001
    endloop
  endfacet
  facet normal  9.999999e-001  0.000000e+000  0.000000e+000
    outer loop
      vertex  5.000000e+000  6.500000e+000  4.650000e+001
      vertex  5.000000e+000  1.361654e+001  5.409101e+001
      vertex  5.000000e+000  1.421085e-014  4.650000e+001
    endloop
  endfacet
  facet normal  1.000000e+000  0.000000e+000  0.000000e+000
    outer loop
      vertex  5.000000e+000  1.421085e-014  4.650000e+001
      vertex  5.000000e+000  1.361654e+001  5.409101e+001
      vertex  5.000000e+000  4.838133e-002  5.582460e+001
    endloop
  endfacet
  facet normal  1.000000e+000  0.000000e+000  0.000000e+000
    outer loop
      vertex  5.000000e+000  1.421085e-014  4.650000e+001
      vertex  5.000000e+000  4.838133e-002  5.582460e+001
      vertex  5.000000e+000 -4.462769e+000  5.182807e+001
    endloop
  endfacet
  facet normal  1.000000e+000  0.000000e+000  0.000000e+000
    outer loop
      vertex  5.000000e+000  2.311512e+001  5.862540e+001
      vertex  5.000000e+000  1.726342e+001  6.006772e+001
      vertex  5.000000e+000  1.488346e+001  5.840899e+001
    endloop
  endfacet
  facet normal  1.000000e+000  0.000000e+000  -0.000000e+000
    outer loop
      vertex  5.000000e+000  1.488346e+001  5.840899e+001
      vertex  5.000000e+000  1.726342e+001  6.006772e+001
      vertex  5.000000e+000  1.123658e+001  6.006772e+001
    endloop
  endfacet
  facet normal  1.000000e+000  0.000000e+000  0.000000e+000
    outer loop
      vertex  5.000000e+000  1.488346e+001  5.840899e+001
      vertex  5.000000e+000  1.123658e+001  6.006772e+001
      vertex  5.000000e+000  1.317129e+001  5.822456e+001
    endloop
  endfacet
  facet normal  1.000000e+000  0.000000e+000  0.000000e+000
    outer loop
      vertex  5.000000e+000  1.317129e+001  5.822456e+001
      vertex  5.000000e+000  1.123658e+001  6.006772e+001
      vertex  5.000000e+000  5.384878e+000  5.862540e+001
    endloop
  endfacet
  facet normal  1.000000e+000  0.000000e+000  0.000000e+000
    outer loop
      vertex  5.000000e+000  1.317129e+001  5.822456e+001
      vertex  5.000000e+000  5.384878e+000  5.862540e+001
      vertex  5.000000e+000  1.209101e+001  5.688346e+001
    endloop
  endfacet
  facet normal  1.000000e+000  0.000000e+000  0.000000e+000
    outer loop
      vertex  5.000000e+000  1.209101e+001  5.688346e+001
      vertex  5.000000e+000  5.384878e+000  5.862540e+001
      vertex  5.000000e+000  4.838133e-002  5.582460e+001
    endloop
  endfacet
  facet normal  1.000000e+000  -0.000000e+000  0.000000e+000
    outer loop
      vertex  5.000000e+000  1.209101e+001  5.688346e+001
      vertex  5.000000e+000  4.838133e-002  5.582460e+001
      vertex  5.000000e+000  1.227544e+001  5.517129e+001
    endloop
  endfacet
  facet normal  1.000000e+000  0.000000e+000  0.000000e+000
    outer loop
      vertex  5.000000e+000 -2.765867e+000  2.667147e+001
      vertex  5.000000e+000  1.421085e-014  4.650000e+001
      vertex  5.000000e+000 -4.467431e+000  2.693647e+001
    endloop
  endfacet
  facet normal  9.999999e-001  0.000000e+000  0.000000e+000
    outer loop
      vertex  5.000000e+000 -4.467431e+000  2.693647e+001
      vertex  5.000000e+000  1.421085e-014  4.650000e+001
      vertex  5.000000e+000 -4.462769e+000  5.182807e+001
    endloop
  endfacet
  facet normal  1.000000e+000  0.000000e+000  0.000000e+000
    outer loop
      vertex  5.000000e+000 -4.467431e+000  2.693647e+001
      vertex  5.000000e+000 -4.462769e+000  5.182807e+001
      vertex  5.000000e+000 -1.002706e+001  2.928139e+001
    endloop
  endfacet
  facet normal  1.000000e+000  0.000000e+000  0.000000e+000
    outer loop
      vertex  5.000000e+000 -1.002706e+001  2.928139e+001
      vertex  5.000000e+000 -4.462769e+000  5.182807e+001
      vertex  5.000000e+000 -7.886401e+000  4.686808e+001
    endloop
  endfacet
  facet normal  1.000000e+000  0.000000e+000  0.000000e+000
    outer loop
      vertex  5.000000e+000 -1.002706e+001  2.928139e+001
      vertex  5.000000e+000 -7.886401e+000  4.686808e+001
      vertex  5.000000e+000 -1.075000e+001  3.525000e+001
    endloop
  endfacet
  facet normal  1.000000e+000  0.000000e+000  0.000000e+000
    outer loop
      vertex  5.000000e+000 -1.075000e+001  3.525000e+001
      vertex  5.000000e+000 -7.886401e+000  4.686808e+001
      vertex  5.000000e+000 -1.002355e+001  4.123289e+001
    endloop
  endfacet
  facet normal  1.000000e+000  0.000000e+000  0.000000e+000
    outer loop
      vertex  5.000000e+000 -4.492001e+000  1.870499e+001
      vertex  5.000000e+000 -5.107200e+000  2.282853e+001
      vertex  5.000000e+000 -7.900056e+000  2.365798e+001
    endloop
  endfacet
  facet normal  1.000000e+000  -0.000000e+000  0.000000e+000
    outer loop
      vertex  5.000000e+000 -7.900056e+000  2.365798e+001
      vertex  5.000000e+000 -5.107200e+000  2.282853e+001
      vertex  5.000000e+000 -6.123003e+000  2.421910e+001
    endloop
  endfacet
  facet normal  1.000000e+000  0.000000e+000  0.000000e+000
    outer loop
      vertex  5.000000e+000 -7.900056e+000  2.365798e+001
      vertex  5.000000e+000 -6.123003e+000  2.421910e+001
      vertex  5.000000e+000 -1.002706e+001  2.928139e+001
    endloop
  endfacet
  facet normal  1.000000e+000  0.000000e+000  0.000000e+000
    outer loop
      vertex  5.000000e+000 -1.002706e+001  2.928139e+001
      vertex  5.000000e+000 -6.123003e+000  2.421910e+001
      vertex  5.000000e+000 -5.858002e+000  2.592067e+001
    endloop
  endfacet
  facet normal  1.000000e+000  0.000000e+000  -0.000000e+000
    outer loop
      vertex  5.000000e+000 -1.002706e+001  2.928139e+001
      vertex  5.000000e+000 -5.858002e+000  2.592067e+001
      vertex  5.000000e+000 -4.467431e+000  2.693647e+001
    endloop
  endfacet
  facet normal  1.000000e+000  0.000000e+000  0.000000e+000
    outer loop
      vertex  5.000000e+000  1.622456e+001  5.732871e+001
      vertex  5.000000e+000  2.845162e+001  5.582460e+001
      vertex  5.000000e+000  1.488346e+001  5.840899e+001
    endloop
  endfacet
  facet normal  1.000000e+000  -0.000000e+000  0.000000e+000
    outer loop
      vertex  5.000000e+000  1.488346e+001  5.840899e+001
      vertex  5.000000e+000  2.845162e+001  5.582460e+001
      vertex  5.000000e+000  2.311512e+001  5.862540e+001
    endloop
  endfacet
  facet normal  1.000000e+000  -0.000000e+000  0.000000e+000
    outer loop
      vertex  5.000000e+000  3.852706e+001  2.928139e+001
      vertex  5.000000e+000  3.406462e+001  2.630301e+001
      vertex  5.000000e+000  3.640005e+001  2.365798e+001
    endloop
  endfacet
  facet normal  1.000000e+000  0.000000e+000  0.000000e+000
    outer loop
      vertex  5.000000e+000  3.640005e+001  2.365798e+001
      vertex  5.000000e+000  3.406462e+001  2.630301e+001
      vertex  5.000000e+000  3.468591e+001  2.469691e+001
    endloop
  endfacet
  facet normal  9.999999e-001  0.000000e+000  0.000000e+000
    outer loop
      vertex  5.000000e+000  3.640005e+001  2.365798e+001
      vertex  5.000000e+000  3.468591e+001  2.469691e+001
      vertex  5.000000e+000  3.398954e+001  2.312191e+001
    endloop
  endfacet
  facet normal -1.000000e+000 -9.614100e-018 -8.155085e-017
    outer loop
      vertex  0.000000e+000  2.407251e+001  7.648429e-001
      vertex  0.000000e+000  5.977391e+000  2.898092e+000
      vertex -8.326673e-017  2.283665e+001  1.931580e+000
    endloop
  endfacet
  facet normal -1.000000e+000  0.000000e+000  0.000000e+000
    outer loop
      vertex  0.000000e+000  4.427495e+000  5.735157e+000
      vertex  0.000000e+000  1.400224e+001  2.475292e+001
      vertex  0.000000e+000  5.663352e+000  4.568420e+000
    endloop
  endfacet
  facet normal -1.000000e+000  0.000000e+000  0.000000e+000
    outer loop
      vertex  0.000000e+000  1.400224e+001  2.475292e+001
      vertex  0.000000e+000  5.977391e+000  2.898092e+000
      vertex  0.000000e+000  5.663352e+000  4.568420e+000
    endloop
  endfacet
  facet normal -1.000000e+000  0.000000e+000  0.000000e+000
    outer loop
      vertex  0.000000e+000  2.845162e+001  5.582460e+001
      vertex  0.000000e+000  2.797739e+001  4.289809e+001
      vertex  0.000000e+000  2.766335e+001  4.456842e+001
    endloop
  endfacet
  facet normal -1.000000e+000  0.000000e+000  0.000000e+000
    outer loop
      vertex  0.000000e+000  2.072505e+000  4.076484e+001
      vertex  0.000000e+000 -2.765867e+000  2.667147e+001
      vertex  0.000000e+000  8.366479e-001  4.193158e+001
    endloop
  endfacet
  facet normal -1.000000e+000  0.000000e+000  -0.000000e+000
    outer loop
      vertex  0.000000e+000 -2.765867e+000  2.667147e+001
      vertex  0.000000e+000  5.226092e-001  4.360191e+001
      vertex  0.000000e+000  8.366479e-001  4.193158e+001
    endloop
  endfacet
  facet normal -1.000000e+000  0.000000e+000  0.000000e+000
    outer loop
      vertex  0.000000e+000  3.398954e+001  2.312191e+001
      vertex  0.000000e+000  3.299200e+001  1.870499e+001
      vertex  0.000000e+000  3.238344e+001  2.250063e+001
    endloop
  endfacet
  facet normal -1.000000e+000  0.000000e+000  0.000000e+000
    outer loop
      vertex  0.000000e+000  1.400224e+001  2.475292e+001
      vertex  0.000000e+000  1.760739e+001  2.530124e+001
      vertex  0.000000e+000  5.977391e+000  2.898092e+000
    endloop
  endfacet
  facet normal -1.000000e+000  0.000000e+000  0.000000e+000
    outer loop
      vertex  0.000000e+000 -1.002355e+001  4.123289e+001
      vertex  0.000000e+000 -7.886401e+000  4.686808e+001
      vertex  0.000000e+000 -1.002706e+001  2.928139e+001
    endloop
  endfacet
  facet normal -1.000000e+000  0.000000e+000  0.000000e+000
    outer loop
      vertex  0.000000e+000 -1.002355e+001  4.123289e+001
      vertex  0.000000e+000 -1.002706e+001  2.928139e+001
      vertex  0.000000e+000 -1.075000e+001  3.525000e+001
    endloop
  endfacet
  facet normal -1.000000e+000  -0.000000e+000  0.000000e+000
    outer loop
      vertex  0.000000e+000  4.838133e-002  5.582460e+001
      vertex  0.000000e+000  2.741875e+000  4.595265e+001
      vertex  0.000000e+000  1.250341e+000  4.513782e+001
    endloop
  endfacet
  facet normal -1.000000e+000  -0.000000e+000  0.000000e+000
    outer loop
      vertex  0.000000e+000  1.042697e+001  2.547071e+001
      vertex  0.000000e+000  1.400224e+001  2.475292e+001
      vertex  0.000000e+000  4.427495e+000  5.735157e+000
    endloop
  endfacet
  facet normal -1.000000e+000  -0.000000e+000  0.000000e+000
    outer loop
      vertex  0.000000e+000  7.312811e+000  2.736803e+001
      vertex  0.000000e+000  1.042697e+001  2.547071e+001
      vertex  0.000000e+000  4.427495e+000  5.735157e+000
    endloop
  endfacet
  facet normal -9.999999e-001  0.000000e+000  0.000000e+000
    outer loop
      vertex  0.000000e+000 -1.750064e+000  2.528090e+001
      vertex  0.000000e+000 -2.765867e+000  2.667147e+001
      vertex  0.000000e+000  2.072505e+000  4.076484e+001
    endloop
  endfacet
  facet normal -1.000000e+000  0.000000e+000  0.000000e+000
    outer loop
      vertex  0.000000e+000  0.000000e+000  1.470888e+001
      vertex  0.000000e+000 -3.405636e+000  2.256353e+001
      vertex  0.000000e+000 -2.015065e+000  2.357933e+001
    endloop
  endfacet
  facet normal -1.000000e+000  0.000000e+000  0.000000e+000
    outer loop
      vertex  0.000000e+000  3.955422e+000  3.731680e+001
      vertex  0.000000e+000  3.758125e+000  4.054735e+001
      vertex  0.000000e+000  5.283147e+000  4.071311e+001
    endloop
  endfacet
  facet normal -9.999999e-001  -0.000000e+000  0.000000e+000
    outer loop
      vertex  0.000000e+000  3.758125e+000  4.054735e+001
      vertex  0.000000e+000  3.955422e+000  3.731680e+001
      vertex  0.000000e+000  3.869374e+000  3.367120e+001
    endloop
  endfacet
  facet normal -1.000000e+000  0.000000e+000  -0.000000e+000
    outer loop
      vertex  0.000000e+000  1.532871e+001  5.427544e+001
      vertex  0.000000e+000  1.640899e+001  5.561654e+001
      vertex  0.000000e+000  2.474187e+001  4.595265e+001
    endloop
  endfacet
  facet normal -1.000000e+000  0.000000e+000  0.000000e+000
    outer loop
      vertex  0.000000e+000  3.640005e+001  2.365798e+001
      vertex  0.000000e+000  3.299200e+001  1.870499e+001
      vertex  0.000000e+000  3.398954e+001  2.312191e+001
    endloop
  endfacet
  facet normal -1.000000e+000  0.000000e+000  0.000000e+000
    outer loop
      vertex  0.000000e+000  3.248962e+001  2.699937e+001
      vertex  0.000000e+000  3.088353e+001  2.637809e+001
      vertex  0.000000e+000  2.845162e+001  5.582460e+001
    endloop
  endfacet
  facet normal -1.000000e+000  0.000000e+000  0.000000e+000
    outer loop
      vertex  0.000000e+000  3.248962e+001  2.699937e+001
      vertex  0.000000e+000  2.845162e+001  5.582460e+001
      vertex  0.000000e+000  3.296277e+001  5.182807e+001
    endloop
  endfacet
  facet normal -1.000000e+000  0.000000e+000  -0.000000e+000
    outer loop
      vertex  0.000000e+000  3.248962e+001  2.699937e+001
      vertex  0.000000e+000  3.296277e+001  5.182807e+001
      vertex  0.000000e+000  3.638640e+001  4.686808e+001
    endloop
  endfacet
  facet normal -1.000000e+000  0.000000e+000  -0.000000e+000
    outer loop
      vertex  0.000000e+000  3.248962e+001  2.699937e+001
      vertex  0.000000e+000  3.638640e+001  4.686808e+001
      vertex  0.000000e+000  3.852354e+001  4.123289e+001
    endloop
  endfacet
  facet normal -1.000000e+000  0.000000e+000  -0.000000e+000
    outer loop
      vertex  0.000000e+000  3.248962e+001  2.699937e+001
      vertex  0.000000e+000  3.852354e+001  4.123289e+001
      vertex  0.000000e+000  3.925000e+001  3.525000e+001
    endloop
  endfacet
  facet normal -1.000000e+000  0.000000e+000  0.000000e+000
    outer loop
      vertex  0.000000e+000  3.248962e+001  2.699937e+001
      vertex  0.000000e+000  3.925000e+001  3.525000e+001
      vertex  0.000000e+000  3.852706e+001  2.928139e+001
    endloop
  endfacet
  facet normal -1.000000e+000  0.000000e+000  0.000000e+000
    outer loop
      vertex  0.000000e+000  3.248962e+001  2.699937e+001
      vertex  0.000000e+000  3.852706e+001  2.928139e+001
      vertex  0.000000e+000  3.406462e+001  2.630301e+001
    endloop
  endfacet
  facet normal -1.000000e+000 -1.962441e-018  7.464283e-017
    outer loop
      vertex -8.326673e-017  1.622456e+001  5.732871e+001
      vertex  0.000000e+000  1.488346e+001  5.840899e+001
      vertex  0.000000e+000  2.311512e+001  5.862540e+001
    endloop
  endfacet
  facet normal -1.000000e+000  1.179915e-017  1.514611e-018
    outer loop
      vertex -8.326673e-017  1.622456e+001  5.732871e+001
      vertex  0.000000e+000  2.311512e+001  5.862540e+001
      vertex  0.000000e+000  2.474187e+001  4.595265e+001
    endloop
  endfacet
  facet normal -1.000000e+000 -6.445133e-017 -5.557450e-017
    outer loop
      vertex -8.326673e-017  1.622456e+001  5.732871e+001
      vertex  0.000000e+000  2.474187e+001  4.595265e+001
      vertex  0.000000e+000  1.640899e+001  5.561654e+001
    endloop
  endfacet
  facet normal -9.999999e-001  0.000000e+000  0.000000e+000
    outer loop
      vertex  0.000000e+000  2.850000e+001  0.000000e+000
      vertex  0.000000e+000  3.758125e+000  5.473515e-001
      vertex  0.000000e+000  5.249659e+000  1.362180e+000
    endloop
  endfacet
  facet normal -1.000000e+000  0.000000e+000  0.000000e+000
    outer loop
      vertex  0.000000e+000  2.850000e+001  0.000000e+000
      vertex  0.000000e+000  5.249659e+000  1.362180e+000
      vertex  0.000000e+000  5.977391e+000  2.898092e+000
    endloop
  endfacet
  facet normal -1.000000e+000  0.000000e+000  0.000000e+000
    outer loop
      vertex  0.000000e+000  2.850000e+001  0.000000e+000
      vertex  0.000000e+000  5.977391e+000  2.898092e+000
      vertex  0.000000e+000  2.407251e+001  7.648429e-001
    endloop
  endfacet
  facet normal -1.000000e+000  0.000000e+000  0.000000e+000
    outer loop
      vertex  0.000000e+000  2.850000e+001  0.000000e+000
      vertex  0.000000e+000  2.407251e+001  7.648429e-001
      vertex  0.000000e+000  2.575813e+001  5.473515e-001
    endloop
  endfacet
  facet normal -1.000000e+000  0.000000e+000  0.000000e+000
    outer loop
      vertex  0.000000e+000  2.850000e+001  0.000000e+000
      vertex  0.000000e+000  2.575813e+001  5.473515e-001
      vertex  0.000000e+000  2.724966e+001  1.362180e+000
    endloop
  endfacet
  facet normal -1.000000e+000  0.000000e+000  0.000000e+000
    outer loop
      vertex  0.000000e+000  2.850000e+001  0.000000e+000
      vertex  0.000000e+000  2.724966e+001  1.362180e+000
      vertex  0.000000e+000  2.797739e+001  2.898092e+000
    endloop
  endfacet
  facet normal -1.000000e+000  0.000000e+000  -0.000000e+000
    outer loop
      vertex  0.000000e+000  0.000000e+000  0.000000e+000
      vertex  0.000000e+000  5.226092e-001  3.601908e+000
      vertex  0.000000e+000  8.366479e-001  1.931580e+000
    endloop
  endfacet
  facet normal -1.000000e+000  0.000000e+000  -0.000000e+000
    outer loop
      vertex  0.000000e+000  0.000000e+000  0.000000e+000
      vertex  0.000000e+000  8.366479e-001  1.931580e+000
      vertex  0.000000e+000  2.072505e+000  7.648429e-001
    endloop
  endfacet
  facet normal -9.999999e-001  0.000000e+000  -0.000000e+000
    outer loop
      vertex  0.000000e+000  0.000000e+000  0.000000e+000
      vertex  0.000000e+000  2.072505e+000  7.648429e-001
      vertex  0.000000e+000  3.758125e+000  5.473515e-001
    endloop
  endfacet
  facet normal -1.000000e+000  0.000000e+000  -0.000000e+000
    outer loop
      vertex  0.000000e+000  0.000000e+000  0.000000e+000
      vertex  0.000000e+000  3.758125e+000  5.473515e-001
      vertex  0.000000e+000  2.850000e+001  0.000000e+000
    endloop
  endfacet
  facet normal -1.000000e+000  0.000000e+000  0.000000e+000
    outer loop
      vertex  0.000000e+000  3.088353e+001  2.637809e+001
      vertex  0.000000e+000  3.018716e+001  2.480309e+001
      vertex  0.000000e+000  2.575813e+001  4.054735e+001
    endloop
  endfacet
  facet normal -1.000000e+000  0.000000e+000  0.000000e+000
    outer loop
      vertex  0.000000e+000  3.088353e+001  2.637809e+001
      vertex  0.000000e+000  2.575813e+001  4.054735e+001
      vertex  0.000000e+000  2.724966e+001  4.136218e+001
    endloop
  endfacet
  facet normal -1.000000e+000  0.000000e+000  0.000000e+000
    outer loop
      vertex  0.000000e+000  3.088353e+001  2.637809e+001
      vertex  0.000000e+000  2.724966e+001  4.136218e+001
      vertex  0.000000e+000  2.797739e+001  4.289809e+001
    endloop
  endfacet
  facet normal -1.000000e+000  0.000000e+000  0.000000e+000
    outer loop
      vertex  0.000000e+000  3.088353e+001  2.637809e+001
      vertex  0.000000e+000  2.797739e+001  4.289809e+001
      vertex  0.000000e+000  2.845162e+001  5.582460e+001
    endloop
  endfacet
  facet normal -1.000000e+000  0.000000e+000  0.000000e+000
    outer loop
      vertex  0.000000e+000  2.474187e+001  5.952649e+000
      vertex  0.000000e+000  2.325034e+001  5.137820e+000
      vertex  0.000000e+000  1.760739e+001  2.530124e+001
    endloop
  endfacet
  facet normal -1.000000e+000  0.000000e+000  0.000000e+000
    outer loop
      vertex  0.000000e+000  2.474187e+001  5.952649e+000
      vertex  0.000000e+000  1.760739e+001  2.530124e+001
      vertex  0.000000e+000  2.080759e+001  2.704951e+001
    endloop
  endfacet
  facet normal -1.000000e+000  0.000000e+000  0.000000e+000
    outer loop
      vertex  0.000000e+000  2.474187e+001  5.952649e+000
      vertex  0.000000e+000  2.080759e+001  2.704951e+001
      vertex  0.000000e+000  2.321685e+001  2.978689e+001
    endloop
  endfacet
  facet normal -1.000000e+000  0.000000e+000  0.000000e+000
    outer loop
      vertex  0.000000e+000  2.474187e+001  5.952649e+000
      vertex  0.000000e+000  2.321685e+001  2.978689e+001
      vertex  0.000000e+000  2.454458e+001  3.318320e+001
    endloop
  endfacet
  facet normal -9.999999e-001  0.000000e+000  0.000000e+000
    outer loop
      vertex  0.000000e+000  2.474187e+001  5.952649e+000
      vertex  0.000000e+000  2.454458e+001  3.318320e+001
      vertex  0.000000e+000  2.463063e+001  3.682880e+001
    endloop
  endfacet
  facet normal -1.000000e+000  0.000000e+000  0.000000e+000
    outer loop
      vertex  0.000000e+000  2.474187e+001  5.952649e+000
      vertex  0.000000e+000  2.463063e+001  3.682880e+001
      vertex  0.000000e+000  2.575813e+001  4.054735e+001
    endloop
  endfacet
  facet normal -9.999999e-001  0.000000e+000  -0.000000e+000
    outer loop
      vertex  0.000000e+000  2.474187e+001  5.952649e+000
      vertex  0.000000e+000  2.575813e+001  4.054735e+001
      vertex  0.000000e+000  2.642749e+001  5.735157e+000
    endloop
  endfacet
  facet normal -1.000000e+000  0.000000e+000  0.000000e+000
    outer loop
      vertex  0.000000e+000  4.427495e+000  4.573516e+001
      vertex  0.000000e+000  2.741875e+000  4.595265e+001
      vertex  0.000000e+000  4.838133e-002  5.582460e+001
    endloop
  endfacet
  facet normal -1.000000e+000  0.000000e+000  0.000000e+000
    outer loop
      vertex  0.000000e+000  4.427495e+000  4.573516e+001
      vertex  0.000000e+000  4.838133e-002  5.582460e+001
      vertex  0.000000e+000  5.384878e+000  5.862540e+001
    endloop
  endfacet
  facet normal -1.000000e+000  0.000000e+000  -0.000000e+000
    outer loop
      vertex  0.000000e+000  4.427495e+000  4.573516e+001
      vertex  0.000000e+000  5.384878e+000  5.862540e+001
      vertex  0.000000e+000  1.209101e+001  5.688346e+001
    endloop
  endfacet
  facet normal -1.000000e+000 -6.116255e-017  4.204408e-017
    outer loop
      vertex  0.000000e+000  4.427495e+000  4.573516e+001
      vertex  0.000000e+000  1.209101e+001  5.688346e+001
      vertex -8.326673e-017  1.227544e+001  5.517129e+001
    endloop
  endfacet
  facet normal -1.000000e+000  3.292359e-017 -3.620648e-017
    outer loop
      vertex  0.000000e+000  4.427495e+000  4.573516e+001
      vertex -8.326673e-017  1.227544e+001  5.517129e+001
      vertex  0.000000e+000  1.361654e+001  5.409101e+001
    endloop
  endfacet
  facet normal -1.000000e+000  0.000000e+000  -0.000000e+000
    outer loop
      vertex  0.000000e+000  4.427495e+000  4.573516e+001
      vertex  0.000000e+000  1.361654e+001  5.409101e+001
      vertex  0.000000e+000  1.449776e+001  4.574708e+001
    endloop
  endfacet
  facet normal -1.000000e+000  0.000000e+000  0.000000e+000
    outer loop
      vertex  0.000000e+000  4.427495e+000  4.573516e+001
      vertex  0.000000e+000  1.449776e+001  4.574708e+001
      vertex  0.000000e+000  1.089261e+001  4.519876e+001
    endloop
  endfacet
  facet normal -1.000000e+000  -0.000000e+000  0.000000e+000
    outer loop
      vertex  0.000000e+000  4.427495e+000  4.573516e+001
      vertex  0.000000e+000  1.089261e+001  4.519876e+001
      vertex  0.000000e+000  5.663352e+000  4.456842e+001
    endloop
  endfacet
  facet normal -1.000000e+000  -0.000000e+000  0.000000e+000
    outer loop
      vertex  0.000000e+000  0.000000e+000  1.470888e+001
      vertex  0.000000e+000  2.741875e+000  5.952649e+000
      vertex  0.000000e+000  1.250341e+000  5.137820e+000
    endloop
  endfacet
  facet normal -1.000000e+000  -0.000000e+000  0.000000e+000
    outer loop
      vertex  0.000000e+000  0.000000e+000  1.470888e+001
      vertex  0.000000e+000  1.250341e+000  5.137820e+000
      vertex  0.000000e+000  5.226092e-001  3.601908e+000
    endloop
  endfacet
  facet normal -1.000000e+000  -0.000000e+000  0.000000e+000
    outer loop
      vertex  0.000000e+000  0.000000e+000  1.470888e+001
      vertex  0.000000e+000  5.226092e-001  3.601908e+000
      vertex  0.000000e+000  0.000000e+000  0.000000e+000
    endloop
  endfacet
  facet normal -1.000000e+000  0.000000e+000  0.000000e+000
    outer loop
      vertex  0.000000e+000  2.850000e+001  1.470888e+001
      vertex  0.000000e+000  2.850000e+001  0.000000e+000
      vertex  0.000000e+000  2.797739e+001  2.898092e+000
    endloop
  endfacet
  facet normal -1.000000e+000  2.146344e-016 -9.497248e-018
    outer loop
      vertex  0.000000e+000  2.850000e+001  1.470888e+001
      vertex  0.000000e+000  2.797739e+001  2.898092e+000
      vertex -8.326673e-017  2.766335e+001  4.568420e+000
    endloop
  endfacet
  facet normal -1.000000e+000 -5.531498e-017  1.277514e-017
    outer loop
      vertex  0.000000e+000  2.850000e+001  1.470888e+001
      vertex -8.326673e-017  2.766335e+001  4.568420e+000
      vertex  0.000000e+000  2.642749e+001  5.735157e+000
    endloop
  endfacet
  facet normal -1.000000e+000  0.000000e+000  0.000000e+000
    outer loop
      vertex  0.000000e+000  2.850000e+001  1.470888e+001
      vertex  0.000000e+000  2.642749e+001  5.735157e+000
      vertex  0.000000e+000  2.575813e+001  4.054735e+001
    endloop
  endfacet
  facet normal -1.000000e+000  0.000000e+000  0.000000e+000
    outer loop
      vertex  0.000000e+000  2.850000e+001  1.470888e+001
      vertex  0.000000e+000  2.575813e+001  4.054735e+001
      vertex  0.000000e+000  3.018716e+001  2.480309e+001
    endloop
  endfacet
  facet normal -1.000000e+000  0.000000e+000  -0.000000e+000
    outer loop
      vertex  0.000000e+000  2.850000e+001  1.470888e+001
      vertex  0.000000e+000  3.018716e+001  2.480309e+001
      vertex  0.000000e+000  3.080844e+001  2.319699e+001
    endloop
  endfacet
  facet normal -1.000000e+000  0.000000e+000  -0.000000e+000
    outer loop
      vertex  0.000000e+000  2.850000e+001  1.470888e+001
      vertex  0.000000e+000  3.080844e+001  2.319699e+001
      vertex  0.000000e+000  3.238344e+001  2.250063e+001
    endloop
  endfacet
  facet normal -1.000000e+000  0.000000e+000  -0.000000e+000
    outer loop
      vertex  0.000000e+000  2.850000e+001  1.470888e+001
      vertex  0.000000e+000  3.238344e+001  2.250063e+001
      vertex  0.000000e+000  3.299200e+001  1.870499e+001
    endloop
  endfacet
  facet normal -1.000000e+000 -2.103765e-018  4.945497e-017
    outer loop
      vertex -8.326673e-017  2.283665e+001  1.931580e+000
      vertex  0.000000e+000  5.977391e+000  2.898092e+000
      vertex  0.000000e+000  2.252261e+001  3.601908e+000
    endloop
  endfacet
  facet normal -1.000000e+000  -0.000000e+000  0.000000e+000
    outer loop
      vertex  0.000000e+000  2.252261e+001  3.601908e+000
      vertex  0.000000e+000  5.977391e+000  2.898092e+000
      vertex  0.000000e+000  1.760739e+001  2.530124e+001
    endloop
  endfacet
  facet normal -1.000000e+000  0.000000e+000  0.000000e+000
    outer loop
      vertex  0.000000e+000  2.252261e+001  3.601908e+000
      vertex  0.000000e+000  1.760739e+001  2.530124e+001
      vertex  0.000000e+000  2.325034e+001  5.137820e+000
    endloop
  endfacet
  facet normal -1.000000e+000  0.000000e+000  0.000000e+000
    outer loop
      vertex  0.000000e+000  2.283665e+001  4.193158e+001
      vertex  0.000000e+000  2.118719e+001  4.313197e+001
      vertex  0.000000e+000  2.252261e+001  4.360191e+001
    endloop
  endfacet
  facet normal -1.000000e+000  -0.000000e+000  0.000000e+000
    outer loop
      vertex  0.000000e+000  2.252261e+001  4.360191e+001
      vertex  0.000000e+000  2.118719e+001  4.313197e+001
      vertex  0.000000e+000  1.807303e+001  4.502929e+001
    endloop
  endfacet
  facet normal -1.000000e+000  0.000000e+000  0.000000e+000
    outer loop
      vertex  0.000000e+000  2.252261e+001  4.360191e+001
      vertex  0.000000e+000  1.807303e+001  4.502929e+001
      vertex  0.000000e+000  2.325034e+001  4.513782e+001
    endloop
  endfacet
  facet normal -1.000000e+000  -0.000000e+000  0.000000e+000
    outer loop
      vertex  0.000000e+000  2.325034e+001  4.513782e+001
      vertex  0.000000e+000  1.807303e+001  4.502929e+001
      vertex  0.000000e+000  1.449776e+001  4.574708e+001
    endloop
  endfacet
  facet normal -1.000000e+000  0.000000e+000  0.000000e+000
    outer loop
      vertex  0.000000e+000  2.325034e+001  4.513782e+001
      vertex  0.000000e+000  1.449776e+001  4.574708e+001
      vertex  0.000000e+000  2.474187e+001  4.595265e+001
    endloop
  endfacet
  facet normal -9.999999e-001  -0.000000e+000  0.000000e+000
    outer loop
      vertex  0.000000e+000  2.474187e+001  4.595265e+001
      vertex  0.000000e+000  1.449776e+001  4.574708e+001
      vertex  0.000000e+000  1.361654e+001  5.409101e+001
    endloop
  endfacet
  facet normal -9.999999e-001  0.000000e+000  0.000000e+000
    outer loop
      vertex  0.000000e+000  2.474187e+001  4.595265e+001
      vertex  0.000000e+000  1.361654e+001  5.409101e+001
      vertex  0.000000e+000  1.532871e+001  5.427544e+001
    endloop
  endfacet
  facet normal -1.000000e+000  0.000000e+000  0.000000e+000
    outer loop
      vertex  0.000000e+000  1.209101e+001  5.688346e+001
      vertex  0.000000e+000  5.384878e+000  5.862540e+001
      vertex  0.000000e+000  1.317129e+001  5.822456e+001
    endloop
  endfacet
  facet normal -1.000000e+000  0.000000e+000  0.000000e+000
    outer loop
      vertex  0.000000e+000  1.317129e+001  5.822456e+001
      vertex  0.000000e+000  5.384878e+000  5.862540e+001
      vertex  0.000000e+000  1.123658e+001  6.006772e+001
    endloop
  endfacet
  facet normal -1.000000e+000  0.000000e+000  0.000000e+000
    outer loop
      vertex  0.000000e+000  1.317129e+001  5.822456e+001
      vertex  0.000000e+000  1.123658e+001  6.006772e+001
      vertex  0.000000e+000  1.488346e+001  5.840899e+001
    endloop
  endfacet
  facet normal -1.000000e+000  0.000000e+000  0.000000e+000
    outer loop
      vertex  0.000000e+000  1.488346e+001  5.840899e+001
      vertex  0.000000e+000  1.123658e+001  6.006772e+001
      vertex  0.000000e+000  1.726342e+001  6.006772e+001
    endloop
  endfacet
  facet normal -1.000000e+000  0.000000e+000  -0.000000e+000
    outer loop
      vertex  0.000000e+000  1.488346e+001  5.840899e+001
      vertex  0.000000e+000  1.726342e+001  6.006772e+001
      vertex  0.000000e+000  2.311512e+001  5.862540e+001
    endloop
  endfacet
  facet normal -1.000000e+000  0.000000e+000  0.000000e+000
    outer loop
      vertex  0.000000e+000  2.283665e+001  4.193158e+001
      vertex  0.000000e+000  2.407251e+001  4.076484e+001
      vertex  0.000000e+000  2.118719e+001  4.313197e+001
    endloop
  endfacet
  facet normal -9.999999e-001  6.973578e-017  8.500185e-017
    outer loop
      vertex  0.000000e+000  2.118719e+001  4.313197e+001
      vertex  0.000000e+000  2.407251e+001  4.076484e+001
      vertex -8.326673e-017  2.346462e+001  4.028397e+001
    endloop
  endfacet
  facet normal -1.000000e+000  1.920892e-017  1.488747e-016
    outer loop
      vertex  0.000000e+000  2.407251e+001  4.076484e+001
      vertex  0.000000e+000  2.575813e+001  4.054735e+001
      vertex -8.326673e-017  2.346462e+001  4.028397e+001
    endloop
  endfacet
  facet normal -1.000000e+000  3.761515e-017 -1.140524e-017
    outer loop
      vertex -8.326673e-017  2.346462e+001  4.028397e+001
      vertex  0.000000e+000  2.575813e+001  4.054735e+001
      vertex  0.000000e+000  2.463063e+001  3.682880e+001
    endloop
  endfacet
  facet normal -1.000000e+000  0.000000e+000  0.000000e+000
    outer loop
      vertex  0.000000e+000  2.766335e+001  4.456842e+001
      vertex  0.000000e+000  2.642749e+001  4.573516e+001
      vertex  0.000000e+000  2.845162e+001  5.582460e+001
    endloop
  endfacet
  facet normal -1.000000e+000  0.000000e+000  0.000000e+000
    outer loop
      vertex  0.000000e+000  2.845162e+001  5.582460e+001
      vertex  0.000000e+000  2.642749e+001  4.573516e+001
      vertex  0.000000e+000  2.474187e+001  4.595265e+001
    endloop
  endfacet
  facet normal -1.000000e+000  0.000000e+000  0.000000e+000
    outer loop
      vertex  0.000000e+000  2.845162e+001  5.582460e+001
      vertex  0.000000e+000  2.474187e+001  4.595265e+001
      vertex  0.000000e+000  2.311512e+001  5.862540e+001
    endloop
  endfacet
  facet normal -1.000000e+000  0.000000e+000  0.000000e+000
    outer loop
      vertex  0.000000e+000 -4.467431e+000  2.693647e+001
      vertex  0.000000e+000 -5.858002e+000  2.592067e+001
      vertex  0.000000e+000 -1.002706e+001  2.928139e+001
    endloop
  endfacet
  facet normal -1.000000e+000  0.000000e+000  0.000000e+000
    outer loop
      vertex  0.000000e+000 -1.002706e+001  2.928139e+001
      vertex  0.000000e+000 -5.858002e+000  2.592067e+001
      vertex  0.000000e+000 -6.123003e+000  2.421910e+001
    endloop
  endfacet
  facet normal -1.000000e+000  -0.000000e+000  0.000000e+000
    outer loop
      vertex  0.000000e+000 -1.002706e+001  2.928139e+001
      vertex  0.000000e+000 -6.123003e+000  2.421910e+001
      vertex  0.000000e+000 -7.900056e+000  2.365798e+001
    endloop
  endfacet
  facet normal -1.000000e+000  0.000000e+000  0.000000e+000
    outer loop
      vertex  0.000000e+000 -7.900056e+000  2.365798e+001
      vertex  0.000000e+000 -6.123003e+000  2.421910e+001
      vertex  0.000000e+000 -5.107200e+000  2.282853e+001
    endloop
  endfacet
  facet normal -1.000000e+000  -0.000000e+000  -0.000000e+000
    outer loop
      vertex  0.000000e+000 -7.900056e+000  2.365798e+001
      vertex  0.000000e+000 -5.107200e+000  2.282853e+001
      vertex  0.000000e+000 -4.492001e+000  1.870499e+001
    endloop
  endfacet
  facet normal -1.000000e+000  0.000000e+000  0.000000e+000
    outer loop
      vertex  0.000000e+000 -4.492001e+000  1.870499e+001
      vertex  0.000000e+000 -5.107200e+000  2.282853e+001
      vertex  0.000000e+000 -3.405636e+000  2.256353e+001
    endloop
  endfacet
  facet normal -1.000000e+000  0.000000e+000  -0.000000e+000
    outer loop
      vertex  0.000000e+000 -4.492001e+000  1.870499e+001
      vertex  0.000000e+000 -3.405636e+000  2.256353e+001
      vertex  0.000000e+000  0.000000e+000  1.470888e+001
    endloop
  endfacet
  facet normal -1.000000e+000  0.000000e+000  0.000000e+000
    outer loop
      vertex  0.000000e+000 -2.765867e+000  2.667147e+001
      vertex  0.000000e+000 -4.467431e+000  2.693647e+001
      vertex  0.000000e+000 -4.462769e+000  5.182807e+001
    endloop
  endfacet
  facet normal -1.000000e+000  0.000000e+000  0.000000e+000
    outer loop
      vertex  0.000000e+000 -4.462769e+000  5.182807e+001
      vertex  0.000000e+000 -4.467431e+000  2.693647e+001
      vertex  0.000000e+000 -1.002706e+001  2.928139e+001
    endloop
  endfacet
  facet normal -1.000000e+000  0.000000e+000  0.000000e+000
    outer loop
      vertex  0.000000e+000 -4.462769e+000  5.182807e+001
      vertex  0.000000e+000 -1.002706e+001  2.928139e+001
      vertex  0.000000e+000 -7.886401e+000  4.686808e+001
    endloop
  endfacet
  facet normal -1.000000e+000  0.000000e+000  0.000000e+000
    outer loop
      vertex  0.000000e+000  1.250341e+000  4.513782e+001
      vertex  0.000000e+000  5.226092e-001  4.360191e+001
      vertex  0.000000e+000  4.838133e-002  5.582460e+001
    endloop
  endfacet
  facet normal -9.999999e-001  0.000000e+000  -0.000000e+000
    outer loop
      vertex  0.000000e+000  4.838133e-002  5.582460e+001
      vertex  0.000000e+000  5.226092e-001  4.360191e+001
      vertex  0.000000e+000 -2.765867e+000  2.667147e+001
    endloop
  endfacet
  facet normal -1.000000e+000  0.000000e+000  0.000000e+000
    outer loop
      vertex  0.000000e+000  4.838133e-002  5.582460e+001
      vertex  0.000000e+000 -2.765867e+000  2.667147e+001
      vertex  0.000000e+000 -4.462769e+000  5.182807e+001
    endloop
  endfacet
  facet normal -1.000000e+000  0.000000e+000  0.000000e+000
    outer loop
      vertex  0.000000e+000  3.869374e+000  3.367120e+001
      vertex  0.000000e+000  2.741875e+000  5.952649e+000
      vertex  0.000000e+000  3.758125e+000  4.054735e+001
    endloop
  endfacet
  facet normal -1.000000e+000  0.000000e+000  0.000000e+000
    outer loop
      vertex  0.000000e+000  3.758125e+000  4.054735e+001
      vertex  0.000000e+000  2.741875e+000  5.952649e+000
      vertex  0.000000e+000  0.000000e+000  1.470888e+001
    endloop
  endfacet
  facet normal -9.999999e-001  0.000000e+000  0.000000e+000
    outer loop
      vertex  0.000000e+000  3.758125e+000  4.054735e+001
      vertex  0.000000e+000  0.000000e+000  1.470888e+001
      vertex  0.000000e+000  2.072505e+000  4.076484e+001
    endloop
  endfacet
  facet normal -1.000000e+000  0.000000e+000  0.000000e+000
    outer loop
      vertex  0.000000e+000  2.072505e+000  4.076484e+001
      vertex  0.000000e+000  0.000000e+000  1.470888e+001
      vertex  0.000000e+000 -2.015065e+000  2.357933e+001
    endloop
  endfacet
  facet normal -1.000000e+000  0.000000e+000  0.000000e+000
    outer loop
      vertex  0.000000e+000  2.072505e+000  4.076484e+001
      vertex  0.000000e+000 -2.015065e+000  2.357933e+001
      vertex  0.000000e+000 -1.750064e+000  2.528090e+001
    endloop
  endfacet
  facet normal -1.000000e+000  3.133528e-017 -4.179388e-018
    outer loop
      vertex  0.000000e+000  7.312811e+000  2.736803e+001
      vertex  0.000000e+000  4.427495e+000  5.735157e+000
      vertex -8.326673e-017  5.035383e+000  3.021603e+001
    endloop
  endfacet
  facet normal -1.000000e+000 -4.374588e-019 -3.390434e-018
    outer loop
      vertex -8.326673e-017  5.035383e+000  3.021603e+001
      vertex  0.000000e+000  4.427495e+000  5.735157e+000
      vertex  0.000000e+000  2.741875e+000  5.952649e+000
    endloop
  endfacet
  facet normal -1.000000e+000 -6.373003e-017  2.592327e-018
    outer loop
      vertex -8.326673e-017  5.035383e+000  3.021603e+001
      vertex  0.000000e+000  2.741875e+000  5.952649e+000
      vertex  0.000000e+000  3.869374e+000  3.367120e+001
    endloop
  endfacet
  facet normal -9.999999e-001  0.000000e+000  -0.000000e+000
    outer loop
      vertex  0.000000e+000  3.758125e+000  4.054735e+001
      vertex  0.000000e+000  5.249659e+000  4.136218e+001
      vertex  0.000000e+000  5.283147e+000  4.071311e+001
    endloop
  endfacet
  facet normal -1.000000e+000  0.000000e+000  0.000000e+000
    outer loop
      vertex  0.000000e+000  5.283147e+000  4.071311e+001
      vertex  0.000000e+000  5.249659e+000  4.136218e+001
      vertex  0.000000e+000  5.977391e+000  4.289809e+001
    endloop
  endfacet
  facet normal -1.000000e+000  0.000000e+000  -0.000000e+000
    outer loop
      vertex  0.000000e+000  5.283147e+000  4.071311e+001
      vertex  0.000000e+000  5.977391e+000  4.289809e+001
      vertex  0.000000e+000  7.692408e+000  4.345049e+001
    endloop
  endfacet
  facet normal -1.000000e+000  -0.000000e+000  0.000000e+000
    outer loop
      vertex  0.000000e+000  7.692408e+000  4.345049e+001
      vertex  0.000000e+000  5.977391e+000  4.289809e+001
      vertex  0.000000e+000  5.663352e+000  4.456842e+001
    endloop
  endfacet
  facet normal -9.999999e-001  0.000000e+000  0.000000e+000
    outer loop
      vertex  0.000000e+000  7.692408e+000  4.345049e+001
      vertex  0.000000e+000  5.663352e+000  4.456842e+001
      vertex  0.000000e+000  1.089261e+001  4.519876e+001
    endloop
  endfacet
  facet normal -9.999999e-001  0.000000e+000  -0.000000e+000
    outer loop
      vertex  0.000000e+000  3.398954e+001  2.312191e+001
      vertex  0.000000e+000  3.468591e+001  2.469691e+001
      vertex  0.000000e+000  3.640005e+001  2.365798e+001
    endloop
  endfacet
  facet normal -1.000000e+000  0.000000e+000  0.000000e+000
    outer loop
      vertex  0.000000e+000  3.640005e+001  2.365798e+001
      vertex  0.000000e+000  3.468591e+001  2.469691e+001
      vertex  0.000000e+000  3.406462e+001  2.630301e+001
    endloop
  endfacet
  facet normal -1.000000e+000  0.000000e+000  0.000000e+000
    outer loop
      vertex  0.000000e+000  3.640005e+001  2.365798e+001
      vertex  0.000000e+000  3.406462e+001  2.630301e+001
      vertex  0.000000e+000  3.852706e+001  2.928139e+001
    endloop
  endfacet
  facet normal  -0.000000e+000 -9.326523e-001 -3.607765e-001
    outer loop
      vertex  0.000000e+000  3.468591e+001  2.469691e+001
      vertex  5.000000e+000  3.406462e+001  2.630301e+001
      vertex  0.000000e+000  3.406462e+001  2.630301e+001
    endloop
  endfacet
  facet normal  0.000000e+000 -4.043778e-001 -9.145921e-001
    outer loop
      vertex  0.000000e+000  3.406462e+001  2.630301e+001
      vertex  5.000000e+000  3.406462e+001  2.630301e+001
      vertex  5.000000e+000  3.248962e+001  2.699937e+001
    endloop
  endfacet
  facet normal  -0.000000e+000 -4.043778e-001 -9.145921e-001
    outer loop
      vertex  0.000000e+000  3.406462e+001  2.630301e+001
      vertex  5.000000e+000  3.248962e+001  2.699937e+001
      vertex  0.000000e+000  3.248962e+001  2.699937e+001
    endloop
  endfacet
  facet normal  0.000000e+000 -9.326523e-001 -3.607765e-001
    outer loop
      vertex  5.000000e+000  3.406462e+001  2.630301e+001
      vertex  0.000000e+000  3.468591e+001  2.469691e+001
      vertex  5.000000e+000  3.468591e+001  2.469691e+001
    endloop
  endfacet
  facet normal  0.000000e+000 -9.145929e-001  4.043759e-001
    outer loop
      vertex  5.000000e+000  3.468591e+001  2.469691e+001
      vertex  0.000000e+000  3.468591e+001  2.469691e+001
      vertex  0.000000e+000  3.398954e+001  2.312191e+001
    endloop
  endfacet
  facet normal  0.000000e+000 -9.145929e-001  4.043759e-001
    outer loop
      vertex  5.000000e+000  3.468591e+001  2.469691e+001
      vertex  0.000000e+000  3.398954e+001  2.312191e+001
      vertex  5.000000e+000  3.398954e+001  2.312191e+001
    endloop
  endfacet
  facet normal  0.000000e+000 -3.607765e-001  9.326523e-001
    outer loop
      vertex  5.000000e+000  3.398954e+001  2.312191e+001
      vertex  0.000000e+000  3.398954e+001  2.312191e+001
      vertex  0.000000e+000  3.238344e+001  2.250063e+001
    endloop
  endfacet
  facet normal  0.000000e+000 -3.607765e-001  9.326523e-001
    outer loop
      vertex  5.000000e+000  3.398954e+001  2.312191e+001
      vertex  0.000000e+000  3.238344e+001  2.250063e+001
      vertex  5.000000e+000  3.238344e+001  2.250063e+001
    endloop
  endfacet
  facet normal  0.000000e+000  9.326523e-001  3.607765e-001
    outer loop
      vertex  0.000000e+000  3.018716e+001  2.480309e+001
      vertex  5.000000e+000  3.080844e+001  2.319699e+001
      vertex  0.000000e+000  3.080844e+001  2.319699e+001
    endloop
  endfacet
  facet normal  -0.000000e+000  4.043778e-001  9.145921e-001
    outer loop
      vertex  0.000000e+000  3.080844e+001  2.319699e+001
      vertex  5.000000e+000  3.080844e+001  2.319699e+001
      vertex  5.000000e+000  3.238344e+001  2.250063e+001
    endloop
  endfacet
  facet normal  0.000000e+000  4.043778e-001  9.145921e-001
    outer loop
      vertex  0.000000e+000  3.080844e+001  2.319699e+001
      vertex  5.000000e+000  3.238344e+001  2.250063e+001
      vertex  0.000000e+000  3.238344e+001  2.250063e+001
    endloop
  endfacet
  facet normal  -0.000000e+000  9.326523e-001  3.607765e-001
    outer loop
      vertex  5.000000e+000  3.080844e+001  2.319699e+001
      vertex  0.000000e+000  3.018716e+001  2.480309e+001
      vertex  5.000000e+000  3.018716e+001  2.480309e+001
    endloop
  endfacet
  facet normal  0.000000e+000  9.145925e-001 -4.043768e-001
    outer loop
      vertex  5.000000e+000  3.018716e+001  2.480309e+001
      vertex  0.000000e+000  3.018716e+001  2.480309e+001
      vertex  0.000000e+000  3.088353e+001  2.637809e+001
    endloop
  endfacet
  facet normal  0.000000e+000  9.145925e-001 -4.043768e-001
    outer loop
      vertex  5.000000e+000  3.018716e+001  2.480309e+001
      vertex  0.000000e+000  3.088353e+001  2.637809e+001
      vertex  5.000000e+000  3.088353e+001  2.637809e+001
    endloop
  endfacet
  facet normal  0.000000e+000  3.607768e-001 -9.326522e-001
    outer loop
      vertex  5.000000e+000  3.088353e+001  2.637809e+001
      vertex  0.000000e+000  3.088353e+001  2.637809e+001
      vertex  0.000000e+000  3.248962e+001  2.699937e+001
    endloop
  endfacet
  facet normal  0.000000e+000  3.607768e-001 -9.326522e-001
    outer loop
      vertex  5.000000e+000  3.088353e+001  2.637809e+001
      vertex  0.000000e+000  3.248962e+001  2.699937e+001
      vertex  5.000000e+000  3.248962e+001  2.699937e+001
    endloop
  endfacet
  facet normal  0.000000e+000  1.538848e-001  9.880888e-001
    outer loop
      vertex  0.000000e+000 -5.107200e+000  2.282853e+001
      vertex  5.000000e+000 -3.405636e+000  2.256353e+001
      vertex  0.000000e+000 -3.405636e+000  2.256353e+001
    endloop
  endfacet
  facet normal  0.000000e+000 -5.898718e-001  8.074968e-001
    outer loop
      vertex  0.000000e+000 -3.405636e+000  2.256353e+001
      vertex  5.000000e+000 -3.405636e+000  2.256353e+001
      vertex  5.000000e+000 -2.015065e+000  2.357933e+001
    endloop
  endfacet
  facet normal  0.000000e+000 -5.898718e-001  8.074968e-001
    outer loop
      vertex  0.000000e+000 -3.405636e+000  2.256353e+001
      vertex  5.000000e+000 -2.015065e+000  2.357933e+001
      vertex  0.000000e+000 -2.015065e+000  2.357933e+001
    endloop
  endfacet
  facet normal  -0.000000e+000  1.538848e-001  9.880888e-001
    outer loop
      vertex  5.000000e+000 -3.405636e+000  2.256353e+001
      vertex  0.000000e+000 -5.107200e+000  2.282853e+001
      vertex  5.000000e+000 -5.107200e+000  2.282853e+001
    endloop
  endfacet
  facet normal  0.000000e+000  8.074973e-001  5.898712e-001
    outer loop
      vertex  5.000000e+000 -5.107200e+000  2.282853e+001
      vertex  0.000000e+000 -5.107200e+000  2.282853e+001
      vertex  0.000000e+000 -6.123003e+000  2.421910e+001
    endloop
  endfacet
  facet normal  -0.000000e+000  8.074973e-001  5.898712e-001
    outer loop
      vertex  5.000000e+000 -5.107200e+000  2.282853e+001
      vertex  0.000000e+000 -6.123003e+000  2.421910e+001
      vertex  5.000000e+000 -6.123003e+000  2.421910e+001
    endloop
  endfacet
  facet normal  0.000000e+000  9.880888e-001 -1.538846e-001
    outer loop
      vertex  5.000000e+000 -6.123003e+000  2.421910e+001
      vertex  0.000000e+000 -6.123003e+000  2.421910e+001
      vertex  0.000000e+000 -5.858002e+000  2.592067e+001
    endloop
  endfacet
  facet normal  0.000000e+000  9.880888e-001 -1.538846e-001
    outer loop
      vertex  5.000000e+000 -6.123003e+000  2.421910e+001
      vertex  0.000000e+000 -5.858002e+000  2.592067e+001
      vertex  5.000000e+000 -5.858002e+000  2.592067e+001
    endloop
  endfacet
  facet normal  -0.000000e+000 -1.538848e-001 -9.880888e-001
    outer loop
      vertex  0.000000e+000 -2.765867e+000  2.667147e+001
      vertex  5.000000e+000 -4.467431e+000  2.693647e+001
      vertex  0.000000e+000 -4.467431e+000  2.693647e+001
    endloop
  endfacet
  facet normal  0.000000e+000  5.898720e-001 -8.074968e-001
    outer loop
      vertex  0.000000e+000 -4.467431e+000  2.693647e+001
      vertex  5.000000e+000 -4.467431e+000  2.693647e+001
      vertex  5.000000e+000 -5.858002e+000  2.592067e+001
    endloop
  endfacet
  facet normal  0.000000e+000  5.898720e-001 -8.074968e-001
    outer loop
      vertex  0.000000e+000 -4.467431e+000  2.693647e+001
      vertex  5.000000e+000 -5.858002e+000  2.592067e+001
      vertex  0.000000e+000 -5.858002e+000  2.592067e+001
    endloop
  endfacet
  facet normal  0.000000e+000 -1.538848e-001 -9.880888e-001
    outer loop
      vertex  5.000000e+000 -4.467431e+000  2.693647e+001
      vertex  0.000000e+000 -2.765867e+000  2.667147e+001
      vertex  5.000000e+000 -2.765867e+000  2.667147e+001
    endloop
  endfacet
  facet normal  -0.000000e+000 -8.074972e-001 -5.898713e-001
    outer loop
      vertex  5.000000e+000 -2.765867e+000  2.667147e+001
      vertex  0.000000e+000 -2.765867e+000  2.667147e+001
      vertex  0.000000e+000 -1.750064e+000  2.528090e+001
    endloop
  endfacet
  facet normal  0.000000e+000 -8.074972e-001 -5.898713e-001
    outer loop
      vertex  5.000000e+000 -2.765867e+000  2.667147e+001
      vertex  0.000000e+000 -1.750064e+000  2.528090e+001
      vertex  5.000000e+000 -1.750064e+000  2.528090e+001
    endloop
  endfacet
  facet normal  0.000000e+000 -9.880889e-001  1.538846e-001
    outer loop
      vertex  5.000000e+000 -1.750064e+000  2.528090e+001
      vertex  0.000000e+000 -1.750064e+000  2.528090e+001
      vertex  0.000000e+000 -2.015065e+000  2.357933e+001
    endloop
  endfacet
  facet normal  0.000000e+000 -9.880889e-001  1.538846e-001
    outer loop
      vertex  5.000000e+000 -1.750064e+000  2.528090e+001
      vertex  0.000000e+000 -2.015065e+000  2.357933e+001
      vertex  5.000000e+000 -2.015065e+000  2.357933e+001
    endloop
  endfacet
  facet normal  0.000000e+000  7.787673e-001 -6.273129e-001
    outer loop
      vertex  0.000000e+000  1.317129e+001  5.822456e+001
      vertex  5.000000e+000  1.209101e+001  5.688346e+001
      vertex  0.000000e+000  1.209101e+001  5.688346e+001
    endloop
  endfacet
  facet normal  -0.000000e+000  9.942487e-001  1.070952e-001
    outer loop
      vertex  0.000000e+000  1.209101e+001  5.688346e+001
      vertex  5.000000e+000  1.209101e+001  5.688346e+001
      vertex  5.000000e+000  1.227544e+001  5.517129e+001
    endloop
  endfacet
  facet normal  0.000000e+000  9.942487e-001  1.070952e-001
    outer loop
      vertex  0.000000e+000  1.209101e+001  5.688346e+001
      vertex  5.000000e+000  1.227544e+001  5.517129e+001
      vertex -8.326673e-017  1.227544e+001  5.517129e+001
    endloop
  endfacet
  facet normal  0.000000e+000  7.787673e-001 -6.273129e-001
    outer loop
      vertex  5.000000e+000  1.209101e+001  5.688346e+001
      vertex  0.000000e+000  1.317129e+001  5.822456e+001
      vertex  5.000000e+000  1.317129e+001  5.822456e+001
    endloop
  endfacet
  facet normal  0.000000e+000  1.070948e-001 -9.942489e-001
    outer loop
      vertex  5.000000e+000  1.317129e+001  5.822456e+001
      vertex  0.000000e+000  1.317129e+001  5.822456e+001
      vertex  0.000000e+000  1.488346e+001  5.840899e+001
    endloop
  endfacet
  facet normal  0.000000e+000  1.070948e-001 -9.942489e-001
    outer loop
      vertex  5.000000e+000  1.317129e+001  5.822456e+001
      vertex  0.000000e+000  1.488346e+001  5.840899e+001
      vertex  5.000000e+000  1.488346e+001  5.840899e+001
    endloop
  endfacet
  facet normal  -0.000000e+000 -6.273111e-001 -7.787688e-001
    outer loop
      vertex  5.000000e+000  1.488346e+001  5.840899e+001
      vertex  0.000000e+000  1.488346e+001  5.840899e+001
      vertex -8.326673e-017  1.622456e+001  5.732871e+001
    endloop
  endfacet
  facet normal  0.000000e+000 -6.273111e-001 -7.787688e-001
    outer loop
      vertex  5.000000e+000  1.488346e+001  5.840899e+001
      vertex -8.326673e-017  1.622456e+001  5.732871e+001
      vertex  5.000000e+000  1.622456e+001  5.732871e+001
    endloop
  endfacet
  facet normal  0.000000e+000 -7.787673e-001  6.273129e-001
    outer loop
      vertex  0.000000e+000  1.532871e+001  5.427544e+001
      vertex  5.000000e+000  1.640899e+001  5.561654e+001
      vertex  0.000000e+000  1.640899e+001  5.561654e+001
    endloop
  endfacet
  facet normal  0.000000e+000 -9.942487e-001 -1.070947e-001
    outer loop
      vertex  0.000000e+000  1.640899e+001  5.561654e+001
      vertex  5.000000e+000  1.640899e+001  5.561654e+001
      vertex  5.000000e+000  1.622456e+001  5.732871e+001
    endloop
  endfacet
  facet normal  -0.000000e+000 -9.942487e-001 -1.070947e-001
    outer loop
      vertex  0.000000e+000  1.640899e+001  5.561654e+001
      vertex  5.000000e+000  1.622456e+001  5.732871e+001
      vertex -8.326673e-017  1.622456e+001  5.732871e+001
    endloop
  endfacet
  facet normal  0.000000e+000 -7.787673e-001  6.273129e-001
    outer loop
      vertex  5.000000e+000  1.640899e+001  5.561654e+001
      vertex  0.000000e+000  1.532871e+001  5.427544e+001
      vertex  5.000000e+000  1.532871e+001  5.427544e+001
    endloop
  endfacet
  facet normal  0.000000e+000 -1.070948e-001  9.942489e-001
    outer loop
      vertex  5.000000e+000  1.532871e+001  5.427544e+001
      vertex  0.000000e+000  1.532871e+001  5.427544e+001
      vertex  0.000000e+000  1.361654e+001  5.409101e+001
    endloop
  endfacet
  facet normal  0.000000e+000 -1.070948e-001  9.942489e-001
    outer loop
      vertex  5.000000e+000  1.532871e+001  5.427544e+001
      vertex  0.000000e+000  1.361654e+001  5.409101e+001
      vertex  5.000000e+000  1.361654e+001  5.409101e+001
    endloop
  endfacet
  facet normal  0.000000e+000  6.273114e-001  7.787685e-001
    outer loop
      vertex  5.000000e+000  1.361654e+001  5.409101e+001
      vertex  0.000000e+000  1.361654e+001  5.409101e+001
      vertex -8.326673e-017  1.227544e+001  5.517129e+001
    endloop
  endfacet
  facet normal  -0.000000e+000  6.273114e-001  7.787685e-001
    outer loop
      vertex  5.000000e+000  1.361654e+001  5.409101e+001
      vertex -8.326673e-017  1.227544e+001  5.517129e+001
      vertex  5.000000e+000  1.227544e+001  5.517129e+001
    endloop
  endfacet
  facet normal  1.000000e+000  0.000000e+000  0.000000e+000
    outer loop
      vertex  7.800000e+000  0.000000e+000  4.000000e+001
      vertex  7.800000e+000  3.250000e+000  4.000000e+001
      vertex  7.800000e+000  2.827691e+000  4.181068e+001
    endloop
  endfacet
  facet normal  1.000000e+000  0.000000e+000  0.000000e+000
    outer loop
      vertex  7.800000e+000  0.000000e+000  4.000000e+001
      vertex  7.800000e+000  2.827691e+000  4.181068e+001
      vertex  7.800000e+000  1.933626e+000  4.253086e+001
    endloop
  endfacet
  facet normal  1.000000e+000  0.000000e+000  0.000000e+000
    outer loop
      vertex  7.800000e+000  0.000000e+000  4.000000e+001
      vertex  7.800000e+000  1.933626e+000  4.253086e+001
      vertex  7.800000e+000  1.810676e+000  4.367231e+001
    endloop
  endfacet
  facet normal  9.999999e-001  0.000000e+000  0.000000e+000
    outer loop
      vertex  7.800000e+000  0.000000e+000  4.000000e+001
      vertex  7.800000e+000  1.810676e+000  4.367231e+001
      vertex  7.800000e+000  0.000000e+000  4.650000e+001
    endloop
  endfacet
  facet normal  9.999999e-001  0.000000e+000  -0.000000e+000
    outer loop
      vertex  7.800000e+000  0.000000e+000  4.650000e+001
      vertex  7.800000e+000  1.810676e+000  4.367231e+001
      vertex  7.800000e+000  2.530862e+000  4.456638e+001
    endloop
  endfacet
  facet normal  1.000000e+000  0.000000e+000  -0.000000e+000
    outer loop
      vertex  7.800000e+000  0.000000e+000  4.650000e+001
      vertex  7.800000e+000  2.530862e+000  4.456638e+001
      vertex  7.800000e+000  3.672309e+000  4.468932e+001
    endloop
  endfacet
  facet normal  1.000000e+000  0.000000e+000  -0.000000e+000
    outer loop
      vertex  7.800000e+000  0.000000e+000  4.650000e+001
      vertex  7.800000e+000  3.672309e+000  4.468932e+001
      vertex  7.800000e+000  6.500000e+000  4.650000e+001
    endloop
  endfacet
  facet normal  1.000000e+000  0.000000e+000  -0.000000e+000
    outer loop
      vertex  7.800000e+000  2.827691e+000  4.181068e+001
      vertex  7.800000e+000  3.250000e+000  4.000000e+001
      vertex  7.800000e+000  3.969138e+000  4.193362e+001
    endloop
  endfacet
  facet normal  1.000000e+000  0.000000e+000  0.000000e+000
    outer loop
      vertex  7.800000e+000  3.969138e+000  4.193362e+001
      vertex  7.800000e+000  3.250000e+000  4.000000e+001
      vertex  7.800000e+000  5.284795e+000  4.071581e+001
    endloop
  endfacet
  facet normal  1.000000e+000  0.000000e+000  -0.000000e+000
    outer loop
      vertex  7.800000e+000  3.969138e+000  4.193362e+001
      vertex  7.800000e+000  5.284795e+000  4.071581e+001
      vertex  7.800000e+000  6.287840e+000  4.209500e+001
    endloop
  endfacet
  facet normal  9.999999e-001  -0.000000e+000  0.000000e+000
    outer loop
      vertex  7.800000e+000  6.500000e+000  4.650000e+001
      vertex  7.800000e+000  3.672309e+000  4.468932e+001
      vertex  7.800000e+000  6.500000e+000  4.325000e+001
    endloop
  endfacet
  facet normal  1.000000e+000  0.000000e+000  0.000000e+000
    outer loop
      vertex  7.800000e+000  6.500000e+000  4.325000e+001
      vertex  7.800000e+000  3.672309e+000  4.468932e+001
      vertex  7.800000e+000  4.566374e+000  4.396914e+001
    endloop
  endfacet
  facet normal  1.000000e+000  0.000000e+000  0.000000e+000
    outer loop
      vertex  7.800000e+000  6.500000e+000  4.325000e+001
      vertex  7.800000e+000  4.566374e+000  4.396914e+001
      vertex  7.800000e+000  4.689324e+000  4.282769e+001
    endloop
  endfacet
  facet normal  1.000000e+000  0.000000e+000  0.000000e+000
    outer loop
      vertex  7.800000e+000  4.689324e+000  4.282769e+001
      vertex  7.800000e+000  3.969138e+000  4.193362e+001
      vertex  7.800000e+000  6.500000e+000  4.325000e+001
    endloop
  endfacet
  facet normal  1.000000e+000  0.000000e+000  0.000000e+000
    outer loop
      vertex  7.800000e+000  6.500000e+000  4.325000e+001
      vertex  7.800000e+000  3.969138e+000  4.193362e+001
      vertex  7.800000e+000  6.287840e+000  4.209500e+001
    endloop
  endfacet
  facet normal  1.000000e+000  0.000000e+000  -0.000000e+000
    outer loop
      vertex  7.800000e+000  2.200000e+001  4.325000e+001
      vertex  7.800000e+000  2.381067e+001  4.367231e+001
      vertex  7.800000e+000  2.453086e+001  4.456638e+001
    endloop
  endfacet
  facet normal  1.000000e+000  0.000000e+000  0.000000e+000
    outer loop
      vertex  7.800000e+000  2.200000e+001  4.650000e+001
      vertex  7.800000e+000  2.200000e+001  4.325000e+001
      vertex  7.800000e+000  2.453086e+001  4.456638e+001
    endloop
  endfacet
  facet normal  9.999999e-001  0.000000e+000  -0.000000e+000
    outer loop
      vertex  7.800000e+000  2.200000e+001  4.650000e+001
      vertex  7.800000e+000  2.453086e+001  4.456638e+001
      vertex  7.800000e+000  2.567231e+001  4.468932e+001
    endloop
  endfacet
  facet normal  1.000000e+000  0.000000e+000  -0.000000e+000
    outer loop
      vertex  7.800000e+000  2.200000e+001  4.650000e+001
      vertex  7.800000e+000  2.567231e+001  4.468932e+001
      vertex  7.800000e+000  2.850000e+001  4.650000e+001
    endloop
  endfacet
  facet normal  1.000000e+000  0.000000e+000  -0.000000e+000
    outer loop
      vertex  7.800000e+000  2.221216e+001  4.209500e+001
      vertex  7.800000e+000  2.321520e+001  4.071581e+001
      vertex  7.800000e+000  2.482769e+001  4.181068e+001
    endloop
  endfacet
  facet normal  1.000000e+000  0.000000e+000  0.000000e+000
    outer loop
      vertex  7.800000e+000  2.482769e+001  4.181068e+001
      vertex  7.800000e+000  2.321520e+001  4.071581e+001
      vertex  7.800000e+000  2.525000e+001  4.000000e+001
    endloop
  endfacet
  facet normal  1.000000e+000  0.000000e+000  -0.000000e+000
    outer loop
      vertex  7.800000e+000  2.482769e+001  4.181068e+001
      vertex  7.800000e+000  2.525000e+001  4.000000e+001
      vertex  7.800000e+000  2.596914e+001  4.193362e+001
    endloop
  endfacet
  facet normal  1.000000e+000  0.000000e+000  0.000000e+000
    outer loop
      vertex  7.800000e+000  2.596914e+001  4.193362e+001
      vertex  7.800000e+000  2.525000e+001  4.000000e+001
      vertex  7.800000e+000  2.850000e+001  4.000000e+001
    endloop
  endfacet
  facet normal  1.000000e+000  0.000000e+000  0.000000e+000
    outer loop
      vertex  7.800000e+000  2.596914e+001  4.193362e+001
      vertex  7.800000e+000  2.850000e+001  4.000000e+001
      vertex  7.800000e+000  2.668933e+001  4.282769e+001
    endloop
  endfacet
  facet normal  1.000000e+000  -0.000000e+000  0.000000e+000
    outer loop
      vertex  7.800000e+000  2.381067e+001  4.367231e+001
      vertex  7.800000e+000  2.200000e+001  4.325000e+001
      vertex  7.800000e+000  2.393363e+001  4.253086e+001
    endloop
  endfacet
  facet normal  1.000000e+000  0.000000e+000  0.000000e+000
    outer loop
      vertex  7.800000e+000  2.393363e+001  4.253086e+001
      vertex  7.800000e+000  2.200000e+001  4.325000e+001
      vertex  7.800000e+000  2.221216e+001  4.209500e+001
    endloop
  endfacet
  facet normal  9.999999e-001  -0.000000e+000  0.000000e+000
    outer loop
      vertex  7.800000e+000  2.393363e+001  4.253086e+001
      vertex  7.800000e+000  2.221216e+001  4.209500e+001
      vertex  7.800000e+000  2.482769e+001  4.181068e+001
    endloop
  endfacet
  facet normal  1.000000e+000  0.000000e+000  0.000000e+000
    outer loop
      vertex  7.800000e+000  2.668933e+001  4.282769e+001
      vertex  7.800000e+000  2.850000e+001  4.000000e+001
      vertex  7.800000e+000  2.656637e+001  4.396914e+001
    endloop
  endfacet
  facet normal  1.000000e+000  -0.000000e+000  0.000000e+000
    outer loop
      vertex  7.800000e+000  2.656637e+001  4.396914e+001
      vertex  7.800000e+000  2.850000e+001  4.000000e+001
      vertex  7.800000e+000  2.850000e+001  4.650000e+001
    endloop
  endfacet
  facet normal  1.000000e+000  0.000000e+000  0.000000e+000
    outer loop
      vertex  7.800000e+000  2.656637e+001  4.396914e+001
      vertex  7.800000e+000  2.850000e+001  4.650000e+001
      vertex  7.800000e+000  2.567231e+001  4.468932e+001
    endloop
  endfacet
  facet normal  1.000000e+000  0.000000e+000  0.000000e+000
    outer loop
      vertex  7.800000e+000  0.000000e+000  0.000000e+000
      vertex  7.800000e+000  6.500000e+000  0.000000e+000
      vertex  7.800000e+000  3.969138e+000  1.933626e+000
    endloop
  endfacet
  facet normal  1.000000e+000  0.000000e+000  0.000000e+000
    outer loop
      vertex  7.800000e+000  0.000000e+000  0.000000e+000
      vertex  7.800000e+000  3.969138e+000  1.933626e+000
      vertex  7.800000e+000  2.827691e+000  1.810676e+000
    endloop
  endfacet
  facet normal  9.999999e-001  0.000000e+000  0.000000e+000
    outer loop
      vertex  7.800000e+000  0.000000e+000  0.000000e+000
      vertex  7.800000e+000  2.827691e+000  1.810676e+000
      vertex  7.800000e+000  1.933626e+000  2.530862e+000
    endloop
  endfacet
  facet normal  1.000000e+000  0.000000e+000  0.000000e+000
    outer loop
      vertex  7.800000e+000  0.000000e+000  0.000000e+000
      vertex  7.800000e+000  1.933626e+000  2.530862e+000
      vertex  7.800000e+000  1.810676e+000  3.672309e+000
    endloop
  endfacet
  facet normal  1.000000e+000  0.000000e+000  0.000000e+000
    outer loop
      vertex  7.800000e+000  0.000000e+000  0.000000e+000
      vertex  7.800000e+000  1.810676e+000  3.672309e+000
      vertex  7.800000e+000  8.881784e-016  6.500000e+000
    endloop
  endfacet
  facet normal  9.999999e-001  -0.000000e+000  0.000000e+000
    outer loop
      vertex  7.800000e+000  3.250000e+000  6.500000e+000
      vertex  7.800000e+000  8.881784e-016  6.500000e+000
      vertex  7.800000e+000  1.810676e+000  3.672309e+000
    endloop
  endfacet
  facet normal  9.999999e-001  0.000000e+000  0.000000e+000
    outer loop
      vertex  7.800000e+000  3.250000e+000  6.500000e+000
      vertex  7.800000e+000  1.810676e+000  3.672309e+000
      vertex  7.800000e+000  2.530862e+000  4.566374e+000
    endloop
  endfacet
  facet normal  1.000000e+000  0.000000e+000  0.000000e+000
    outer loop
      vertex  7.800000e+000  3.250000e+000  6.500000e+000
      vertex  7.800000e+000  2.530862e+000  4.566374e+000
      vertex  7.800000e+000  3.672309e+000  4.689324e+000
    endloop
  endfacet
  facet normal  1.000000e+000  0.000000e+000  -0.000000e+000
    outer loop
      vertex  7.800000e+000  3.250000e+000  6.500000e+000
      vertex  7.800000e+000  3.672309e+000  4.689324e+000
      vertex  7.800000e+000  6.064582e+000  4.875000e+000
    endloop
  endfacet
  facet normal  1.000000e+000  0.000000e+000  0.000000e+000
    outer loop
      vertex  7.800000e+000  3.250000e+000  6.500000e+000
      vertex  7.800000e+000  6.064582e+000  4.875000e+000
      vertex  7.800000e+000  4.875000e+000  6.064582e+000
    endloop
  endfacet
  facet normal  1.000000e+000  -0.000000e+000  0.000000e+000
    outer loop
      vertex  7.800000e+000  6.064582e+000  4.875000e+000
      vertex  7.800000e+000  3.672309e+000  4.689324e+000
      vertex  7.800000e+000  6.500000e+000  3.250000e+000
    endloop
  endfacet
  facet normal  1.000000e+000  0.000000e+000  0.000000e+000
    outer loop
      vertex  7.800000e+000  6.500000e+000  3.250000e+000
      vertex  7.800000e+000  3.672309e+000  4.689324e+000
      vertex  7.800000e+000  4.566374e+000  3.969138e+000
    endloop
  endfacet
  facet normal  1.000000e+000  0.000000e+000  0.000000e+000
    outer loop
      vertex  7.800000e+000  6.500000e+000  3.250000e+000
      vertex  7.800000e+000  4.566374e+000  3.969138e+000
      vertex  7.800000e+000  4.689324e+000  2.827691e+000
    endloop
  endfacet
  facet normal  1.000000e+000  0.000000e+000  0.000000e+000
    outer loop
      vertex  7.800000e+000  4.689324e+000  2.827691e+000
      vertex  7.800000e+000  3.969138e+000  1.933626e+000
      vertex  7.800000e+000  6.500000e+000  3.250000e+000
    endloop
  endfacet
  facet normal  1.000000e+000  0.000000e+000  0.000000e+000
    outer loop
      vertex  7.800000e+000  6.500000e+000  3.250000e+000
      vertex  7.800000e+000  3.969138e+000  1.933626e+000
      vertex  7.800000e+000  6.500000e+000  0.000000e+000
    endloop
  endfacet
  facet normal  0.000000e+000  7.787682e-001 -6.273118e-001
    outer loop
      vertex  6.250000e+000  2.530862e+000  4.456638e+001
      vertex  7.800000e+000  1.810676e+000  4.367231e+001
      vertex  6.250000e+000  1.810676e+000  4.367231e+001
    endloop
  endfacet
  facet normal  -0.000000e+000  9.942487e-001  1.070951e-001
    outer loop
      vertex  6.250000e+000  1.810676e+000  4.367231e+001
      vertex  7.800000e+000  1.810676e+000  4.367231e+001
      vertex  7.800000e+000  1.933626e+000  4.253086e+001
    endloop
  endfacet
  facet normal  0.000000e+000  9.942487e-001  1.070951e-001
    outer loop
      vertex  6.250000e+000  1.810676e+000  4.367231e+001
      vertex  7.800000e+000  1.933626e+000  4.253086e+001
      vertex  6.250000e+000  1.933626e+000  4.253086e+001
    endloop
  endfacet
  facet normal  0.000000e+000  7.787682e-001 -6.273118e-001
    outer loop
      vertex  7.800000e+000  1.810676e+000  4.367231e+001
      vertex  6.250000e+000  2.530862e+000  4.456638e+001
      vertex  7.800000e+000  2.530862e+000  4.456638e+001
    endloop
  endfacet
  facet normal  0.000000e+000  1.070926e-001 -9.942490e-001
    outer loop
      vertex  7.800000e+000  2.530862e+000  4.456638e+001
      vertex  6.250000e+000  2.530862e+000  4.456638e+001
      vertex  6.250000e+000  3.672309e+000  4.468932e+001
    endloop
  endfacet
  facet normal  0.000000e+000  1.070926e-001 -9.942490e-001
    outer loop
      vertex  7.800000e+000  2.530862e+000  4.456638e+001
      vertex  6.250000e+000  3.672309e+000  4.468932e+001
      vertex  7.800000e+000  3.672309e+000  4.468932e+001
    endloop
  endfacet
  facet normal  -0.000000e+000 -6.273115e-001 -7.787685e-001
    outer loop
      vertex  7.800000e+000  3.672309e+000  4.468932e+001
      vertex  6.250000e+000  3.672309e+000  4.468932e+001
      vertex  6.250000e+000  4.566374e+000  4.396914e+001
    endloop
  endfacet
  facet normal  0.000000e+000 -6.273115e-001 -7.787685e-001
    outer loop
      vertex  7.800000e+000  3.672309e+000  4.468932e+001
      vertex  6.250000e+000  4.566374e+000  4.396914e+001
      vertex  7.800000e+000  4.566374e+000  4.396914e+001
    endloop
  endfacet
  facet normal  0.000000e+000 -7.787683e-001  6.273118e-001
    outer loop
      vertex  6.250000e+000  3.969138e+000  4.193362e+001
      vertex  7.800000e+000  4.689324e+000  4.282769e+001
      vertex  6.250000e+000  4.689324e+000  4.282769e+001
    endloop
  endfacet
  facet normal  0.000000e+000 -9.942487e-001 -1.070950e-001
    outer loop
      vertex  6.250000e+000  4.689324e+000  4.282769e+001
      vertex  7.800000e+000  4.689324e+000  4.282769e+001
      vertex  7.800000e+000  4.566374e+000  4.396914e+001
    endloop
  endfacet
  facet normal  -0.000000e+000 -9.942487e-001 -1.070950e-001
    outer loop
      vertex  6.250000e+000  4.689324e+000  4.282769e+001
      vertex  7.800000e+000  4.566374e+000  4.396914e+001
      vertex  6.250000e+000  4.566374e+000  4.396914e+001
    endloop
  endfacet
  facet normal  0.000000e+000 -7.787683e-001  6.273118e-001
    outer loop
      vertex  7.800000e+000  4.689324e+000  4.282769e+001
      vertex  6.250000e+000  3.969138e+000  4.193362e+001
      vertex  7.800000e+000  3.969138e+000  4.193362e+001
    endloop
  endfacet
  facet normal  0.000000e+000 -1.070926e-001  9.942490e-001
    outer loop
      vertex  7.800000e+000  3.969138e+000  4.193362e+001
      vertex  6.250000e+000  3.969138e+000  4.193362e+001
      vertex  6.250000e+000  2.827691e+000  4.181068e+001
    endloop
  endfacet
  facet normal  0.000000e+000 -1.070926e-001  9.942490e-001
    outer loop
      vertex  7.800000e+000  3.969138e+000  4.193362e+001
      vertex  6.250000e+000  2.827691e+000  4.181068e+001
      vertex  7.800000e+000  2.827691e+000  4.181068e+001
    endloop
  endfacet
  facet normal  0.000000e+000  6.273115e-001  7.787685e-001
    outer loop
      vertex  7.800000e+000  2.827691e+000  4.181068e+001
      vertex  6.250000e+000  2.827691e+000  4.181068e+001
      vertex  6.250000e+000  1.933626e+000  4.253086e+001
    endloop
  endfacet
  facet normal  -0.000000e+000  6.273115e-001  7.787685e-001
    outer loop
      vertex  7.800000e+000  2.827691e+000  4.181068e+001
      vertex  6.250000e+000  1.933626e+000  4.253086e+001
      vertex  7.800000e+000  1.933626e+000  4.253086e+001
    endloop
  endfacet
  facet normal  0.000000e+000 -9.036936e-001  4.281799e-001
    outer loop
      vertex  0.000000e+000  5.249659e+000  4.136218e+001
      vertex  5.000000e+000  5.977391e+000  4.289809e+001
      vertex  0.000000e+000  5.977391e+000  4.289809e+001
    endloop
  endfacet
  facet normal  0.000000e+000 -9.827813e-001 -1.847727e-001
    outer loop
      vertex  0.000000e+000  5.977391e+000  4.289809e+001
      vertex  5.000000e+000  5.977391e+000  4.289809e+001
      vertex  5.000000e+000  5.663352e+000  4.456842e+001
    endloop
  endfacet
  facet normal  -0.000000e+000 -9.827813e-001 -1.847727e-001
    outer loop
      vertex  0.000000e+000  5.977391e+000  4.289809e+001
      vertex  5.000000e+000  5.663352e+000  4.456842e+001
      vertex  0.000000e+000  5.663352e+000  4.456842e+001
    endloop
  endfacet
  facet normal  0.000000e+000 -9.036936e-001  4.281799e-001
    outer loop
      vertex  5.000000e+000  5.977391e+000  4.289809e+001
      vertex  0.000000e+000  5.249659e+000  4.136218e+001
      vertex  5.000000e+000  5.249659e+000  4.136218e+001
    endloop
  endfacet
  facet normal  0.000000e+000 -4.794247e-001  8.775829e-001
    outer loop
      vertex  5.000000e+000  5.249659e+000  4.136218e+001
      vertex  0.000000e+000  5.249659e+000  4.136218e+001
      vertex  0.000000e+000  3.758125e+000  4.054735e+001
    endloop
  endfacet
  facet normal  0.000000e+000 -4.794247e-001  8.775829e-001
    outer loop
      vertex  5.000000e+000  5.249659e+000  4.136218e+001
      vertex  0.000000e+000  3.758125e+000  4.054735e+001
      vertex  5.000000e+000  3.758125e+000  4.054735e+001
    endloop
  endfacet
  facet normal  0.000000e+000  1.279666e-001  9.917785e-001
    outer loop
      vertex  5.000000e+000  3.758125e+000  4.054735e+001
      vertex  0.000000e+000  3.758125e+000  4.054735e+001
      vertex  0.000000e+000  2.072505e+000  4.076484e+001
    endloop
  endfacet
  facet normal  -0.000000e+000  1.279666e-001  9.917785e-001
    outer loop
      vertex  5.000000e+000  3.758125e+000  4.054735e+001
      vertex  0.000000e+000  2.072505e+000  4.076484e+001
      vertex  5.000000e+000  2.072505e+000  4.076484e+001
    endloop
  endfacet
  facet normal  0.000000e+000  6.864799e-001  7.271488e-001
    outer loop
      vertex  5.000000e+000  2.072505e+000  4.076484e+001
      vertex  0.000000e+000  2.072505e+000  4.076484e+001
      vertex  0.000000e+000  8.366479e-001  4.193158e+001
    endloop
  endfacet
  facet normal  -0.000000e+000  6.864799e-001  7.271488e-001
    outer loop
      vertex  5.000000e+000  2.072505e+000  4.076484e+001
      vertex  0.000000e+000  8.366479e-001  4.193158e+001
      vertex  5.000000e+000  8.366479e-001  4.193158e+001
    endloop
  endfacet
  facet normal  0.000000e+000  9.036936e-001 -4.281799e-001
    outer loop
      vertex  0.000000e+000  1.250341e+000  4.513782e+001
      vertex  5.000000e+000  5.226092e-001  4.360191e+001
      vertex  0.000000e+000  5.226092e-001  4.360191e+001
    endloop
  endfacet
  facet normal  -0.000000e+000  9.827813e-001  1.847727e-001
    outer loop
      vertex  0.000000e+000  5.226092e-001  4.360191e+001
      vertex  5.000000e+000  5.226092e-001  4.360191e+001
      vertex  5.000000e+000  8.366479e-001  4.193158e+001
    endloop
  endfacet
  facet normal  0.000000e+000  9.827813e-001  1.847727e-001
    outer loop
      vertex  0.000000e+000  5.226092e-001  4.360191e+001
      vertex  5.000000e+000  8.366479e-001  4.193158e+001
      vertex  0.000000e+000  8.366479e-001  4.193158e+001
    endloop
  endfacet
  facet normal  0.000000e+000  9.036936e-001 -4.281799e-001
    outer loop
      vertex  5.000000e+000  5.226092e-001  4.360191e+001
      vertex  0.000000e+000  1.250341e+000  4.513782e+001
      vertex  5.000000e+000  1.250341e+000  4.513782e+001
    endloop
  endfacet
  facet normal  0.000000e+000  4.794248e-001 -8.775830e-001
    outer loop
      vertex  5.000000e+000  1.250341e+000  4.513782e+001
      vertex  0.000000e+000  1.250341e+000  4.513782e+001
      vertex  0.000000e+000  2.741875e+000  4.595265e+001
    endloop
  endfacet
  facet normal  0.000000e+000  4.794248e-001 -8.775830e-001
    outer loop
      vertex  5.000000e+000  1.250341e+000  4.513782e+001
      vertex  0.000000e+000  2.741875e+000  4.595265e+001
      vertex  5.000000e+000  2.741875e+000  4.595265e+001
    endloop
  endfacet
  facet normal  -0.000000e+000 -1.279666e-001 -9.917785e-001
    outer loop
      vertex  5.000000e+000  2.741875e+000  4.595265e+001
      vertex  0.000000e+000  2.741875e+000  4.595265e+001
      vertex  0.000000e+000  4.427495e+000  4.573516e+001
    endloop
  endfacet
  facet normal  0.000000e+000 -1.279666e-001 -9.917785e-001
    outer loop
      vertex  5.000000e+000  2.741875e+000  4.595265e+001
      vertex  0.000000e+000  4.427495e+000  4.573516e+001
      vertex  5.000000e+000  4.427495e+000  4.573516e+001
    endloop
  endfacet
  facet normal  -0.000000e+000 -6.864799e-001 -7.271488e-001
    outer loop
      vertex  5.000000e+000  4.427495e+000  4.573516e+001
      vertex  0.000000e+000  4.427495e+000  4.573516e+001
      vertex  0.000000e+000  5.663352e+000  4.456842e+001
    endloop
  endfacet
  facet normal  0.000000e+000 -6.864799e-001 -7.271488e-001
    outer loop
      vertex  5.000000e+000  4.427495e+000  4.573516e+001
      vertex  0.000000e+000  5.663352e+000  4.456842e+001
      vertex  5.000000e+000  5.663352e+000  4.456842e+001
    endloop
  endfacet
  facet normal  0.000000e+000  7.787681e-001 -6.273118e-001
    outer loop
      vertex  6.250000e+000  2.453086e+001  4.456638e+001
      vertex  7.800000e+000  2.381067e+001  4.367231e+001
      vertex  6.250000e+000  2.381067e+001  4.367231e+001
    endloop
  endfacet
  facet normal  -0.000000e+000  9.942487e-001  1.070958e-001
    outer loop
      vertex  6.250000e+000  2.381067e+001  4.367231e+001
      vertex  7.800000e+000  2.381067e+001  4.367231e+001
      vertex  7.800000e+000  2.393363e+001  4.253086e+001
    endloop
  endfacet
  facet normal  0.000000e+000  9.942487e-001  1.070958e-001
    outer loop
      vertex  6.250000e+000  2.381067e+001  4.367231e+001
      vertex  7.800000e+000  2.393363e+001  4.253086e+001
      vertex  6.250000e+000  2.393363e+001  4.253086e+001
    endloop
  endfacet
  facet normal  0.000000e+000  7.787681e-001 -6.273118e-001
    outer loop
      vertex  7.800000e+000  2.381067e+001  4.367231e+001
      vertex  6.250000e+000  2.453086e+001  4.456638e+001
      vertex  7.800000e+000  2.453086e+001  4.456638e+001
    endloop
  endfacet
  facet normal  0.000000e+000  1.070925e-001 -9.942490e-001
    outer loop
      vertex  7.800000e+000  2.453086e+001  4.456638e+001
      vertex  6.250000e+000  2.453086e+001  4.456638e+001
      vertex  6.250000e+000  2.567231e+001  4.468932e+001
    endloop
  endfacet
  facet normal  0.000000e+000  1.070925e-001 -9.942490e-001
    outer loop
      vertex  7.800000e+000  2.453086e+001  4.456638e+001
      vertex  6.250000e+000  2.567231e+001  4.468932e+001
      vertex  7.800000e+000  2.567231e+001  4.468932e+001
    endloop
  endfacet
  facet normal  -0.000000e+000 -6.273116e-001 -7.787683e-001
    outer loop
      vertex  7.800000e+000  2.567231e+001  4.468932e+001
      vertex  6.250000e+000  2.567231e+001  4.468932e+001
      vertex  6.250000e+000  2.656637e+001  4.396914e+001
    endloop
  endfacet
  facet normal  0.000000e+000 -6.273116e-001 -7.787683e-001
    outer loop
      vertex  7.800000e+000  2.567231e+001  4.468932e+001
      vertex  6.250000e+000  2.656637e+001  4.396914e+001
      vertex  7.800000e+000  2.656637e+001  4.396914e+001
    endloop
  endfacet
  facet normal  0.000000e+000 -7.787681e-001  6.273118e-001
    outer loop
      vertex  6.250000e+000  2.596914e+001  4.193362e+001
      vertex  7.800000e+000  2.668933e+001  4.282769e+001
      vertex  6.250000e+000  2.668933e+001  4.282769e+001
    endloop
  endfacet
  facet normal  0.000000e+000 -9.942487e-001 -1.070958e-001
    outer loop
      vertex  6.250000e+000  2.668933e+001  4.282769e+001
      vertex  7.800000e+000  2.668933e+001  4.282769e+001
      vertex  7.800000e+000  2.656637e+001  4.396914e+001
    endloop
  endfacet
  facet normal  -0.000000e+000 -9.942487e-001 -1.070958e-001
    outer loop
      vertex  6.250000e+000  2.668933e+001  4.282769e+001
      vertex  7.800000e+000  2.656637e+001  4.396914e+001
      vertex  6.250000e+000  2.656637e+001  4.396914e+001
    endloop
  endfacet
  facet normal  0.000000e+000 -7.787681e-001  6.273118e-001
    outer loop
      vertex  7.800000e+000  2.668933e+001  4.282769e+001
      vertex  6.250000e+000  2.596914e+001  4.193362e+001
      vertex  7.800000e+000  2.596914e+001  4.193362e+001
    endloop
  endfacet
  facet normal  0.000000e+000 -1.070925e-001  9.942490e-001
    outer loop
      vertex  7.800000e+000  2.596914e+001  4.193362e+001
      vertex  6.250000e+000  2.596914e+001  4.193362e+001
      vertex  6.250000e+000  2.482769e+001  4.181068e+001
    endloop
  endfacet
  facet normal  0.000000e+000 -1.070925e-001  9.942490e-001
    outer loop
      vertex  7.800000e+000  2.596914e+001  4.193362e+001
      vertex  6.250000e+000  2.482769e+001  4.181068e+001
      vertex  7.800000e+000  2.482769e+001  4.181068e+001
    endloop
  endfacet
  facet normal  0.000000e+000  6.273116e-001  7.787683e-001
    outer loop
      vertex  7.800000e+000  2.482769e+001  4.181068e+001
      vertex  6.250000e+000  2.482769e+001  4.181068e+001
      vertex  6.250000e+000  2.393363e+001  4.253086e+001
    endloop
  endfacet
  facet normal  -0.000000e+000  6.273116e-001  7.787683e-001
    outer loop
      vertex  7.800000e+000  2.482769e+001  4.181068e+001
      vertex  6.250000e+000  2.393363e+001  4.253086e+001
      vertex  7.800000e+000  2.393363e+001  4.253086e+001
    endloop
  endfacet
  facet normal  0.000000e+000 -9.036936e-001  4.281799e-001
    outer loop
      vertex  0.000000e+000  2.724966e+001  4.136218e+001
      vertex  5.000000e+000  2.797739e+001  4.289809e+001
      vertex  0.000000e+000  2.797739e+001  4.289809e+001
    endloop
  endfacet
  facet normal  0.000000e+000 -9.827814e-001 -1.847719e-001
    outer loop
      vertex  0.000000e+000  2.797739e+001  4.289809e+001
      vertex  5.000000e+000  2.797739e+001  4.289809e+001
      vertex  5.000000e+000  2.766335e+001  4.456842e+001
    endloop
  endfacet
  facet normal  -0.000000e+000 -9.827814e-001 -1.847719e-001
    outer loop
      vertex  0.000000e+000  2.797739e+001  4.289809e+001
      vertex  5.000000e+000  2.766335e+001  4.456842e+001
      vertex  0.000000e+000  2.766335e+001  4.456842e+001
    endloop
  endfacet
  facet normal  0.000000e+000 -9.036936e-001  4.281799e-001
    outer loop
      vertex  5.000000e+000  2.797739e+001  4.289809e+001
      vertex  0.000000e+000  2.724966e+001  4.136218e+001
      vertex  5.000000e+000  2.724966e+001  4.136218e+001
    endloop
  endfacet
  facet normal  0.000000e+000 -4.794249e-001  8.775830e-001
    outer loop
      vertex  5.000000e+000  2.724966e+001  4.136218e+001
      vertex  0.000000e+000  2.724966e+001  4.136218e+001
      vertex  0.000000e+000  2.575813e+001  4.054735e+001
    endloop
  endfacet
  facet normal  0.000000e+000 -4.794249e-001  8.775830e-001
    outer loop
      vertex  5.000000e+000  2.724966e+001  4.136218e+001
      vertex  0.000000e+000  2.575813e+001  4.054735e+001
      vertex  5.000000e+000  2.575813e+001  4.054735e+001
    endloop
  endfacet
  facet normal  0.000000e+000  1.279666e-001  9.917785e-001
    outer loop
      vertex  5.000000e+000  2.575813e+001  4.054735e+001
      vertex  0.000000e+000  2.575813e+001  4.054735e+001
      vertex  0.000000e+000  2.407251e+001  4.076484e+001
    endloop
  endfacet
  facet normal  -0.000000e+000  1.279666e-001  9.917785e-001
    outer loop
      vertex  5.000000e+000  2.575813e+001  4.054735e+001
      vertex  0.000000e+000  2.407251e+001  4.076484e+001
      vertex  5.000000e+000  2.407251e+001  4.076484e+001
    endloop
  endfacet
  facet normal  0.000000e+000  6.864794e-001  7.271492e-001
    outer loop
      vertex  5.000000e+000  2.407251e+001  4.076484e+001
      vertex  0.000000e+000  2.407251e+001  4.076484e+001
      vertex  0.000000e+000  2.283665e+001  4.193158e+001
    endloop
  endfacet
  facet normal  -0.000000e+000  6.864794e-001  7.271492e-001
    outer loop
      vertex  5.000000e+000  2.407251e+001  4.076484e+001
      vertex  0.000000e+000  2.283665e+001  4.193158e+001
      vertex  5.000000e+000  2.283665e+001  4.193158e+001
    endloop
  endfacet
  facet normal  0.000000e+000  9.036936e-001 -4.281799e-001
    outer loop
      vertex  0.000000e+000  2.325034e+001  4.513782e+001
      vertex  5.000000e+000  2.252261e+001  4.360191e+001
      vertex  0.000000e+000  2.252261e+001  4.360191e+001
    endloop
  endfacet
  facet normal  -0.000000e+000  9.827814e-001  1.847719e-001
    outer loop
      vertex  0.000000e+000  2.252261e+001  4.360191e+001
      vertex  5.000000e+000  2.252261e+001  4.360191e+001
      vertex  5.000000e+000  2.283665e+001  4.193158e+001
    endloop
  endfacet
  facet normal  0.000000e+000  9.827814e-001  1.847719e-001
    outer loop
      vertex  0.000000e+000  2.252261e+001  4.360191e+001
      vertex  5.000000e+000  2.283665e+001  4.193158e+001
      vertex  0.000000e+000  2.283665e+001  4.193158e+001
    endloop
  endfacet
  facet normal  0.000000e+000  9.036936e-001 -4.281799e-001
    outer loop
      vertex  5.000000e+000  2.252261e+001  4.360191e+001
      vertex  0.000000e+000  2.325034e+001  4.513782e+001
      vertex  5.000000e+000  2.325034e+001  4.513782e+001
    endloop
  endfacet
  facet normal  0.000000e+000  4.794249e-001 -8.775830e-001
    outer loop
      vertex  5.000000e+000  2.325034e+001  4.513782e+001
      vertex  0.000000e+000  2.325034e+001  4.513782e+001
      vertex  0.000000e+000  2.474187e+001  4.595265e+001
    endloop
  endfacet
  facet normal  0.000000e+000  4.794249e-001 -8.775830e-001
    outer loop
      vertex  5.000000e+000  2.325034e+001  4.513782e+001
      vertex  0.000000e+000  2.474187e+001  4.595265e+001
      vertex  5.000000e+000  2.474187e+001  4.595265e+001
    endloop
  endfacet
  facet normal  -0.000000e+000 -1.279666e-001 -9.917785e-001
    outer loop
      vertex  5.000000e+000  2.474187e+001  4.595265e+001
      vertex  0.000000e+000  2.474187e+001  4.595265e+001
      vertex  0.000000e+000  2.642749e+001  4.573516e+001
    endloop
  endfacet
  facet normal  0.000000e+000 -1.279666e-001 -9.917785e-001
    outer loop
      vertex  5.000000e+000  2.474187e+001  4.595265e+001
      vertex  0.000000e+000  2.642749e+001  4.573516e+001
      vertex  5.000000e+000  2.642749e+001  4.573516e+001
    endloop
  endfacet
  facet normal  -0.000000e+000 -6.864794e-001 -7.271492e-001
    outer loop
      vertex  5.000000e+000  2.642749e+001  4.573516e+001
      vertex  0.000000e+000  2.642749e+001  4.573516e+001
      vertex  0.000000e+000  2.766335e+001  4.456842e+001
    endloop
  endfacet
  facet normal  0.000000e+000 -6.864794e-001 -7.271492e-001
    outer loop
      vertex  5.000000e+000  2.642749e+001  4.573516e+001
      vertex  0.000000e+000  2.766335e+001  4.456842e+001
      vertex  5.000000e+000  2.766335e+001  4.456842e+001
    endloop
  endfacet
  facet normal  0.000000e+000  7.787677e-001 -6.273124e-001
    outer loop
      vertex  6.250000e+000  2.530862e+000  4.566374e+000
      vertex  7.800000e+000  1.810676e+000  3.672309e+000
      vertex  6.250000e+000  1.810676e+000  3.672309e+000
    endloop
  endfacet
  facet normal  -0.000000e+000  9.942487e-001  1.070952e-001
    outer loop
      vertex  6.250000e+000  1.810676e+000  3.672309e+000
      vertex  7.800000e+000  1.810676e+000  3.672309e+000
      vertex  7.800000e+000  1.933626e+000  2.530862e+000
    endloop
  endfacet
  facet normal  0.000000e+000  9.942487e-001  1.070952e-001
    outer loop
      vertex  6.250000e+000  1.810676e+000  3.672309e+000
      vertex  7.800000e+000  1.933626e+000  2.530862e+000
      vertex  6.250000e+000  1.933626e+000  2.530862e+000
    endloop
  endfacet
  facet normal  0.000000e+000  7.787677e-001 -6.273124e-001
    outer loop
      vertex  7.800000e+000  1.810676e+000  3.672309e+000
      vertex  6.250000e+000  2.530862e+000  4.566374e+000
      vertex  7.800000e+000  2.530862e+000  4.566374e+000
    endloop
  endfacet
  facet normal  0.000000e+000  1.070951e-001 -9.942487e-001
    outer loop
      vertex  7.800000e+000  2.530862e+000  4.566374e+000
      vertex  6.250000e+000  2.530862e+000  4.566374e+000
      vertex  6.250000e+000  3.672309e+000  4.689324e+000
    endloop
  endfacet
  facet normal  0.000000e+000  1.070951e-001 -9.942487e-001
    outer loop
      vertex  7.800000e+000  2.530862e+000  4.566374e+000
      vertex  6.250000e+000  3.672309e+000  4.689324e+000
      vertex  7.800000e+000  3.672309e+000  4.689324e+000
    endloop
  endfacet
  facet normal  -0.000000e+000 -6.273123e-001 -7.787677e-001
    outer loop
      vertex  7.800000e+000  3.672309e+000  4.689324e+000
      vertex  6.250000e+000  3.672309e+000  4.689324e+000
      vertex  6.250000e+000  4.566374e+000  3.969138e+000
    endloop
  endfacet
  facet normal  0.000000e+000 -6.273123e-001 -7.787677e-001
    outer loop
      vertex  7.800000e+000  3.672309e+000  4.689324e+000
      vertex  6.250000e+000  4.566374e+000  3.969138e+000
      vertex  7.800000e+000  4.566374e+000  3.969138e+000
    endloop
  endfacet
  facet normal  0.000000e+000 -7.787677e-001  6.273123e-001
    outer loop
      vertex  6.250000e+000  3.969138e+000  1.933626e+000
      vertex  7.800000e+000  4.689324e+000  2.827691e+000
      vertex  6.250000e+000  4.689324e+000  2.827691e+000
    endloop
  endfacet
  facet normal  0.000000e+000 -9.942487e-001 -1.070951e-001
    outer loop
      vertex  6.250000e+000  4.689324e+000  2.827691e+000
      vertex  7.800000e+000  4.689324e+000  2.827691e+000
      vertex  7.800000e+000  4.566374e+000  3.969138e+000
    endloop
  endfacet
  facet normal  -0.000000e+000 -9.942487e-001 -1.070951e-001
    outer loop
      vertex  6.250000e+000  4.689324e+000  2.827691e+000
      vertex  7.800000e+000  4.566374e+000  3.969138e+000
      vertex  6.250000e+000  4.566374e+000  3.969138e+000
    endloop
  endfacet
  facet normal  0.000000e+000 -7.787677e-001  6.273123e-001
    outer loop
      vertex  7.800000e+000  4.689324e+000  2.827691e+000
      vertex  6.250000e+000  3.969138e+000  1.933626e+000
      vertex  7.800000e+000  3.969138e+000  1.933626e+000
    endloop
  endfacet
  facet normal  0.000000e+000 -1.070952e-001  9.942487e-001
    outer loop
      vertex  7.800000e+000  3.969138e+000  1.933626e+000
      vertex  6.250000e+000  3.969138e+000  1.933626e+000
      vertex  6.250000e+000  2.827691e+000  1.810676e+000
    endloop
  endfacet
  facet normal  0.000000e+000 -1.070952e-001  9.942487e-001
    outer loop
      vertex  7.800000e+000  3.969138e+000  1.933626e+000
      vertex  6.250000e+000  2.827691e+000  1.810676e+000
      vertex  7.800000e+000  2.827691e+000  1.810676e+000
    endloop
  endfacet
  facet normal  0.000000e+000  6.273124e-001  7.787677e-001
    outer loop
      vertex  7.800000e+000  2.827691e+000  1.810676e+000
      vertex  6.250000e+000  2.827691e+000  1.810676e+000
      vertex  6.250000e+000  1.933626e+000  2.530862e+000
    endloop
  endfacet
  facet normal  -0.000000e+000  6.273124e-001  7.787677e-001
    outer loop
      vertex  7.800000e+000  2.827691e+000  1.810676e+000
      vertex  6.250000e+000  1.933626e+000  2.530862e+000
      vertex  7.800000e+000  1.933626e+000  2.530862e+000
    endloop
  endfacet
  facet normal  0.000000e+000 -9.036935e-001  4.281799e-001
    outer loop
      vertex  0.000000e+000  5.249659e+000  1.362180e+000
      vertex  5.000000e+000  5.977391e+000  2.898092e+000
      vertex  0.000000e+000  5.977391e+000  2.898092e+000
    endloop
  endfacet
  facet normal  0.000000e+000 -9.827812e-001 -1.847728e-001
    outer loop
      vertex  0.000000e+000  5.977391e+000  2.898092e+000
      vertex  5.000000e+000  5.977391e+000  2.898092e+000
      vertex  5.000000e+000  5.663352e+000  4.568420e+000
    endloop
  endfacet
  facet normal  -0.000000e+000 -9.827812e-001 -1.847728e-001
    outer loop
      vertex  0.000000e+000  5.977391e+000  2.898092e+000
      vertex  5.000000e+000  5.663352e+000  4.568420e+000
      vertex  0.000000e+000  5.663352e+000  4.568420e+000
    endloop
  endfacet
  facet normal  0.000000e+000 -9.036935e-001  4.281799e-001
    outer loop
      vertex  5.000000e+000  5.977391e+000  2.898092e+000
      vertex  0.000000e+000  5.249659e+000  1.362180e+000
      vertex  5.000000e+000  5.249659e+000  1.362180e+000
    endloop
  endfacet
  facet normal  0.000000e+000 -4.794255e-001  8.775825e-001
    outer loop
      vertex  5.000000e+000  5.249659e+000  1.362180e+000
      vertex  0.000000e+000  5.249659e+000  1.362180e+000
      vertex  0.000000e+000  3.758125e+000  5.473515e-001
    endloop
  endfacet
  facet normal  0.000000e+000 -4.794255e-001  8.775825e-001
    outer loop
      vertex  5.000000e+000  5.249659e+000  1.362180e+000
      vertex  0.000000e+000  3.758125e+000  5.473515e-001
      vertex  5.000000e+000  3.758125e+000  5.473515e-001
    endloop
  endfacet
  facet normal  0.000000e+000  1.279667e-001  9.917785e-001
    outer loop
      vertex  5.000000e+000  3.758125e+000  5.473515e-001
      vertex  0.000000e+000  3.758125e+000  5.473515e-001
      vertex  0.000000e+000  2.072505e+000  7.648429e-001
    endloop
  endfacet
  facet normal  -0.000000e+000  1.279667e-001  9.917785e-001
    outer loop
      vertex  5.000000e+000  3.758125e+000  5.473515e-001
      vertex  0.000000e+000  2.072505e+000  7.648429e-001
      vertex  5.000000e+000  2.072505e+000  7.648429e-001
    endloop
  endfacet
  facet normal  0.000000e+000  6.864800e-001  7.271487e-001
    outer loop
      vertex  5.000000e+000  2.072505e+000  7.648429e-001
      vertex  0.000000e+000  2.072505e+000  7.648429e-001
      vertex  0.000000e+000  8.366479e-001  1.931580e+000
    endloop
  endfacet
  facet normal  -0.000000e+000  6.864800e-001  7.271487e-001
    outer loop
      vertex  5.000000e+000  2.072505e+000  7.648429e-001
      vertex  0.000000e+000  8.366479e-001  1.931580e+000
      vertex  5.000000e+000  8.366479e-001  1.931580e+000
    endloop
  endfacet
  facet normal  0.000000e+000  9.036934e-001 -4.281799e-001
    outer loop
      vertex  0.000000e+000  1.250341e+000  5.137820e+000
      vertex  5.000000e+000  5.226092e-001  3.601908e+000
      vertex  0.000000e+000  5.226092e-001  3.601908e+000
    endloop
  endfacet
  facet normal  -0.000000e+000  9.827813e-001  1.847728e-001
    outer loop
      vertex  0.000000e+000  5.226092e-001  3.601908e+000
      vertex  5.000000e+000  5.226092e-001  3.601908e+000
      vertex  5.000000e+000  8.366479e-001  1.931580e+000
    endloop
  endfacet
  facet normal  0.000000e+000  9.827813e-001  1.847728e-001
    outer loop
      vertex  0.000000e+000  5.226092e-001  3.601908e+000
      vertex  5.000000e+000  8.366479e-001  1.931580e+000
      vertex  0.000000e+000  8.366479e-001  1.931580e+000
    endloop
  endfacet
  facet normal  0.000000e+000  9.036934e-001 -4.281799e-001
    outer loop
      vertex  5.000000e+000  5.226092e-001  3.601908e+000
      vertex  0.000000e+000  1.250341e+000  5.137820e+000
      vertex  5.000000e+000  1.250341e+000  5.137820e+000
    endloop
  endfacet
  facet normal  0.000000e+000  4.794257e-001 -8.775824e-001
    outer loop
      vertex  5.000000e+000  1.250341e+000  5.137820e+000
      vertex  0.000000e+000  1.250341e+000  5.137820e+000
      vertex  0.000000e+000  2.741875e+000  5.952649e+000
    endloop
  endfacet
  facet normal  0.000000e+000  4.794257e-001 -8.775824e-001
    outer loop
      vertex  5.000000e+000  1.250341e+000  5.137820e+000
      vertex  0.000000e+000  2.741875e+000  5.952649e+000
      vertex  5.000000e+000  2.741875e+000  5.952649e+000
    endloop
  endfacet
  facet normal  -0.000000e+000 -1.279669e-001 -9.917785e-001
    outer loop
      vertex  5.000000e+000  2.741875e+000  5.952649e+000
      vertex  0.000000e+000  2.741875e+000  5.952649e+000
      vertex  0.000000e+000  4.427495e+000  5.735157e+000
    endloop
  endfacet
  facet normal  0.000000e+000 -1.279669e-001 -9.917785e-001
    outer loop
      vertex  5.000000e+000  2.741875e+000  5.952649e+000
      vertex  0.000000e+000  4.427495e+000  5.735157e+000
      vertex  5.000000e+000  4.427495e+000  5.735157e+000
    endloop
  endfacet
  facet normal  -0.000000e+000 -6.864799e-001 -7.271488e-001
    outer loop
      vertex  5.000000e+000  4.427495e+000  5.735157e+000
      vertex  0.000000e+000  4.427495e+000  5.735157e+000
      vertex  0.000000e+000  5.663352e+000  4.568420e+000
    endloop
  endfacet
  facet normal  0.000000e+000 -6.864799e-001 -7.271488e-001
    outer loop
      vertex  5.000000e+000  4.427495e+000  5.735157e+000
      vertex  0.000000e+000  5.663352e+000  4.568420e+000
      vertex  5.000000e+000  5.663352e+000  4.568420e+000
    endloop
  endfacet
  facet normal -7.176671e-001  4.368511e-001  5.423237e-001
    outer loop
      vertex  6.250000e+000  2.827691e+000  4.181068e+001
      vertex  5.000000e+000  2.072505e+000  4.076484e+001
      vertex  6.250000e+000  1.933626e+000  4.253086e+001
    endloop
  endfacet
  facet normal -6.891516e-001  4.974351e-001  5.269045e-001
    outer loop
      vertex  5.000000e+000  2.072505e+000  4.076484e+001
      vertex  5.000000e+000  8.366479e-001  4.193158e+001
      vertex  6.250000e+000  1.933626e+000  4.253086e+001
    endloop
  endfacet
  facet normal -6.891517e-001 -7.121401e-001 -1.338895e-001
    outer loop
      vertex  5.000000e+000  5.663352e+000  4.456842e+001
      vertex  5.000000e+000  5.977391e+000  4.289809e+001
      vertex  6.250000e+000  4.566374e+000  4.396914e+001
    endloop
  endfacet
  facet normal -7.176670e-001 -6.923814e-001 -7.457949e-002
    outer loop
      vertex  5.000000e+000  5.977391e+000  4.289809e+001
      vertex  6.250000e+000  4.689324e+000  4.282769e+001
      vertex  6.250000e+000  4.566374e+000  4.396914e+001
    endloop
  endfacet
  facet normal -6.718644e-001 -6.693424e-001  3.171418e-001
    outer loop
      vertex  5.000000e+000  5.977391e+000  4.289809e+001
      vertex  5.000000e+000  5.249659e+000  4.136218e+001
      vertex  6.250000e+000  4.689324e+000  4.282769e+001
    endloop
  endfacet
  facet normal -6.657941e-001 -3.577159e-001  6.547958e-001
    outer loop
      vertex  5.000000e+000  5.249659e+000  4.136218e+001
      vertex  5.000000e+000  3.758125e+000  4.054735e+001
      vertex  6.250000e+000  3.969138e+000  4.193362e+001
    endloop
  endfacet
  facet normal -7.351868e-001 -5.278995e-001  4.252324e-001
    outer loop
      vertex  6.250000e+000  4.689324e+000  4.282769e+001
      vertex  5.000000e+000  5.249659e+000  4.136218e+001
      vertex  6.250000e+000  3.969138e+000  4.193362e+001
    endloop
  endfacet
  facet normal -6.718646e-001  9.478153e-002  7.345846e-001
    outer loop
      vertex  5.000000e+000  3.758125e+000  4.054735e+001
      vertex  5.000000e+000  2.072505e+000  4.076484e+001
      vertex  6.250000e+000  2.827691e+000  4.181068e+001
    endloop
  endfacet
  facet normal -7.351864e-001 -7.259434e-002  6.739666e-001
    outer loop
      vertex  6.250000e+000  3.969138e+000  4.193362e+001
      vertex  5.000000e+000  3.758125e+000  4.054735e+001
      vertex  6.250000e+000  2.827691e+000  4.181068e+001
    endloop
  endfacet
  facet normal -7.176671e-001 -4.368511e-001 -5.423236e-001
    outer loop
      vertex  6.250000e+000  3.672309e+000  4.468932e+001
      vertex  5.000000e+000  4.427495e+000  4.573516e+001
      vertex  6.250000e+000  4.566374e+000  4.396914e+001
    endloop
  endfacet
  facet normal -6.891516e-001 -4.974352e-001 -5.269045e-001
    outer loop
      vertex  5.000000e+000  4.427495e+000  4.573516e+001
      vertex  5.000000e+000  5.663352e+000  4.456842e+001
      vertex  6.250000e+000  4.566374e+000  4.396914e+001
    endloop
  endfacet
  facet normal -6.891518e-001  7.121401e-001  1.338895e-001
    outer loop
      vertex  5.000000e+000  8.366479e-001  4.193158e+001
      vertex  5.000000e+000  5.226092e-001  4.360191e+001
      vertex  6.250000e+000  1.933626e+000  4.253086e+001
    endloop
  endfacet
  facet normal -7.176669e-001  6.923814e-001  7.457956e-002
    outer loop
      vertex  5.000000e+000  5.226092e-001  4.360191e+001
      vertex  6.250000e+000  1.810676e+000  4.367231e+001
      vertex  6.250000e+000  1.933626e+000  4.253086e+001
    endloop
  endfacet
  facet normal -6.718644e-001  6.693424e-001 -3.171418e-001
    outer loop
      vertex  5.000000e+000  5.226092e-001  4.360191e+001
      vertex  5.000000e+000  1.250341e+000  4.513782e+001
      vertex  6.250000e+000  1.810676e+000  4.367231e+001
    endloop
  endfacet
  facet normal -6.657941e-001  3.577159e-001 -6.547958e-001
    outer loop
      vertex  5.000000e+000  1.250341e+000  4.513782e+001
      vertex  5.000000e+000  2.741875e+000  4.595265e+001
      vertex  6.250000e+000  2.530862e+000  4.456638e+001
    endloop
  endfacet
  facet normal -7.351866e-001  5.278994e-001 -4.252325e-001
    outer loop
      vertex  6.250000e+000  1.810676e+000  4.367231e+001
      vertex  5.000000e+000  1.250341e+000  4.513782e+001
      vertex  6.250000e+000  2.530862e+000  4.456638e+001
    endloop
  endfacet
  facet normal -6.718646e-001 -9.478151e-002 -7.345845e-001
    outer loop
      vertex  5.000000e+000  2.741875e+000  4.595265e+001
      vertex  5.000000e+000  4.427495e+000  4.573516e+001
      vertex  6.250000e+000  3.672309e+000  4.468932e+001
    endloop
  endfacet
  facet normal -7.351864e-001  7.259434e-002 -6.739666e-001
    outer loop
      vertex  6.250000e+000  2.530862e+000  4.456638e+001
      vertex  5.000000e+000  2.741875e+000  4.595265e+001
      vertex  6.250000e+000  3.672309e+000  4.468932e+001
    endloop
  endfacet
  facet normal -7.176670e-001  4.368514e-001  5.423238e-001
    outer loop
      vertex  6.250000e+000  2.482769e+001  4.181068e+001
      vertex  5.000000e+000  2.407251e+001  4.076484e+001
      vertex  6.250000e+000  2.393363e+001  4.253086e+001
    endloop
  endfacet
  facet normal -6.891518e-001  4.974346e-001  5.269048e-001
    outer loop
      vertex  5.000000e+000  2.407251e+001  4.076484e+001
      vertex  5.000000e+000  2.283665e+001  4.193158e+001
      vertex  6.250000e+000  2.393363e+001  4.253086e+001
    endloop
  endfacet
  facet normal -6.891519e-001 -7.121400e-001 -1.338888e-001
    outer loop
      vertex  5.000000e+000  2.766335e+001  4.456842e+001
      vertex  5.000000e+000  2.797739e+001  4.289809e+001
      vertex  6.250000e+000  2.656637e+001  4.396914e+001
    endloop
  endfacet
  facet normal -7.176665e-001 -6.923818e-001 -7.458010e-002
    outer loop
      vertex  5.000000e+000  2.797739e+001  4.289809e+001
      vertex  6.250000e+000  2.668933e+001  4.282769e+001
      vertex  6.250000e+000  2.656637e+001  4.396914e+001
    endloop
  endfacet
  facet normal -6.718641e-001 -6.693428e-001  3.171419e-001
    outer loop
      vertex  5.000000e+000  2.797739e+001  4.289809e+001
      vertex  5.000000e+000  2.724966e+001  4.136218e+001
      vertex  6.250000e+000  2.668933e+001  4.282769e+001
    endloop
  endfacet
  facet normal -6.657940e-001 -3.577160e-001  6.547959e-001
    outer loop
      vertex  5.000000e+000  2.724966e+001  4.136218e+001
      vertex  5.000000e+000  2.575813e+001  4.054735e+001
      vertex  6.250000e+000  2.596914e+001  4.193362e+001
    endloop
  endfacet
  facet normal -7.351865e-001 -5.278997e-001  4.252328e-001
    outer loop
      vertex  6.250000e+000  2.668933e+001  4.282769e+001
      vertex  5.000000e+000  2.724966e+001  4.136218e+001
      vertex  6.250000e+000  2.596914e+001  4.193362e+001
    endloop
  endfacet
  facet normal -6.718646e-001  9.478156e-002  7.345846e-001
    outer loop
      vertex  5.000000e+000  2.575813e+001  4.054735e+001
      vertex  5.000000e+000  2.407251e+001  4.076484e+001
      vertex  6.250000e+000  2.482769e+001  4.181068e+001
    endloop
  endfacet
  facet normal -7.351865e-001 -7.259426e-002  6.739667e-001
    outer loop
      vertex  6.250000e+000  2.596914e+001  4.193362e+001
      vertex  5.000000e+000  2.575813e+001  4.054735e+001
      vertex  6.250000e+000  2.482769e+001  4.181068e+001
    endloop
  endfacet
  facet normal -7.176670e-001 -4.368514e-001 -5.423238e-001
    outer loop
      vertex  6.250000e+000  2.567231e+001  4.468932e+001
      vertex  5.000000e+000  2.642749e+001  4.573516e+001
      vertex  6.250000e+000  2.656637e+001  4.396914e+001
    endloop
  endfacet
  facet normal -6.891518e-001 -4.974346e-001 -5.269048e-001
    outer loop
      vertex  5.000000e+000  2.642749e+001  4.573516e+001
      vertex  5.000000e+000  2.766335e+001  4.456842e+001
      vertex  6.250000e+000  2.656637e+001  4.396914e+001
    endloop
  endfacet
  facet normal -6.891519e-001  7.121400e-001  1.338888e-001
    outer loop
      vertex  5.000000e+000  2.283665e+001  4.193158e+001
      vertex  5.000000e+000  2.252261e+001  4.360191e+001
      vertex  6.250000e+000  2.393363e+001  4.253086e+001
    endloop
  endfacet
  facet normal -7.176665e-001  6.923818e-001  7.458010e-002
    outer loop
      vertex  5.000000e+000  2.252261e+001  4.360191e+001
      vertex  6.250000e+000  2.381067e+001  4.367231e+001
      vertex  6.250000e+000  2.393363e+001  4.253086e+001
    endloop
  endfacet
  facet normal -6.718641e-001  6.693428e-001 -3.171419e-001
    outer loop
      vertex  5.000000e+000  2.252261e+001  4.360191e+001
      vertex  5.000000e+000  2.325034e+001  4.513782e+001
      vertex  6.250000e+000  2.381067e+001  4.367231e+001
    endloop
  endfacet
  facet normal -6.657940e-001  3.577160e-001 -6.547959e-001
    outer loop
      vertex  5.000000e+000  2.325034e+001  4.513782e+001
      vertex  5.000000e+000  2.474187e+001  4.595265e+001
      vertex  6.250000e+000  2.453086e+001  4.456638e+001
    endloop
  endfacet
  facet normal -7.351865e-001  5.278997e-001 -4.252328e-001
    outer loop
      vertex  6.250000e+000  2.381067e+001  4.367231e+001
      vertex  5.000000e+000  2.325034e+001  4.513782e+001
      vertex  6.250000e+000  2.453086e+001  4.456638e+001
    endloop
  endfacet
  facet normal -6.718646e-001 -9.478156e-002 -7.345846e-001
    outer loop
      vertex  5.000000e+000  2.474187e+001  4.595265e+001
      vertex  5.000000e+000  2.642749e+001  4.573516e+001
      vertex  6.250000e+000  2.567231e+001  4.468932e+001
    endloop
  endfacet
  facet normal -7.351865e-001  7.259426e-002 -6.739667e-001
    outer loop
      vertex  6.250000e+000  2.453086e+001  4.456638e+001
      vertex  5.000000e+000  2.474187e+001  4.595265e+001
      vertex  6.250000e+000  2.567231e+001  4.468932e+001
    endloop
  endfacet
  facet normal -7.176669e-001  4.368519e-001  5.423234e-001
    outer loop
      vertex  6.250000e+000  2.827691e+000  1.810676e+000
      vertex  5.000000e+000  2.072505e+000  7.648429e-001
      vertex  6.250000e+000  1.933626e+000  2.530862e+000
    endloop
  endfacet
  facet normal -6.891518e-001  4.974351e-001  5.269043e-001
    outer loop
      vertex  5.000000e+000  2.072505e+000  7.648429e-001
      vertex  5.000000e+000  8.366479e-001  1.931580e+000
      vertex  6.250000e+000  1.933626e+000  2.530862e+000
    endloop
  endfacet
  facet normal -6.891517e-001 -7.121400e-001 -1.338895e-001
    outer loop
      vertex  5.000000e+000  5.663352e+000  4.568420e+000
      vertex  5.000000e+000  5.977391e+000  2.898092e+000
      vertex  6.250000e+000  4.566374e+000  3.969138e+000
    endloop
  endfacet
  facet normal -7.176669e-001 -6.923814e-001 -7.457957e-002
    outer loop
      vertex  5.000000e+000  5.977391e+000  2.898092e+000
      vertex  6.250000e+000  4.689324e+000  2.827691e+000
      vertex  6.250000e+000  4.566374e+000  3.969138e+000
    endloop
  endfacet
  facet normal -6.718643e-001 -6.693425e-001  3.171418e-001
    outer loop
      vertex  5.000000e+000  5.977391e+000  2.898092e+000
      vertex  5.000000e+000  5.249659e+000  1.362180e+000
      vertex  6.250000e+000  4.689324e+000  2.827691e+000
    endloop
  endfacet
  facet normal -6.657946e-001 -3.577163e-001  6.547952e-001
    outer loop
      vertex  5.000000e+000  5.249659e+000  1.362180e+000
      vertex  5.000000e+000  3.758125e+000  5.473515e-001
      vertex  6.250000e+000  3.969138e+000  1.933626e+000
    endloop
  endfacet
  facet normal -7.351867e-001 -5.278991e-001  4.252328e-001
    outer loop
      vertex  6.250000e+000  4.689324e+000  2.827691e+000
      vertex  5.000000e+000  5.249659e+000  1.362180e+000
      vertex  6.250000e+000  3.969138e+000  1.933626e+000
    endloop
  endfacet
  facet normal -6.718643e-001  9.478163e-002  7.345847e-001
    outer loop
      vertex  5.000000e+000  3.758125e+000  5.473515e-001
      vertex  5.000000e+000  2.072505e+000  7.648429e-001
      vertex  6.250000e+000  2.827691e+000  1.810676e+000
    endloop
  endfacet
  facet normal -7.351866e-001 -7.259596e-002  6.739661e-001
    outer loop
      vertex  6.250000e+000  3.969138e+000  1.933626e+000
      vertex  5.000000e+000  3.758125e+000  5.473515e-001
      vertex  6.250000e+000  2.827691e+000  1.810676e+000
    endloop
  endfacet
  facet normal -7.176669e-001 -4.368519e-001 -5.423234e-001
    outer loop
      vertex  6.250000e+000  3.672309e+000  4.689324e+000
      vertex  5.000000e+000  4.427495e+000  5.735157e+000
      vertex  6.250000e+000  4.566374e+000  3.969138e+000
    endloop
  endfacet
  facet normal -6.891518e-001 -4.974351e-001 -5.269044e-001
    outer loop
      vertex  5.000000e+000  4.427495e+000  5.735157e+000
      vertex  5.000000e+000  5.663352e+000  4.568420e+000
      vertex  6.250000e+000  4.566374e+000  3.969138e+000
    endloop
  endfacet
  facet normal -6.891518e-001  7.121400e-001  1.338895e-001
    outer loop
      vertex  5.000000e+000  8.366479e-001  1.931580e+000
      vertex  5.000000e+000  5.226092e-001  3.601908e+000
      vertex  6.250000e+000  1.933626e+000  2.530862e+000
    endloop
  endfacet
  facet normal -7.176669e-001  6.923814e-001  7.457964e-002
    outer loop
      vertex  5.000000e+000  5.226092e-001  3.601908e+000
      vertex  6.250000e+000  1.810676e+000  3.672309e+000
      vertex  6.250000e+000  1.933626e+000  2.530862e+000
    endloop
  endfacet
  facet normal -6.718643e-001  6.693425e-001 -3.171419e-001
    outer loop
      vertex  5.000000e+000  5.226092e-001  3.601908e+000
      vertex  5.000000e+000  1.250341e+000  5.137820e+000
      vertex  6.250000e+000  1.810676e+000  3.672309e+000
    endloop
  endfacet
  facet normal -6.657946e-001  3.577164e-001 -6.547951e-001
    outer loop
      vertex  5.000000e+000  1.250341e+000  5.137820e+000
      vertex  5.000000e+000  2.741875e+000  5.952649e+000
      vertex  6.250000e+000  2.530862e+000  4.566374e+000
    endloop
  endfacet
  facet normal -7.351866e-001  5.278991e-001 -4.252329e-001
    outer loop
      vertex  6.250000e+000  1.810676e+000  3.672309e+000
      vertex  5.000000e+000  1.250341e+000  5.137820e+000
      vertex  6.250000e+000  2.530862e+000  4.566374e+000
    endloop
  endfacet
  facet normal -6.718644e-001 -9.478174e-002 -7.345847e-001
    outer loop
      vertex  5.000000e+000  2.741875e+000  5.952649e+000
      vertex  5.000000e+000  4.427495e+000  5.735157e+000
      vertex  6.250000e+000  3.672309e+000  4.689324e+000
    endloop
  endfacet
  facet normal -7.351868e-001  7.259596e-002 -6.739661e-001
    outer loop
      vertex  6.250000e+000  2.530862e+000  4.566374e+000
      vertex  5.000000e+000  2.741875e+000  5.952649e+000
      vertex  6.250000e+000  3.672309e+000  4.689324e+000
    endloop
  endfacet
  facet normal  1.000000e+000  0.000000e+000  0.000000e+000
    outer loop
      vertex  7.800000e+000  2.850000e+001  0.000000e+000
      vertex  7.800000e+000  2.850000e+001  6.500000e+000
      vertex  7.800000e+000  2.656637e+001  3.969138e+000
    endloop
  endfacet
  facet normal  1.000000e+000  0.000000e+000  0.000000e+000
    outer loop
      vertex  7.800000e+000  2.850000e+001  0.000000e+000
      vertex  7.800000e+000  2.656637e+001  3.969138e+000
      vertex  7.800000e+000  2.668933e+001  2.827691e+000
    endloop
  endfacet
  facet normal  1.000000e+000  0.000000e+000  0.000000e+000
    outer loop
      vertex  7.800000e+000  2.850000e+001  0.000000e+000
      vertex  7.800000e+000  2.668933e+001  2.827691e+000
      vertex  7.800000e+000  2.596914e+001  1.933626e+000
    endloop
  endfacet
  facet normal  1.000000e+000  0.000000e+000  0.000000e+000
    outer loop
      vertex  7.800000e+000  2.850000e+001  0.000000e+000
      vertex  7.800000e+000  2.596914e+001  1.933626e+000
      vertex  7.800000e+000  2.482769e+001  1.810676e+000
    endloop
  endfacet
  facet normal  9.999999e-001  0.000000e+000  0.000000e+000
    outer loop
      vertex  7.800000e+000  2.850000e+001  0.000000e+000
      vertex  7.800000e+000  2.482769e+001  1.810676e+000
      vertex  7.800000e+000  2.200000e+001  0.000000e+000
    endloop
  endfacet
  facet normal  1.000000e+000  0.000000e+000  0.000000e+000
    outer loop
      vertex  7.800000e+000  2.656637e+001  3.969138e+000
      vertex  7.800000e+000  2.850000e+001  6.500000e+000
      vertex  7.800000e+000  2.567231e+001  4.689324e+000
    endloop
  endfacet
  facet normal  9.999999e-001  0.000000e+000  -0.000000e+000
    outer loop
      vertex  7.800000e+000  2.567231e+001  4.689324e+000
      vertex  7.800000e+000  2.850000e+001  6.500000e+000
      vertex  7.800000e+000  2.525000e+001  6.500000e+000
    endloop
  endfacet
  facet normal  1.000000e+000  0.000000e+000  0.000000e+000
    outer loop
      vertex  7.800000e+000  2.567231e+001  4.689324e+000
      vertex  7.800000e+000  2.525000e+001  6.500000e+000
      vertex  7.800000e+000  2.453086e+001  4.566374e+000
    endloop
  endfacet
  facet normal  1.000000e+000  0.000000e+000  -0.000000e+000
    outer loop
      vertex  7.800000e+000  2.453086e+001  4.566374e+000
      vertex  7.800000e+000  2.525000e+001  6.500000e+000
      vertex  7.800000e+000  2.362500e+001  6.064582e+000
    endloop
  endfacet
  facet normal  1.000000e+000  0.000000e+000  0.000000e+000
    outer loop
      vertex  7.800000e+000  2.453086e+001  4.566374e+000
      vertex  7.800000e+000  2.362500e+001  6.064582e+000
      vertex  7.800000e+000  2.243542e+001  4.875000e+000
    endloop
  endfacet
  facet normal  1.000000e+000  0.000000e+000  0.000000e+000
    outer loop
      vertex  7.800000e+000  2.453086e+001  4.566374e+000
      vertex  7.800000e+000  2.243542e+001  4.875000e+000
      vertex  7.800000e+000  2.381067e+001  3.672309e+000
    endloop
  endfacet
  facet normal  1.000000e+000  0.000000e+000  0.000000e+000
    outer loop
      vertex  7.800000e+000  2.381067e+001  3.672309e+000
      vertex  7.800000e+000  2.243542e+001  4.875000e+000
      vertex  7.800000e+000  2.200000e+001  3.250000e+000
    endloop
  endfacet
  facet normal  1.000000e+000  -0.000000e+000  0.000000e+000
    outer loop
      vertex  7.800000e+000  2.381067e+001  3.672309e+000
      vertex  7.800000e+000  2.200000e+001  3.250000e+000
      vertex  7.800000e+000  2.393363e+001  2.530862e+000
    endloop
  endfacet
  facet normal  1.000000e+000  0.000000e+000  0.000000e+000
    outer loop
      vertex  7.800000e+000  2.393363e+001  2.530862e+000
      vertex  7.800000e+000  2.200000e+001  3.250000e+000
      vertex  7.800000e+000  2.200000e+001  0.000000e+000
    endloop
  endfacet
  facet normal  9.999999e-001  0.000000e+000  0.000000e+000
    outer loop
      vertex  7.800000e+000  2.393363e+001  2.530862e+000
      vertex  7.800000e+000  2.200000e+001  0.000000e+000
      vertex  7.800000e+000  2.482769e+001  1.810676e+000
    endloop
  endfacet
  facet normal  0.000000e+000  7.787677e-001 -6.273125e-001
    outer loop
      vertex  6.250000e+000  2.453086e+001  4.566374e+000
      vertex  7.800000e+000  2.381067e+001  3.672309e+000
      vertex  6.250000e+000  2.381067e+001  3.672309e+000
    endloop
  endfacet
  facet normal  -0.000000e+000  9.942487e-001  1.070959e-001
    outer loop
      vertex  6.250000e+000  2.381067e+001  3.672309e+000
      vertex  7.800000e+000  2.381067e+001  3.672309e+000
      vertex  7.800000e+000  2.393363e+001  2.530862e+000
    endloop
  endfacet
  facet normal  0.000000e+000  9.942487e-001  1.070959e-001
    outer loop
      vertex  6.250000e+000  2.381067e+001  3.672309e+000
      vertex  7.800000e+000  2.393363e+001  2.530862e+000
      vertex  6.250000e+000  2.393363e+001  2.530862e+000
    endloop
  endfacet
  facet normal  0.000000e+000  7.787677e-001 -6.273125e-001
    outer loop
      vertex  7.800000e+000  2.381067e+001  3.672309e+000
      vertex  6.250000e+000  2.453086e+001  4.566374e+000
      vertex  7.800000e+000  2.453086e+001  4.566374e+000
    endloop
  endfacet
  facet normal  0.000000e+000  1.070950e-001 -9.942487e-001
    outer loop
      vertex  7.800000e+000  2.453086e+001  4.566374e+000
      vertex  6.250000e+000  2.453086e+001  4.566374e+000
      vertex  6.250000e+000  2.567231e+001  4.689324e+000
    endloop
  endfacet
  facet normal  0.000000e+000  1.070950e-001 -9.942487e-001
    outer loop
      vertex  7.800000e+000  2.453086e+001  4.566374e+000
      vertex  6.250000e+000  2.567231e+001  4.689324e+000
      vertex  7.800000e+000  2.567231e+001  4.689324e+000
    endloop
  endfacet
  facet normal  -0.000000e+000 -6.273125e-001 -7.787676e-001
    outer loop
      vertex  7.800000e+000  2.567231e+001  4.689324e+000
      vertex  6.250000e+000  2.567231e+001  4.689324e+000
      vertex  6.250000e+000  2.656637e+001  3.969138e+000
    endloop
  endfacet
  facet normal  0.000000e+000 -6.273125e-001 -7.787676e-001
    outer loop
      vertex  7.800000e+000  2.567231e+001  4.689324e+000
      vertex  6.250000e+000  2.656637e+001  3.969138e+000
      vertex  7.800000e+000  2.656637e+001  3.969138e+000
    endloop
  endfacet
  facet normal  0.000000e+000 -7.787677e-001  6.273125e-001
    outer loop
      vertex  6.250000e+000  2.596914e+001  1.933626e+000
      vertex  7.800000e+000  2.668933e+001  2.827691e+000
      vertex  6.250000e+000  2.668933e+001  2.827691e+000
    endloop
  endfacet
  facet normal  0.000000e+000 -9.942487e-001 -1.070959e-001
    outer loop
      vertex  6.250000e+000  2.668933e+001  2.827691e+000
      vertex  7.800000e+000  2.668933e+001  2.827691e+000
      vertex  7.800000e+000  2.656637e+001  3.969138e+000
    endloop
  endfacet
  facet normal  -0.000000e+000 -9.942487e-001 -1.070959e-001
    outer loop
      vertex  6.250000e+000  2.668933e+001  2.827691e+000
      vertex  7.800000e+000  2.656637e+001  3.969138e+000
      vertex  6.250000e+000  2.656637e+001  3.969138e+000
    endloop
  endfacet
  facet normal  0.000000e+000 -7.787677e-001  6.273125e-001
    outer loop
      vertex  7.800000e+000  2.668933e+001  2.827691e+000
      vertex  6.250000e+000  2.596914e+001  1.933626e+000
      vertex  7.800000e+000  2.596914e+001  1.933626e+000
    endloop
  endfacet
  facet normal  0.000000e+000 -1.070951e-001  9.942487e-001
    outer loop
      vertex  7.800000e+000  2.596914e+001  1.933626e+000
      vertex  6.250000e+000  2.596914e+001  1.933626e+000
      vertex  6.250000e+000  2.482769e+001  1.810676e+000
    endloop
  endfacet
  facet normal  0.000000e+000 -1.070951e-001  9.942487e-001
    outer loop
      vertex  7.800000e+000  2.596914e+001  1.933626e+000
      vertex  6.250000e+000  2.482769e+001  1.810676e+000
      vertex  7.800000e+000  2.482769e+001  1.810676e+000
    endloop
  endfacet
  facet normal  0.000000e+000  6.273126e-001  7.787675e-001
    outer loop
      vertex  7.800000e+000  2.482769e+001  1.810676e+000
      vertex  6.250000e+000  2.482769e+001  1.810676e+000
      vertex  6.250000e+000  2.393363e+001  2.530862e+000
    endloop
  endfacet
  facet normal  -0.000000e+000  6.273126e-001  7.787675e-001
    outer loop
      vertex  7.800000e+000  2.482769e+001  1.810676e+000
      vertex  6.250000e+000  2.393363e+001  2.530862e+000
      vertex  7.800000e+000  2.393363e+001  2.530862e+000
    endloop
  endfacet
  facet normal  0.000000e+000  9.036934e-001 -4.281799e-001
    outer loop
      vertex  0.000000e+000  2.325034e+001  5.137820e+000
      vertex  5.000000e+000  2.252261e+001  3.601908e+000
      vertex  0.000000e+000  2.252261e+001  3.601908e+000
    endloop
  endfacet
  facet normal  -0.000000e+000  9.827814e-001  1.847721e-001
    outer loop
      vertex  0.000000e+000  2.252261e+001  3.601908e+000
      vertex  5.000000e+000  2.252261e+001  3.601908e+000
      vertex  5.000000e+000  2.283665e+001  1.931580e+000
    endloop
  endfacet
  facet normal  0.000000e+000  9.827814e-001  1.847721e-001
    outer loop
      vertex  0.000000e+000  2.252261e+001  3.601908e+000
      vertex  5.000000e+000  2.283665e+001  1.931580e+000
      vertex -8.326673e-017  2.283665e+001  1.931580e+000
    endloop
  endfacet
  facet normal  0.000000e+000  9.036934e-001 -4.281799e-001
    outer loop
      vertex  5.000000e+000  2.252261e+001  3.601908e+000
      vertex  0.000000e+000  2.325034e+001  5.137820e+000
      vertex  5.000000e+000  2.325034e+001  5.137820e+000
    endloop
  endfacet
  facet normal  0.000000e+000  4.794258e-001 -8.775824e-001
    outer loop
      vertex  5.000000e+000  2.325034e+001  5.137820e+000
      vertex  0.000000e+000  2.325034e+001  5.137820e+000
      vertex  0.000000e+000  2.474187e+001  5.952649e+000
    endloop
  endfacet
  facet normal  0.000000e+000  4.794258e-001 -8.775824e-001
    outer loop
      vertex  5.000000e+000  2.325034e+001  5.137820e+000
      vertex  0.000000e+000  2.474187e+001  5.952649e+000
      vertex  5.000000e+000  2.474187e+001  5.952649e+000
    endloop
  endfacet
  facet normal  -0.000000e+000 -1.279669e-001 -9.917785e-001
    outer loop
      vertex  5.000000e+000  2.474187e+001  5.952649e+000
      vertex  0.000000e+000  2.474187e+001  5.952649e+000
      vertex  0.000000e+000  2.642749e+001  5.735157e+000
    endloop
  endfacet
  facet normal  0.000000e+000 -1.279669e-001 -9.917785e-001
    outer loop
      vertex  5.000000e+000  2.474187e+001  5.952649e+000
      vertex  0.000000e+000  2.642749e+001  5.735157e+000
      vertex  5.000000e+000  2.642749e+001  5.735157e+000
    endloop
  endfacet
  facet normal  -0.000000e+000 -6.864794e-001 -7.271492e-001
    outer loop
      vertex  5.000000e+000  2.642749e+001  5.735157e+000
      vertex  0.000000e+000  2.642749e+001  5.735157e+000
      vertex -8.326673e-017  2.766335e+001  4.568420e+000
    endloop
  endfacet
  facet normal  0.000000e+000 -6.864794e-001 -7.271492e-001
    outer loop
      vertex  5.000000e+000  2.642749e+001  5.735157e+000
      vertex -8.326673e-017  2.766335e+001  4.568420e+000
      vertex  5.000000e+000  2.766335e+001  4.568420e+000
    endloop
  endfacet
  facet normal  0.000000e+000 -9.036935e-001  4.281799e-001
    outer loop
      vertex  0.000000e+000  2.724966e+001  1.362180e+000
      vertex  5.000000e+000  2.797739e+001  2.898092e+000
      vertex  0.000000e+000  2.797739e+001  2.898092e+000
    endloop
  endfacet
  facet normal  0.000000e+000 -9.827814e-001 -1.847720e-001
    outer loop
      vertex  0.000000e+000  2.797739e+001  2.898092e+000
      vertex  5.000000e+000  2.797739e+001  2.898092e+000
      vertex  5.000000e+000  2.766335e+001  4.568420e+000
    endloop
  endfacet
  facet normal  -0.000000e+000 -9.827814e-001 -1.847720e-001
    outer loop
      vertex  0.000000e+000  2.797739e+001  2.898092e+000
      vertex  5.000000e+000  2.766335e+001  4.568420e+000
      vertex -8.326673e-017  2.766335e+001  4.568420e+000
    endloop
  endfacet
  facet normal  0.000000e+000 -9.036935e-001  4.281799e-001
    outer loop
      vertex  5.000000e+000  2.797739e+001  2.898092e+000
      vertex  0.000000e+000  2.724966e+001  1.362180e+000
      vertex  5.000000e+000  2.724966e+001  1.362180e+000
    endloop
  endfacet
  facet normal  0.000000e+000 -4.794257e-001  8.775826e-001
    outer loop
      vertex  5.000000e+000  2.724966e+001  1.362180e+000
      vertex  0.000000e+000  2.724966e+001  1.362180e+000
      vertex  0.000000e+000  2.575813e+001  5.473515e-001
    endloop
  endfacet
  facet normal  0.000000e+000 -4.794257e-001  8.775826e-001
    outer loop
      vertex  5.000000e+000  2.724966e+001  1.362180e+000
      vertex  0.000000e+000  2.575813e+001  5.473515e-001
      vertex  5.000000e+000  2.575813e+001  5.473515e-001
    endloop
  endfacet
  facet normal  0.000000e+000  1.279667e-001  9.917785e-001
    outer loop
      vertex  5.000000e+000  2.575813e+001  5.473515e-001
      vertex  0.000000e+000  2.575813e+001  5.473515e-001
      vertex  0.000000e+000  2.407251e+001  7.648429e-001
    endloop
  endfacet
  facet normal  -0.000000e+000  1.279667e-001  9.917785e-001
    outer loop
      vertex  5.000000e+000  2.575813e+001  5.473515e-001
      vertex  0.000000e+000  2.407251e+001  7.648429e-001
      vertex  5.000000e+000  2.407251e+001  7.648429e-001
    endloop
  endfacet
  facet normal  0.000000e+000  6.864794e-001  7.271491e-001
    outer loop
      vertex  5.000000e+000  2.407251e+001  7.648429e-001
      vertex  0.000000e+000  2.407251e+001  7.648429e-001
      vertex -8.326673e-017  2.283665e+001  1.931580e+000
    endloop
  endfacet
  facet normal  -0.000000e+000  6.864794e-001  7.271491e-001
    outer loop
      vertex  5.000000e+000  2.407251e+001  7.648429e-001
      vertex -8.326673e-017  2.283665e+001  1.931580e+000
      vertex  5.000000e+000  2.283665e+001  1.931580e+000
    endloop
  endfacet
  facet normal -7.176667e-001  4.368522e-001  5.423234e-001
    outer loop
      vertex  6.250000e+000  2.482769e+001  1.810676e+000
      vertex  5.000000e+000  2.407251e+001  7.648429e-001
      vertex  6.250000e+000  2.393363e+001  2.530862e+000
    endloop
  endfacet
  facet normal -6.891519e-001  4.974347e-001  5.269046e-001
    outer loop
      vertex  5.000000e+000  2.407251e+001  7.648429e-001
      vertex  5.000000e+000  2.283665e+001  1.931580e+000
      vertex  6.250000e+000  2.393363e+001  2.530862e+000
    endloop
  endfacet
  facet normal -6.891519e-001 -7.121400e-001 -1.338889e-001
    outer loop
      vertex  5.000000e+000  2.766335e+001  4.568420e+000
      vertex  5.000000e+000  2.797739e+001  2.898092e+000
      vertex  6.250000e+000  2.656637e+001  3.969138e+000
    endloop
  endfacet
  facet normal -7.176666e-001 -6.923818e-001 -7.458019e-002
    outer loop
      vertex  5.000000e+000  2.797739e+001  2.898092e+000
      vertex  6.250000e+000  2.668933e+001  2.827691e+000
      vertex  6.250000e+000  2.656637e+001  3.969138e+000
    endloop
  endfacet
  facet normal -6.718640e-001 -6.693429e-001  3.171420e-001
    outer loop
      vertex  5.000000e+000  2.797739e+001  2.898092e+000
      vertex  5.000000e+000  2.724966e+001  1.362180e+000
      vertex  6.250000e+000  2.668933e+001  2.827691e+000
    endloop
  endfacet
  facet normal -6.657944e-001 -3.577164e-001  6.547953e-001
    outer loop
      vertex  5.000000e+000  2.724966e+001  1.362180e+000
      vertex  5.000000e+000  2.575813e+001  5.473515e-001
      vertex  6.250000e+000  2.596914e+001  1.933626e+000
    endloop
  endfacet
  facet normal -7.351865e-001 -5.278993e-001  4.252331e-001
    outer loop
      vertex  6.250000e+000  2.668933e+001  2.827691e+000
      vertex  5.000000e+000  2.724966e+001  1.362180e+000
      vertex  6.250000e+000  2.596914e+001  1.933626e+000
    endloop
  endfacet
  facet normal -6.718643e-001  9.478169e-002  7.345849e-001
    outer loop
      vertex  5.000000e+000  2.575813e+001  5.473515e-001
      vertex  5.000000e+000  2.407251e+001  7.648429e-001
      vertex  6.250000e+000  2.482769e+001  1.810676e+000
    endloop
  endfacet
  facet normal -7.351867e-001 -7.259589e-002  6.739661e-001
    outer loop
      vertex  6.250000e+000  2.596914e+001  1.933626e+000
      vertex  5.000000e+000  2.575813e+001  5.473515e-001
      vertex  6.250000e+000  2.482769e+001  1.810676e+000
    endloop
  endfacet
  facet normal -7.176666e-001 -4.368522e-001 -5.423234e-001
    outer loop
      vertex  6.250000e+000  2.567231e+001  4.689324e+000
      vertex  5.000000e+000  2.642749e+001  5.735157e+000
      vertex  6.250000e+000  2.656637e+001  3.969138e+000
    endloop
  endfacet
  facet normal -6.891519e-001 -4.974346e-001 -5.269047e-001
    outer loop
      vertex  5.000000e+000  2.642749e+001  5.735157e+000
      vertex  5.000000e+000  2.766335e+001  4.568420e+000
      vertex  6.250000e+000  2.656637e+001  3.969138e+000
    endloop
  endfacet
  facet normal -6.891519e-001  7.121400e-001  1.338889e-001
    outer loop
      vertex  5.000000e+000  2.283665e+001  1.931580e+000
      vertex  5.000000e+000  2.252261e+001  3.601908e+000
      vertex  6.250000e+000  2.393363e+001  2.530862e+000
    endloop
  endfacet
  facet normal -7.176666e-001  6.923818e-001  7.458019e-002
    outer loop
      vertex  5.000000e+000  2.252261e+001  3.601908e+000
      vertex  6.250000e+000  2.381067e+001  3.672309e+000
      vertex  6.250000e+000  2.393363e+001  2.530862e+000
    endloop
  endfacet
  facet normal -6.718640e-001  6.693428e-001 -3.171420e-001
    outer loop
      vertex  5.000000e+000  2.252261e+001  3.601908e+000
      vertex  5.000000e+000  2.325034e+001  5.137820e+000
      vertex  6.250000e+000  2.381067e+001  3.672309e+000
    endloop
  endfacet
  facet normal -6.657944e-001  3.577165e-001 -6.547952e-001
    outer loop
      vertex  5.000000e+000  2.325034e+001  5.137820e+000
      vertex  5.000000e+000  2.474187e+001  5.952649e+000
      vertex  6.250000e+000  2.453086e+001  4.566374e+000
    endloop
  endfacet
  facet normal -7.351865e-001  5.278993e-001 -4.252332e-001
    outer loop
      vertex  6.250000e+000  2.381067e+001  3.672309e+000
      vertex  5.000000e+000  2.325034e+001  5.137820e+000
      vertex  6.250000e+000  2.453086e+001  4.566374e+000
    endloop
  endfacet
  facet normal -6.718643e-001 -9.478180e-002 -7.345848e-001
    outer loop
      vertex  5.000000e+000  2.474187e+001  5.952649e+000
      vertex  5.000000e+000  2.642749e+001  5.735157e+000
      vertex  6.250000e+000  2.567231e+001  4.689324e+000
    endloop
  endfacet
  facet normal -7.351868e-001  7.259589e-002 -6.739661e-001
    outer loop
      vertex  6.250000e+000  2.453086e+001  4.566374e+000
      vertex  5.000000e+000  2.474187e+001  5.952649e+000
      vertex  6.250000e+000  2.567231e+001  4.689324e+000
    endloop
  endfacet
  facet normal  0.000000e+000 -9.835446e-001 -1.806653e-001
    outer loop
      vertex  7.800000e+000  2.200000e+001  4.325000e+001
      vertex  5.000000e+000  2.200000e+001  4.325000e+001
      vertex  7.800000e+000  2.221216e+001  4.209500e+001
    endloop
  endfacet
  facet normal  -0.000000e+000 -9.835446e-001 -1.806653e-001
    outer loop
      vertex  7.800000e+000  2.221216e+001  4.209500e+001
      vertex  5.000000e+000  2.200000e+001  4.325000e+001
      vertex  5.000000e+000  2.221216e+001  4.209500e+001
    endloop
  endfacet
  facet normal  0.000000e+000 -3.318509e-001 -9.433318e-001
    outer loop
      vertex  7.800000e+000  2.321520e+001  4.071581e+001
      vertex  5.000000e+000  2.321520e+001  4.071581e+001
      vertex  7.800000e+000  2.525000e+001  4.000000e+001
    endloop
  endfacet
  facet normal  -0.000000e+000 -3.318509e-001 -9.433318e-001
    outer loop
      vertex  7.800000e+000  2.525000e+001  4.000000e+001
      vertex  5.000000e+000  2.321520e+001  4.071581e+001
      vertex  5.000000e+000  2.525000e+001  4.000000e+001
    endloop
  endfacet
  facet normal  0.000000e+000  3.318510e-001 -9.433318e-001
    outer loop
      vertex  7.800000e+000  3.250000e+000  4.000000e+001
      vertex  5.000000e+000  3.250000e+000  4.000000e+001
      vertex  7.800000e+000  5.284795e+000  4.071581e+001
    endloop
  endfacet
  facet normal  0.000000e+000  3.318510e-001 -9.433318e-001
    outer loop
      vertex  7.800000e+000  5.284795e+000  4.071581e+001
      vertex  5.000000e+000  3.250000e+000  4.000000e+001
      vertex  5.000000e+000  5.284795e+000  4.071581e+001
    endloop
  endfacet
  facet normal  0.000000e+000  9.835446e-001 -1.806653e-001
    outer loop
      vertex  7.800000e+000  6.287840e+000  4.209500e+001
      vertex  5.000000e+000  6.287840e+000  4.209500e+001
      vertex  7.800000e+000  6.500000e+000  4.325000e+001
    endloop
  endfacet
  facet normal  0.000000e+000  9.835446e-001 -1.806653e-001
    outer loop
      vertex  7.800000e+000  6.500000e+000  4.325000e+001
      vertex  5.000000e+000  6.287840e+000  4.209500e+001
      vertex  5.000000e+000  6.500000e+000  4.325000e+001
    endloop
  endfacet
  facet normal  0.000000e+000 -7.506638e-001  6.606845e-001
    outer loop
      vertex  0.000000e+000  2.080759e+001  2.704951e+001
      vertex  5.000000e+000  2.321685e+001  2.978689e+001
      vertex  0.000000e+000  2.321685e+001  2.978689e+001
    endloop
  endfacet
  facet normal  0.000000e+000 -9.313604e-001  3.640987e-001
    outer loop
      vertex  0.000000e+000  2.321685e+001  2.978689e+001
      vertex  5.000000e+000  2.321685e+001  2.978689e+001
      vertex  5.000000e+000  2.454458e+001  3.318320e+001
    endloop
  endfacet
  facet normal  0.000000e+000 -9.313604e-001  3.640987e-001
    outer loop
      vertex  0.000000e+000  2.321685e+001  2.978689e+001
      vertex  5.000000e+000  2.454458e+001  3.318320e+001
      vertex  0.000000e+000  2.454458e+001  3.318320e+001
    endloop
  endfacet
  facet normal  0.000000e+000 -9.997215e-001  2.359674e-002
    outer loop
      vertex  0.000000e+000  2.454458e+001  3.318320e+001
      vertex  5.000000e+000  2.454458e+001  3.318320e+001
      vertex  5.000000e+000  2.463063e+001  3.682880e+001
    endloop
  endfacet
  facet normal  0.000000e+000 -9.997215e-001  2.359674e-002
    outer loop
      vertex  0.000000e+000  2.454458e+001  3.318320e+001
      vertex  5.000000e+000  2.463063e+001  3.682880e+001
      vertex  0.000000e+000  2.463063e+001  3.682880e+001
    endloop
  endfacet
  facet normal  0.000000e+000 -9.475015e-001 -3.197513e-001
    outer loop
      vertex  0.000000e+000  2.463063e+001  3.682880e+001
      vertex  5.000000e+000  2.463063e+001  3.682880e+001
      vertex  5.000000e+000  2.346462e+001  4.028397e+001
    endloop
  endfacet
  facet normal  -0.000000e+000 -9.475015e-001 -3.197513e-001
    outer loop
      vertex  0.000000e+000  2.463063e+001  3.682880e+001
      vertex  5.000000e+000  2.346462e+001  4.028397e+001
      vertex -8.326673e-017  2.346462e+001  4.028397e+001
    endloop
  endfacet
  facet normal  0.000000e+000 -7.506638e-001  6.606845e-001
    outer loop
      vertex  5.000000e+000  2.321685e+001  2.978689e+001
      vertex  0.000000e+000  2.080759e+001  2.704951e+001
      vertex  5.000000e+000  2.080759e+001  2.704951e+001
    endloop
  endfacet
  facet normal  0.000000e+000 -4.794253e-001  8.775827e-001
    outer loop
      vertex  5.000000e+000  2.080759e+001  2.704951e+001
      vertex  0.000000e+000  2.080759e+001  2.704951e+001
      vertex  0.000000e+000  1.760739e+001  2.530124e+001
    endloop
  endfacet
  facet normal  0.000000e+000 -4.794253e-001  8.775827e-001
    outer loop
      vertex  5.000000e+000  2.080759e+001  2.704951e+001
      vertex  0.000000e+000  1.760739e+001  2.530124e+001
      vertex  5.000000e+000  1.760739e+001  2.530124e+001
    endloop
  endfacet
  facet normal  0.000000e+000 -1.503618e-001  9.886310e-001
    outer loop
      vertex  5.000000e+000  1.760739e+001  2.530124e+001
      vertex  0.000000e+000  1.760739e+001  2.530124e+001
      vertex  0.000000e+000  1.400224e+001  2.475292e+001
    endloop
  endfacet
  facet normal  0.000000e+000 -1.503618e-001  9.886310e-001
    outer loop
      vertex  5.000000e+000  1.760739e+001  2.530124e+001
      vertex  0.000000e+000  1.400224e+001  2.475292e+001
      vertex  5.000000e+000  1.400224e+001  2.475292e+001
    endloop
  endfacet
  facet normal  0.000000e+000  1.968377e-001  9.804360e-001
    outer loop
      vertex  5.000000e+000  1.400224e+001  2.475292e+001
      vertex  0.000000e+000  1.400224e+001  2.475292e+001
      vertex  0.000000e+000  1.042697e+001  2.547071e+001
    endloop
  endfacet
  facet normal  -0.000000e+000  1.968377e-001  9.804360e-001
    outer loop
      vertex  5.000000e+000  1.400224e+001  2.475292e+001
      vertex  0.000000e+000  1.042697e+001  2.547071e+001
      vertex  5.000000e+000  1.042697e+001  2.547071e+001
    endloop
  endfacet
  facet normal  0.000000e+000  5.202960e-001  8.539860e-001
    outer loop
      vertex  5.000000e+000  1.042697e+001  2.547071e+001
      vertex  0.000000e+000  1.042697e+001  2.547071e+001
      vertex  0.000000e+000  7.312811e+000  2.736803e+001
    endloop
  endfacet
  facet normal  -0.000000e+000  5.202960e-001  8.539860e-001
    outer loop
      vertex  5.000000e+000  1.042697e+001  2.547071e+001
      vertex  0.000000e+000  7.312811e+000  2.736803e+001
      vertex  5.000000e+000  7.312811e+000  2.736803e+001
    endloop
  endfacet
  facet normal  0.000000e+000  7.809989e-001  6.245325e-001
    outer loop
      vertex  5.000000e+000  7.312811e+000  2.736803e+001
      vertex  0.000000e+000  7.312811e+000  2.736803e+001
      vertex -8.326673e-017  5.035383e+000  3.021603e+001
    endloop
  endfacet
  facet normal  -0.000000e+000  7.809989e-001  6.245325e-001
    outer loop
      vertex  5.000000e+000  7.312811e+000  2.736803e+001
      vertex -8.326673e-017  5.035383e+000  3.021603e+001
      vertex  5.000000e+000  5.035383e+000  3.021603e+001
    endloop
  endfacet
  facet normal  3.160479e-002  4.791862e-001 -8.771440e-001
    outer loop
      vertex  5.000000e+000  9.065397e+000  4.438071e+001
      vertex  0.000000e+000  7.692408e+000  4.345049e+001
      vertex  0.000000e+000  1.089261e+001  4.519876e+001
    endloop
  endfacet
  facet normal -3.065105e-002  3.373619e-001 -9.408758e-001
    outer loop
      vertex  0.000000e+000  1.089261e+001  4.519876e+001
      vertex  5.000000e+000  1.245144e+001  4.559481e+001
      vertex  5.000000e+000  9.065397e+000  4.438071e+001
    endloop
  endfacet
  facet normal  3.141609e-002  1.502881e-001 -9.881429e-001
    outer loop
      vertex  5.000000e+000  1.245144e+001  4.559481e+001
      vertex  0.000000e+000  1.089261e+001  4.519876e+001
      vertex  0.000000e+000  1.449776e+001  4.574708e+001
    endloop
  endfacet
  facet normal -3.043862e-002  -0.000000e+000 -9.995367e-001
    outer loop
      vertex  0.000000e+000  1.449776e+001  4.574708e+001
      vertex  5.000000e+000  1.604856e+001  4.559481e+001
      vertex  5.000000e+000  1.245144e+001  4.559481e+001
    endloop
  endfacet
  facet normal  3.117915e-002 -1.967425e-001 -9.799592e-001
    outer loop
      vertex  5.000000e+000  1.604856e+001  4.559481e+001
      vertex  0.000000e+000  1.449776e+001  4.574708e+001
      vertex  0.000000e+000  1.807303e+001  4.502929e+001
    endloop
  endfacet
  facet normal -3.017785e-002 -3.373668e-001 -9.408894e-001
    outer loop
      vertex  0.000000e+000  1.807303e+001  4.502929e+001
      vertex  5.000000e+000  1.943460e+001  4.438071e+001
      vertex  5.000000e+000  1.604856e+001  4.559481e+001
    endloop
  endfacet
  facet normal  3.089439e-002 -5.200481e-001 -8.535780e-001
    outer loop
      vertex  5.000000e+000  1.943460e+001  4.438071e+001
      vertex  0.000000e+000  1.807303e+001  4.502929e+001
      vertex  0.000000e+000  2.118719e+001  4.313197e+001
    endloop
  endfacet
  facet normal -2.986881e-002 -6.351442e-001 -7.718158e-001
    outer loop
      vertex  5.000000e+000  2.221216e+001  4.209500e+001
      vertex  5.000000e+000  1.943460e+001  4.438071e+001
      vertex  0.000000e+000  2.118719e+001  4.313197e+001
    endloop
  endfacet
  facet normal  4.376107e-002 -8.079612e-001 -5.876085e-001
    outer loop
      vertex  5.000000e+000  2.221216e+001  4.209500e+001
      vertex  0.000000e+000  2.118719e+001  4.313197e+001
      vertex  5.000000e+000  2.321520e+001  4.071581e+001
    endloop
  endfacet
  facet normal  0.000000e+000 -8.087358e-001 -5.881720e-001
    outer loop
      vertex  5.000000e+000  2.221216e+001  4.209500e+001
      vertex  5.000000e+000  2.321520e+001  4.071581e+001
      vertex  7.800000e+000  2.321520e+001  4.071581e+001
    endloop
  endfacet
  facet normal  0.000000e+000 -8.087358e-001 -5.881720e-001
    outer loop
      vertex  5.000000e+000  2.221216e+001  4.209500e+001
      vertex  7.800000e+000  2.321520e+001  4.071581e+001
      vertex  7.800000e+000  2.221216e+001  4.209500e+001
    endloop
  endfacet
  facet normal  0.000000e+000  8.087357e-001 -5.881721e-001
    outer loop
      vertex  5.000000e+000  6.287840e+000  4.209500e+001
      vertex  7.800000e+000  6.287840e+000  4.209500e+001
      vertex  7.800000e+000  5.284795e+000  4.071581e+001
    endloop
  endfacet
  facet normal  0.000000e+000  8.087357e-001 -5.881721e-001
    outer loop
      vertex  5.000000e+000  6.287840e+000  4.209500e+001
      vertex  7.800000e+000  5.284795e+000  4.071581e+001
      vertex  5.000000e+000  5.284795e+000  4.071581e+001
    endloop
  endfacet
  facet normal  5.160538e-005  8.087358e-001 -5.881721e-001
    outer loop
      vertex  5.000000e+000  6.287840e+000  4.209500e+001
      vertex  5.000000e+000  5.284795e+000  4.071581e+001
      vertex  0.000000e+000  5.283147e+000  4.071311e+001
    endloop
  endfacet
  facet normal  3.174547e-002  7.502851e-001 -6.603518e-001
    outer loop
      vertex  5.000000e+000  6.287840e+000  4.209500e+001
      vertex  0.000000e+000  5.283147e+000  4.071311e+001
      vertex  0.000000e+000  7.692408e+000  4.345049e+001
    endloop
  endfacet
  facet normal -3.081588e-002  6.351260e-001 -7.717937e-001
    outer loop
      vertex  5.000000e+000  6.287840e+000  4.209500e+001
      vertex  0.000000e+000  7.692408e+000  4.345049e+001
      vertex  5.000000e+000  9.065397e+000  4.438071e+001
    endloop
  endfacet
  facet normal  0.000000e+000  9.475015e-001  3.197512e-001
    outer loop
      vertex  0.000000e+000  3.869374e+000  3.367120e+001
      vertex  5.000000e+000  5.035383e+000  3.021603e+001
      vertex -8.326673e-017  5.035383e+000  3.021603e+001
    endloop
  endfacet
  facet normal -3.649806e-005  9.475176e-001  3.197038e-001
    outer loop
      vertex  5.000000e+000  5.035383e+000  3.021603e+001
      vertex  0.000000e+000  3.869374e+000  3.367120e+001
      vertex  5.000000e+000  3.869215e+000  3.367225e+001
    endloop
  endfacet
  facet normal  3.666327e-005  9.997215e-001 -2.359661e-002
    outer loop
      vertex  5.000000e+000  3.869215e+000  3.367225e+001
      vertex  0.000000e+000  3.869374e+000  3.367120e+001
      vertex  0.000000e+000  3.955422e+000  3.731680e+001
    endloop
  endfacet
  facet normal -7.326944e-005  9.997180e-001 -2.374734e-002
    outer loop
      vertex  5.000000e+000  3.869215e+000  3.367225e+001
      vertex  0.000000e+000  3.955422e+000  3.731680e+001
      vertex  5.000000e+000  3.955837e+000  3.731887e+001
    endloop
  endfacet
  facet normal  7.315165e-005  9.313604e-001 -3.640985e-001
    outer loop
      vertex  5.000000e+000  3.955837e+000  3.731887e+001
      vertex  0.000000e+000  3.955422e+000  3.731680e+001
      vertex  0.000000e+000  5.283147e+000  4.071311e+001
    endloop
  endfacet
  facet normal -1.098606e-004  9.312690e-001 -3.643324e-001
    outer loop
      vertex  5.000000e+000  3.955837e+000  3.731887e+001
      vertex  0.000000e+000  5.283147e+000  4.071311e+001
      vertex  5.000000e+000  5.284795e+000  4.071581e+001
    endloop
  endfacet
  facet normal  1.089007e-001 -8.607989e-001 -4.971578e-001
    outer loop
      vertex  5.000000e+000  2.321520e+001  4.071581e+001
      vertex  0.000000e+000  2.118719e+001  4.313197e+001
      vertex  5.000000e+000  2.346462e+001  4.028397e+001
    endloop
  endfacet
  facet normal  -0.000000e+000 -7.809985e-001 -6.245331e-001
    outer loop
      vertex  5.000000e+000  2.346462e+001  4.028397e+001
      vertex  0.000000e+000  2.118719e+001  4.313197e+001
      vertex -8.326673e-017  2.346462e+001  4.028397e+001
    endloop
  endfacet
  facet normal  0.000000e+000  6.646627e-001 -7.471436e-001
    outer loop
      vertex  5.000000e+000  2.850000e+001  1.470888e+001
      vertex  0.000000e+000  2.850000e+001  1.470888e+001
      vertex  5.000000e+000  3.299200e+001  1.870499e+001
    endloop
  endfacet
  facet normal  0.000000e+000  6.646627e-001 -7.471436e-001
    outer loop
      vertex  5.000000e+000  3.299200e+001  1.870499e+001
      vertex  0.000000e+000  2.850000e+001  1.470888e+001
      vertex  0.000000e+000  3.299200e+001  1.870499e+001
    endloop
  endfacet
  facet normal  0.000000e+000  8.238186e-001 -5.668535e-001
    outer loop
      vertex  5.000000e+000  3.299200e+001  1.870499e+001
      vertex  0.000000e+000  3.299200e+001  1.870499e+001
      vertex  5.000000e+000  3.640005e+001  2.365798e+001
    endloop
  endfacet
  facet normal  0.000000e+000  8.238186e-001 -5.668535e-001
    outer loop
      vertex  5.000000e+000  3.640005e+001  2.365798e+001
      vertex  0.000000e+000  3.299200e+001  1.870499e+001
      vertex  0.000000e+000  3.640005e+001  2.365798e+001
    endloop
  endfacet
  facet normal  0.000000e+000  9.353287e-001 -3.537797e-001
    outer loop
      vertex  5.000000e+000  3.640005e+001  2.365798e+001
      vertex  0.000000e+000  3.640005e+001  2.365798e+001
      vertex  5.000000e+000  3.852706e+001  2.928139e+001
    endloop
  endfacet
  facet normal  0.000000e+000  9.353287e-001 -3.537797e-001
    outer loop
      vertex  5.000000e+000  3.852706e+001  2.928139e+001
      vertex  0.000000e+000  3.640005e+001  2.365798e+001
      vertex  0.000000e+000  3.852706e+001  2.928139e+001
    endloop
  endfacet
  facet normal  0.000000e+000  9.927443e-001 -1.202446e-001
    outer loop
      vertex  5.000000e+000  3.852706e+001  2.928139e+001
      vertex  0.000000e+000  3.852706e+001  2.928139e+001
      vertex  5.000000e+000  3.925000e+001  3.525000e+001
    endloop
  endfacet
  facet normal  0.000000e+000  9.927443e-001 -1.202446e-001
    outer loop
      vertex  5.000000e+000  3.925000e+001  3.525000e+001
      vertex  0.000000e+000  3.852706e+001  2.928139e+001
      vertex  0.000000e+000  3.925000e+001  3.525000e+001
    endloop
  endfacet
  facet normal  0.000000e+000 -9.927443e-001 -1.202446e-001
    outer loop
      vertex  5.000000e+000 -1.075000e+001  3.525000e+001
      vertex  0.000000e+000 -1.075000e+001  3.525000e+001
      vertex  5.000000e+000 -1.002706e+001  2.928139e+001
    endloop
  endfacet
  facet normal  -0.000000e+000 -9.927443e-001 -1.202446e-001
    outer loop
      vertex  5.000000e+000 -1.002706e+001  2.928139e+001
      vertex  0.000000e+000 -1.075000e+001  3.525000e+001
      vertex  0.000000e+000 -1.002706e+001  2.928139e+001
    endloop
  endfacet
  facet normal  0.000000e+000 -9.353289e-001 -3.537796e-001
    outer loop
      vertex  5.000000e+000 -1.002706e+001  2.928139e+001
      vertex  0.000000e+000 -1.002706e+001  2.928139e+001
      vertex  5.000000e+000 -7.900056e+000  2.365798e+001
    endloop
  endfacet
  facet normal  -0.000000e+000 -9.353289e-001 -3.537796e-001
    outer loop
      vertex  5.000000e+000 -7.900056e+000  2.365798e+001
      vertex  0.000000e+000 -1.002706e+001  2.928139e+001
      vertex  0.000000e+000 -7.900056e+000  2.365798e+001
    endloop
  endfacet
  facet normal  0.000000e+000 -8.238186e-001 -5.668536e-001
    outer loop
      vertex  5.000000e+000 -7.900056e+000  2.365798e+001
      vertex  0.000000e+000 -7.900056e+000  2.365798e+001
      vertex  5.000000e+000 -4.492001e+000  1.870499e+001
    endloop
  endfacet
  facet normal  -0.000000e+000 -8.238186e-001 -5.668536e-001
    outer loop
      vertex  5.000000e+000 -4.492001e+000  1.870499e+001
      vertex  0.000000e+000 -7.900056e+000  2.365798e+001
      vertex  0.000000e+000 -4.492001e+000  1.870499e+001
    endloop
  endfacet
  facet normal  0.000000e+000 -6.646627e-001 -7.471436e-001
    outer loop
      vertex  5.000000e+000 -4.492001e+000  1.870499e+001
      vertex  0.000000e+000 -4.492001e+000  1.870499e+001
      vertex  5.000000e+000  2.842171e-014  1.470888e+001
    endloop
  endfacet
  facet normal  3.778170e-015 -6.646627e-001 -7.471436e-001
    outer loop
      vertex  5.000000e+000  2.842171e-014  1.470888e+001
      vertex  0.000000e+000 -4.492001e+000  1.870499e+001
      vertex  0.000000e+000  0.000000e+000  1.470888e+001
    endloop
  endfacet
  facet normal  0.000000e+000  1.000000e+000  0.000000e+000
    outer loop
      vertex  0.000000e+000  2.850000e+001  1.470888e+001
      vertex  5.000000e+000  2.850000e+001  1.470888e+001
      vertex  0.000000e+000  2.850000e+001  0.000000e+000
    endloop
  endfacet
  facet normal  0.000000e+000  1.000000e+000  0.000000e+000
    outer loop
      vertex  0.000000e+000  2.850000e+001  0.000000e+000
      vertex  5.000000e+000  2.850000e+001  1.470888e+001
      vertex  5.000000e+000  2.850000e+001  6.500000e+000
    endloop
  endfacet
  facet normal  0.000000e+000  1.000000e+000  0.000000e+000
    outer loop
      vertex  0.000000e+000  2.850000e+001  0.000000e+000
      vertex  5.000000e+000  2.850000e+001  6.500000e+000
      vertex  7.800000e+000  2.850000e+001  0.000000e+000
    endloop
  endfacet
  facet normal  0.000000e+000  1.000000e+000  -0.000000e+000
    outer loop
      vertex  7.800000e+000  2.850000e+001  0.000000e+000
      vertex  5.000000e+000  2.850000e+001  6.500000e+000
      vertex  7.800000e+000  2.850000e+001  6.500000e+000
    endloop
  endfacet
  facet normal  0.000000e+000  1.000000e+000  0.000000e+000
    outer loop
      vertex  7.800000e+000  2.850000e+001  4.000000e+001
      vertex  5.000000e+000  2.850000e+001  4.000000e+001
      vertex  7.800000e+000  2.850000e+001  4.650000e+001
    endloop
  endfacet
  facet normal  0.000000e+000  1.000000e+000  0.000000e+000
    outer loop
      vertex  7.800000e+000  2.850000e+001  4.650000e+001
      vertex  5.000000e+000  2.850000e+001  4.000000e+001
      vertex  5.000000e+000  2.850000e+001  4.650000e+001
    endloop
  endfacet
  facet normal  -0.000000e+000  0.000000e+000  1.000000e+000
    outer loop
      vertex  7.800000e+000  6.500000e+000  4.650000e+001
      vertex  5.000000e+000  6.500000e+000  4.650000e+001
      vertex  7.800000e+000  0.000000e+000  4.650000e+001
    endloop
  endfacet
  facet normal  0.000000e+000  0.000000e+000  1.000000e+000
    outer loop
      vertex  7.800000e+000  0.000000e+000  4.650000e+001
      vertex  5.000000e+000  6.500000e+000  4.650000e+001
      vertex  5.000000e+000  1.421085e-014  4.650000e+001
    endloop
  endfacet
  facet normal  -0.000000e+000  0.000000e+000  1.000000e+000
    outer loop
      vertex  7.800000e+000  2.850000e+001  4.650000e+001
      vertex  5.000000e+000  2.850000e+001  4.650000e+001
      vertex  7.800000e+000  2.200000e+001  4.650000e+001
    endloop
  endfacet
  facet normal  0.000000e+000  0.000000e+000  1.000000e+000
    outer loop
      vertex  7.800000e+000  2.200000e+001  4.650000e+001
      vertex  5.000000e+000  2.850000e+001  4.650000e+001
      vertex  5.000000e+000  2.200000e+001  4.650000e+001
    endloop
  endfacet
  facet normal -5.075305e-015 -1.000000e+000  0.000000e+000
    outer loop
      vertex  7.800000e+000  0.000000e+000  4.650000e+001
      vertex  5.000000e+000  1.421085e-014  4.650000e+001
      vertex  7.800000e+000  0.000000e+000  4.000000e+001
    endloop
  endfacet
  facet normal  0.000000e+000 -1.000000e+000  2.186285e-015
    outer loop
      vertex  7.800000e+000  0.000000e+000  4.000000e+001
      vertex  5.000000e+000  1.421085e-014  4.650000e+001
      vertex  5.000000e+000  0.000000e+000  4.000000e+001
    endloop
  endfacet
  facet normal  0.000000e+000 -1.000000e+000  1.366428e-016
    outer loop
      vertex  7.800000e+000  0.000000e+000  0.000000e+000
      vertex  7.800000e+000  8.881784e-016  6.500000e+000
      vertex  0.000000e+000  0.000000e+000  0.000000e+000
    endloop
  endfacet
  facet normal  3.172066e-016 -1.000000e+000 -2.440050e-016
    outer loop
      vertex  0.000000e+000  0.000000e+000  0.000000e+000
      vertex  7.800000e+000  8.881784e-016  6.500000e+000
      vertex  5.000000e+000  0.000000e+000  6.500000e+000
    endloop
  endfacet
  facet normal  -0.000000e+000 -1.000000e+000  0.000000e+000
    outer loop
      vertex  0.000000e+000  0.000000e+000  0.000000e+000
      vertex  5.000000e+000  0.000000e+000  6.500000e+000
      vertex  0.000000e+000  0.000000e+000  1.470888e+001
    endloop
  endfacet
  facet normal  5.684342e-015 -1.000000e+000  3.462312e-015
    outer loop
      vertex  0.000000e+000  0.000000e+000  1.470888e+001
      vertex  5.000000e+000  0.000000e+000  6.500000e+000
      vertex  5.000000e+000  2.842171e-014  1.470888e+001
    endloop
  endfacet
  facet normal  0.000000e+000 -1.000000e+000  -0.000000e+000
    outer loop
      vertex  7.800000e+000  2.200000e+001  4.325000e+001
      vertex  7.800000e+000  2.200000e+001  4.650000e+001
      vertex  5.000000e+000  2.200000e+001  4.325000e+001
    endloop
  endfacet
  facet normal  0.000000e+000 -1.000000e+000  0.000000e+000
    outer loop
      vertex  5.000000e+000  2.200000e+001  4.325000e+001
      vertex  7.800000e+000  2.200000e+001  4.650000e+001
      vertex  5.000000e+000  2.200000e+001  4.650000e+001
    endloop
  endfacet
  facet normal  0.000000e+000  0.000000e+000 -1.000000e+000
    outer loop
      vertex  7.800000e+000  2.525000e+001  4.000000e+001
      vertex  5.000000e+000  2.525000e+001  4.000000e+001
      vertex  7.800000e+000  2.850000e+001  4.000000e+001
    endloop
  endfacet
  facet normal  -0.000000e+000  0.000000e+000 -1.000000e+000
    outer loop
      vertex  7.800000e+000  2.850000e+001  4.000000e+001
      vertex  5.000000e+000  2.525000e+001  4.000000e+001
      vertex  5.000000e+000  2.850000e+001  4.000000e+001
    endloop
  endfacet
  facet normal  0.000000e+000  1.000000e+000  0.000000e+000
    outer loop
      vertex  7.800000e+000  6.500000e+000  4.325000e+001
      vertex  5.000000e+000  6.500000e+000  4.325000e+001
      vertex  7.800000e+000  6.500000e+000  4.650000e+001
    endloop
  endfacet
  facet normal  0.000000e+000  1.000000e+000  0.000000e+000
    outer loop
      vertex  7.800000e+000  6.500000e+000  4.650000e+001
      vertex  5.000000e+000  6.500000e+000  4.325000e+001
      vertex  5.000000e+000  6.500000e+000  4.650000e+001
    endloop
  endfacet
  facet normal  0.000000e+000  0.000000e+000 -1.000000e+000
    outer loop
      vertex  7.800000e+000  0.000000e+000  4.000000e+001
      vertex  5.000000e+000  0.000000e+000  4.000000e+001
      vertex  7.800000e+000  3.250000e+000  4.000000e+001
    endloop
  endfacet
  facet normal  -0.000000e+000  0.000000e+000 -1.000000e+000
    outer loop
      vertex  7.800000e+000  3.250000e+000  4.000000e+001
      vertex  5.000000e+000  0.000000e+000  4.000000e+001
      vertex  5.000000e+000  3.250000e+000  4.000000e+001
    endloop
  endfacet
  facet normal  -0.000000e+000  9.927089e-001  1.205369e-001
    outer loop
      vertex  5.000000e+000  3.925000e+001  3.525000e+001
      vertex  0.000000e+000  3.925000e+001  3.525000e+001
      vertex  5.000000e+000  3.852354e+001  4.123289e+001
    endloop
  endfacet
  facet normal  0.000000e+000  9.927089e-001  1.205369e-001
    outer loop
      vertex  5.000000e+000  3.852354e+001  4.123289e+001
      vertex  0.000000e+000  3.925000e+001  3.525000e+001
      vertex  0.000000e+000  3.852354e+001  4.123289e+001
    endloop
  endfacet
  facet normal  -0.000000e+000  9.350164e-001  3.546044e-001
    outer loop
      vertex  5.000000e+000  3.852354e+001  4.123289e+001
      vertex  0.000000e+000  3.852354e+001  4.123289e+001
      vertex  5.000000e+000  3.638640e+001  4.686808e+001
    endloop
  endfacet
  facet normal  0.000000e+000  9.350164e-001  3.546044e-001
    outer loop
      vertex  5.000000e+000  3.638640e+001  4.686808e+001
      vertex  0.000000e+000  3.852354e+001  4.123289e+001
      vertex  0.000000e+000  3.638640e+001  4.686808e+001
    endloop
  endfacet
  facet normal  -0.000000e+000  8.229837e-001  5.680649e-001
    outer loop
      vertex  5.000000e+000  3.638640e+001  4.686808e+001
      vertex  0.000000e+000  3.638640e+001  4.686808e+001
      vertex  5.000000e+000  3.296277e+001  5.182807e+001
    endloop
  endfacet
  facet normal  0.000000e+000  8.229837e-001  5.680649e-001
    outer loop
      vertex  5.000000e+000  3.296277e+001  5.182807e+001
      vertex  0.000000e+000  3.638640e+001  4.686808e+001
      vertex  0.000000e+000  3.296277e+001  5.182807e+001
    endloop
  endfacet
  facet normal  -0.000000e+000  6.631225e-001  7.485109e-001
    outer loop
      vertex  5.000000e+000  3.296277e+001  5.182807e+001
      vertex  0.000000e+000  3.296277e+001  5.182807e+001
      vertex  5.000000e+000  2.845162e+001  5.582460e+001
    endloop
  endfacet
  facet normal  0.000000e+000  6.631225e-001  7.485109e-001
    outer loop
      vertex  5.000000e+000  2.845162e+001  5.582460e+001
      vertex  0.000000e+000  3.296277e+001  5.182807e+001
      vertex  0.000000e+000  2.845162e+001  5.582460e+001
    endloop
  endfacet
  facet normal  -0.000000e+000  4.647230e-001  8.854561e-001
    outer loop
      vertex  5.000000e+000  2.845162e+001  5.582460e+001
      vertex  0.000000e+000  2.845162e+001  5.582460e+001
      vertex  5.000000e+000  2.311512e+001  5.862540e+001
    endloop
  endfacet
  facet normal  0.000000e+000  4.647230e-001  8.854561e-001
    outer loop
      vertex  5.000000e+000  2.311512e+001  5.862540e+001
      vertex  0.000000e+000  2.845162e+001  5.582460e+001
      vertex  0.000000e+000  2.311512e+001  5.862540e+001
    endloop
  endfacet
  facet normal  -0.000000e+000  2.393160e-001  9.709418e-001
    outer loop
      vertex  5.000000e+000  2.311512e+001  5.862540e+001
      vertex  0.000000e+000  2.311512e+001  5.862540e+001
      vertex  5.000000e+000  1.726342e+001  6.006772e+001
    endloop
  endfacet
  facet normal  0.000000e+000  2.393160e-001  9.709418e-001
    outer loop
      vertex  5.000000e+000  1.726342e+001  6.006772e+001
      vertex  0.000000e+000  2.311512e+001  5.862540e+001
      vertex  0.000000e+000  1.726342e+001  6.006772e+001
    endloop
  endfacet
  facet normal  -0.000000e+000  0.000000e+000  1.000000e+000
    outer loop
      vertex  5.000000e+000  1.726342e+001  6.006772e+001
      vertex  0.000000e+000  1.726342e+001  6.006772e+001
      vertex  5.000000e+000  1.123658e+001  6.006772e+001
    endloop
  endfacet
  facet normal  0.000000e+000  0.000000e+000  1.000000e+000
    outer loop
      vertex  5.000000e+000  1.123658e+001  6.006772e+001
      vertex  0.000000e+000  1.726342e+001  6.006772e+001
      vertex  0.000000e+000  1.123658e+001  6.006772e+001
    endloop
  endfacet
  facet normal  0.000000e+000 -2.393160e-001  9.709417e-001
    outer loop
      vertex  5.000000e+000  1.123658e+001  6.006772e+001
      vertex  0.000000e+000  1.123658e+001  6.006772e+001
      vertex  5.000000e+000  5.384878e+000  5.862540e+001
    endloop
  endfacet
  facet normal  0.000000e+000 -2.393160e-001  9.709417e-001
    outer loop
      vertex  5.000000e+000  5.384878e+000  5.862540e+001
      vertex  0.000000e+000  1.123658e+001  6.006772e+001
      vertex  0.000000e+000  5.384878e+000  5.862540e+001
    endloop
  endfacet
  facet normal  0.000000e+000 -4.647230e-001  8.854561e-001
    outer loop
      vertex  5.000000e+000  5.384878e+000  5.862540e+001
      vertex  0.000000e+000  5.384878e+000  5.862540e+001
      vertex  5.000000e+000  4.838133e-002  5.582460e+001
    endloop
  endfacet
  facet normal  0.000000e+000 -4.647230e-001  8.854561e-001
    outer loop
      vertex  5.000000e+000  4.838133e-002  5.582460e+001
      vertex  0.000000e+000  5.384878e+000  5.862540e+001
      vertex  0.000000e+000  4.838133e-002  5.582460e+001
    endloop
  endfacet
  facet normal  0.000000e+000 -6.631225e-001  7.485108e-001
    outer loop
      vertex  5.000000e+000  4.838133e-002  5.582460e+001
      vertex  0.000000e+000  4.838133e-002  5.582460e+001
      vertex  5.000000e+000 -4.462769e+000  5.182807e+001
    endloop
  endfacet
  facet normal  0.000000e+000 -6.631225e-001  7.485108e-001
    outer loop
      vertex  5.000000e+000 -4.462769e+000  5.182807e+001
      vertex  0.000000e+000  4.838133e-002  5.582460e+001
      vertex  0.000000e+000 -4.462769e+000  5.182807e+001
    endloop
  endfacet
  facet normal  0.000000e+000 -8.229839e-001  5.680647e-001
    outer loop
      vertex  5.000000e+000 -4.462769e+000  5.182807e+001
      vertex  0.000000e+000 -4.462769e+000  5.182807e+001
      vertex  5.000000e+000 -7.886401e+000  4.686808e+001
    endloop
  endfacet
  facet normal  0.000000e+000 -8.229839e-001  5.680647e-001
    outer loop
      vertex  5.000000e+000 -7.886401e+000  4.686808e+001
      vertex  0.000000e+000 -4.462769e+000  5.182807e+001
      vertex  0.000000e+000 -7.886401e+000  4.686808e+001
    endloop
  endfacet
  facet normal  0.000000e+000 -9.350163e-001  3.546048e-001
    outer loop
      vertex  5.000000e+000 -7.886401e+000  4.686808e+001
      vertex  0.000000e+000 -7.886401e+000  4.686808e+001
      vertex  5.000000e+000 -1.002355e+001  4.123289e+001
    endloop
  endfacet
  facet normal  0.000000e+000 -9.350163e-001  3.546048e-001
    outer loop
      vertex  5.000000e+000 -1.002355e+001  4.123289e+001
      vertex  0.000000e+000 -7.886401e+000  4.686808e+001
      vertex  0.000000e+000 -1.002355e+001  4.123289e+001
    endloop
  endfacet
  facet normal  0.000000e+000 -9.927089e-001  1.205367e-001
    outer loop
      vertex  5.000000e+000 -1.002355e+001  4.123289e+001
      vertex  0.000000e+000 -1.002355e+001  4.123289e+001
      vertex  5.000000e+000 -1.075000e+001  3.525000e+001
    endloop
  endfacet
  facet normal  0.000000e+000 -9.927089e-001  1.205367e-001
    outer loop
      vertex  5.000000e+000 -1.075000e+001  3.525000e+001
      vertex  0.000000e+000 -1.002355e+001  4.123289e+001
      vertex  0.000000e+000 -1.075000e+001  3.525000e+001
    endloop
  endfacet
  facet normal  0.000000e+000  0.000000e+000 -1.000000e+000
    outer loop
      vertex  7.800000e+000  2.850000e+001  0.000000e+000
      vertex  7.800000e+000  2.200000e+001  0.000000e+000
      vertex  0.000000e+000  2.850000e+001  0.000000e+000
    endloop
  endfacet
  facet normal  0.000000e+000  0.000000e+000 -1.000000e+000
    outer loop
      vertex  0.000000e+000  2.850000e+001  0.000000e+000
      vertex  7.800000e+000  2.200000e+001  0.000000e+000
      vertex  5.000000e+000  2.200000e+001  0.000000e+000
    endloop
  endfacet
  facet normal  -0.000000e+000  0.000000e+000 -1.000000e+000
    outer loop
      vertex  0.000000e+000  2.850000e+001  0.000000e+000
      vertex  5.000000e+000  2.200000e+001  0.000000e+000
      vertex  0.000000e+000  0.000000e+000  0.000000e+000
    endloop
  endfacet
  facet normal  0.000000e+000  0.000000e+000 -1.000000e+000
    outer loop
      vertex  0.000000e+000  0.000000e+000  0.000000e+000
      vertex  5.000000e+000  2.200000e+001  0.000000e+000
      vertex  5.000000e+000  6.500000e+000  0.000000e+000
    endloop
  endfacet
  facet normal  0.000000e+000  -0.000000e+000 -1.000000e+000
    outer loop
      vertex  0.000000e+000  0.000000e+000  0.000000e+000
      vertex  5.000000e+000  6.500000e+000  0.000000e+000
      vertex  7.800000e+000  0.000000e+000  0.000000e+000
    endloop
  endfacet
  facet normal  0.000000e+000  0.000000e+000 -1.000000e+000
    outer loop
      vertex  7.800000e+000  0.000000e+000  0.000000e+000
      vertex  5.000000e+000  6.500000e+000  0.000000e+000
      vertex  7.800000e+000  6.500000e+000  0.000000e+000
    endloop
  endfacet
  facet normal  -0.000000e+000  0.000000e+000  1.000000e+000
    outer loop
      vertex  7.800000e+000  3.250000e+000  6.500000e+000
      vertex  5.000000e+000  3.250000e+000  6.500000e+000
      vertex  7.800000e+000  8.881784e-016  6.500000e+000
    endloop
  endfacet
  facet normal  0.000000e+000  0.000000e+000  1.000000e+000
    outer loop
      vertex  7.800000e+000  8.881784e-016  6.500000e+000
      vertex  5.000000e+000  3.250000e+000  6.500000e+000
      vertex  5.000000e+000  0.000000e+000  6.500000e+000
    endloop
  endfacet
  facet normal  0.000000e+000  1.000000e+000  0.000000e+000
    outer loop
      vertex  7.800000e+000  6.500000e+000  0.000000e+000
      vertex  5.000000e+000  6.500000e+000  0.000000e+000
      vertex  7.800000e+000  6.500000e+000  3.250000e+000
    endloop
  endfacet
  facet normal  0.000000e+000  1.000000e+000  0.000000e+000
    outer loop
      vertex  7.800000e+000  6.500000e+000  3.250000e+000
      vertex  5.000000e+000  6.500000e+000  0.000000e+000
      vertex  5.000000e+000  6.500000e+000  3.250000e+000
    endloop
  endfacet
  facet normal  0.000000e+000  2.588192e-001  9.659258e-001
    outer loop
      vertex  5.000000e+000  3.250000e+000  6.500000e+000
      vertex  7.800000e+000  3.250000e+000  6.500000e+000
      vertex  5.000000e+000  4.875000e+000  6.064582e+000
    endloop
  endfacet
  facet normal  -0.000000e+000  2.588192e-001  9.659258e-001
    outer loop
      vertex  5.000000e+000  4.875000e+000  6.064582e+000
      vertex  7.800000e+000  3.250000e+000  6.500000e+000
      vertex  7.800000e+000  4.875000e+000  6.064582e+000
    endloop
  endfacet
  facet normal  0.000000e+000  7.071068e-001  7.071068e-001
    outer loop
      vertex  5.000000e+000  4.875000e+000  6.064582e+000
      vertex  7.800000e+000  4.875000e+000  6.064582e+000
      vertex  5.000000e+000  6.064582e+000  4.875000e+000
    endloop
  endfacet
  facet normal  -0.000000e+000  7.071068e-001  7.071068e-001
    outer loop
      vertex  5.000000e+000  6.064582e+000  4.875000e+000
      vertex  7.800000e+000  4.875000e+000  6.064582e+000
      vertex  7.800000e+000  6.064582e+000  4.875000e+000
    endloop
  endfacet
  facet normal  0.000000e+000  9.659258e-001  2.588192e-001
    outer loop
      vertex  5.000000e+000  6.064582e+000  4.875000e+000
      vertex  7.800000e+000  6.064582e+000  4.875000e+000
      vertex  5.000000e+000  6.500000e+000  3.250000e+000
    endloop
  endfacet
  facet normal  -0.000000e+000  9.659258e-001  2.588192e-001
    outer loop
      vertex  5.000000e+000  6.500000e+000  3.250000e+000
      vertex  7.800000e+000  6.064582e+000  4.875000e+000
      vertex  7.800000e+000  6.500000e+000  3.250000e+000
    endloop
  endfacet
  facet normal  -0.000000e+000  0.000000e+000  1.000000e+000
    outer loop
      vertex  7.800000e+000  2.850000e+001  6.500000e+000
      vertex  5.000000e+000  2.850000e+001  6.500000e+000
      vertex  7.800000e+000  2.525000e+001  6.500000e+000
    endloop
  endfacet
  facet normal  0.000000e+000  0.000000e+000  1.000000e+000
    outer loop
      vertex  7.800000e+000  2.525000e+001  6.500000e+000
      vertex  5.000000e+000  2.850000e+001  6.500000e+000
      vertex  5.000000e+000  2.525000e+001  6.500000e+000
    endloop
  endfacet
  facet normal  0.000000e+000 -1.000000e+000  -0.000000e+000
    outer loop
      vertex  7.800000e+000  2.200000e+001  0.000000e+000
      vertex  7.800000e+000  2.200000e+001  3.250000e+000
      vertex  5.000000e+000  2.200000e+001  0.000000e+000
    endloop
  endfacet
  facet normal  0.000000e+000 -1.000000e+000  0.000000e+000
    outer loop
      vertex  5.000000e+000  2.200000e+001  0.000000e+000
      vertex  7.800000e+000  2.200000e+001  3.250000e+000
      vertex  5.000000e+000  2.200000e+001  3.250000e+000
    endloop
  endfacet
  facet normal  0.000000e+000 -9.659258e-001  2.588189e-001
    outer loop
      vertex  5.000000e+000  2.200000e+001  3.250000e+000
      vertex  7.800000e+000  2.200000e+001  3.250000e+000
      vertex  5.000000e+000  2.243542e+001  4.875000e+000
    endloop
  endfacet
  facet normal  0.000000e+000 -9.659258e-001  2.588189e-001
    outer loop
      vertex  5.000000e+000  2.243542e+001  4.875000e+000
      vertex  7.800000e+000  2.200000e+001  3.250000e+000
      vertex  7.800000e+000  2.243542e+001  4.875000e+000
    endloop
  endfacet
  facet normal  0.000000e+000 -7.071066e-001  7.071069e-001
    outer loop
      vertex  5.000000e+000  2.243542e+001  4.875000e+000
      vertex  7.800000e+000  2.243542e+001  4.875000e+000
      vertex  5.000000e+000  2.362500e+001  6.064582e+000
    endloop
  endfacet
  facet normal  0.000000e+000 -7.071066e-001  7.071069e-001
    outer loop
      vertex  5.000000e+000  2.362500e+001  6.064582e+000
      vertex  7.800000e+000  2.243542e+001  4.875000e+000
      vertex  7.800000e+000  2.362500e+001  6.064582e+000
    endloop
  endfacet
  facet normal  0.000000e+000 -2.588192e-001  9.659258e-001
    outer loop
      vertex  5.000000e+000  2.362500e+001  6.064582e+000
      vertex  7.800000e+000  2.362500e+001  6.064582e+000
      vertex  5.000000e+000  2.525000e+001  6.500000e+000
    endloop
  endfacet
  facet normal  0.000000e+000 -2.588192e-001  9.659258e-001
    outer loop
      vertex  5.000000e+000  2.525000e+001  6.500000e+000
      vertex  7.800000e+000  2.362500e+001  6.064582e+000
      vertex  7.800000e+000  2.525000e+001  6.500000e+000
    endloop
  endfacet
endsolid CATIA STL
