solid CATIA STL
  facet normal -1.000000e+000  0.000000e+000  0.000000e+000
    outer loop
      vertex  0.000000e+000  4.427495e+000  5.735157e+000
      vertex  0.000000e+000  1.400224e+001  2.475292e+001
      vertex  0.000000e+000  5.663352e+000  4.568420e+000
    endloop
  endfacet
  facet normal -1.000000e+000  0.000000e+000  0.000000e+000
    outer loop
      vertex  0.000000e+000  1.400224e+001  2.475292e+001
      vertex  0.000000e+000  5.977391e+000  2.898092e+000
      vertex  0.000000e+000  5.663352e+000  4.568420e+000
    endloop
  endfacet
  facet normal -1.000000e+000  -0.000000e+000  0.000000e+000
    outer loop
      vertex  0.000000e+000  1.042697e+001  2.547071e+001
      vertex  0.000000e+000  1.400224e+001  2.475292e+001
      vertex  0.000000e+000  4.427495e+000  5.735157e+000
    endloop
  endfacet
  facet normal -1.000000e+000  -0.000000e+000  0.000000e+000
    outer loop
      vertex  0.000000e+000  7.312811e+000  2.736803e+001
      vertex  0.000000e+000  1.042697e+001  2.547071e+001
      vertex  0.000000e+000  4.427495e+000  5.735157e+000
    endloop
  endfacet
  facet normal -1.000000e+000  0.000000e+000  0.000000e+000
    outer loop
      vertex  0.000000e+000  2.741875e+000  5.952649e+000
      vertex  0.000000e+000  2.072505e+000  4.076484e+001
      vertex  0.000000e+000  3.758125e+000  4.054735e+001
    endloop
  endfacet
  facet normal -9.999999e-001  0.000000e+000  0.000000e+000
    outer loop
      vertex  0.000000e+000  2.325034e+001  5.137820e+000
      vertex  0.000000e+000  2.252261e+001  3.601908e+000
      vertex  0.000000e+000  1.760739e+001  2.530124e+001
    endloop
  endfacet
  facet normal -1.000000e+000  6.491633e-018  7.824342e-017
    outer loop
      vertex  0.000000e+000  4.427495e+000  4.573516e+001
      vertex  0.000000e+000  1.089261e+001  4.519876e+001
      vertex -8.326673e-017  5.663352e+000  4.456842e+001
    endloop
  endfacet
  facet normal -1.000000e+000  0.000000e+000  0.000000e+000
    outer loop
      vertex  0.000000e+000  3.955422e+000  3.731680e+001
      vertex  0.000000e+000  3.758125e+000  4.054735e+001
      vertex  0.000000e+000  5.283147e+000  4.071311e+001
    endloop
  endfacet
  facet normal -1.000000e+000  0.000000e+000  0.000000e+000
    outer loop
      vertex  0.000000e+000  2.642749e+001  5.735157e+000
      vertex  0.000000e+000  2.575813e+001  4.054735e+001
      vertex  0.000000e+000  2.766335e+001  4.568420e+000
    endloop
  endfacet
  facet normal -1.000000e+000 -2.575010e-016  1.437710e-018
    outer loop
      vertex  0.000000e+000  0.000000e+000 -5.000000e+001
      vertex  0.000000e+000  5.226092e-001  4.360191e+001
      vertex -8.326673e-017  8.366479e-001  4.193158e+001
    endloop
  endfacet
  facet normal -9.999999e-001  1.395480e-015 -1.360568e-017
    outer loop
      vertex  0.000000e+000  0.000000e+000 -5.000000e+001
      vertex -8.326673e-017  8.366479e-001  4.193158e+001
      vertex  0.000000e+000  5.226092e-001  3.601908e+000
    endloop
  endfacet
  facet normal -1.000000e+000  0.000000e+000  -0.000000e+000
    outer loop
      vertex  0.000000e+000  0.000000e+000 -5.000000e+001
      vertex  0.000000e+000  5.226092e-001  3.601908e+000
      vertex  0.000000e+000  8.366479e-001  1.931580e+000
    endloop
  endfacet
  facet normal -1.000000e+000  0.000000e+000  -0.000000e+000
    outer loop
      vertex  0.000000e+000  0.000000e+000 -5.000000e+001
      vertex  0.000000e+000  8.366479e-001  1.931580e+000
      vertex  0.000000e+000  2.072505e+000  7.648429e-001
    endloop
  endfacet
  facet normal -1.000000e+000  0.000000e+000  -0.000000e+000
    outer loop
      vertex  0.000000e+000  0.000000e+000 -5.000000e+001
      vertex  0.000000e+000  2.072505e+000  7.648429e-001
      vertex  0.000000e+000  3.758125e+000  5.473515e-001
    endloop
  endfacet
  facet normal -1.000000e+000  0.000000e+000  -0.000000e+000
    outer loop
      vertex  0.000000e+000  0.000000e+000 -5.000000e+001
      vertex  0.000000e+000  3.758125e+000  5.473515e-001
      vertex  0.000000e+000  5.249659e+000  1.362180e+000
    endloop
  endfacet
  facet normal -9.999999e-001  0.000000e+000  -0.000000e+000
    outer loop
      vertex  0.000000e+000  0.000000e+000 -5.000000e+001
      vertex  0.000000e+000  5.249659e+000  1.362180e+000
      vertex  0.000000e+000  5.977391e+000  2.898092e+000
    endloop
  endfacet
  facet normal -9.999999e-001  0.000000e+000  -0.000000e+000
    outer loop
      vertex  0.000000e+000  0.000000e+000 -5.000000e+001
      vertex  0.000000e+000  5.977391e+000  2.898092e+000
      vertex  0.000000e+000  1.400224e+001  2.475292e+001
    endloop
  endfacet
  facet normal -1.000000e+000  0.000000e+000  -0.000000e+000
    outer loop
      vertex  0.000000e+000  0.000000e+000 -5.000000e+001
      vertex  0.000000e+000  1.400224e+001  2.475292e+001
      vertex  0.000000e+000  1.760739e+001  2.530124e+001
    endloop
  endfacet
  facet normal -1.000000e+000  0.000000e+000  -0.000000e+000
    outer loop
      vertex  0.000000e+000  0.000000e+000 -5.000000e+001
      vertex  0.000000e+000  1.760739e+001  2.530124e+001
      vertex  0.000000e+000  2.252261e+001  3.601908e+000
    endloop
  endfacet
  facet normal -1.000000e+000  0.000000e+000  -0.000000e+000
    outer loop
      vertex  0.000000e+000  0.000000e+000 -5.000000e+001
      vertex  0.000000e+000  2.252261e+001  3.601908e+000
      vertex  0.000000e+000  2.283665e+001  1.931580e+000
    endloop
  endfacet
  facet normal -9.999999e-001  0.000000e+000  -0.000000e+000
    outer loop
      vertex  0.000000e+000  0.000000e+000 -5.000000e+001
      vertex  0.000000e+000  2.283665e+001  1.931580e+000
      vertex  0.000000e+000  2.407251e+001  7.648429e-001
    endloop
  endfacet
  facet normal -1.000000e+000  0.000000e+000  -0.000000e+000
    outer loop
      vertex  0.000000e+000  0.000000e+000 -5.000000e+001
      vertex  0.000000e+000  2.407251e+001  7.648429e-001
      vertex  0.000000e+000  2.575813e+001  5.473515e-001
    endloop
  endfacet
  facet normal -1.000000e+000  -0.000000e+000  0.000000e+000
    outer loop
      vertex  0.000000e+000  1.421085e-014  4.650000e+001
      vertex  0.000000e+000  2.474187e+001  4.595265e+001
      vertex  0.000000e+000  1.449776e+001  4.574708e+001
    endloop
  endfacet
  facet normal -9.999999e-001  -0.000000e+000  0.000000e+000
    outer loop
      vertex  0.000000e+000  1.421085e-014  4.650000e+001
      vertex  0.000000e+000  1.449776e+001  4.574708e+001
      vertex  0.000000e+000  1.089261e+001  4.519876e+001
    endloop
  endfacet
  facet normal -1.000000e+000  0.000000e+000  0.000000e+000
    outer loop
      vertex  0.000000e+000  1.421085e-014  4.650000e+001
      vertex  0.000000e+000  1.089261e+001  4.519876e+001
      vertex  0.000000e+000  4.427495e+000  4.573516e+001
    endloop
  endfacet
  facet normal -1.000000e+000  0.000000e+000  0.000000e+000
    outer loop
      vertex  0.000000e+000  1.421085e-014  4.650000e+001
      vertex  0.000000e+000  4.427495e+000  4.573516e+001
      vertex  0.000000e+000  2.741875e+000  4.595265e+001
    endloop
  endfacet
  facet normal -1.000000e+000  -0.000000e+000  0.000000e+000
    outer loop
      vertex  0.000000e+000  1.421085e-014  4.650000e+001
      vertex  0.000000e+000  2.741875e+000  4.595265e+001
      vertex  0.000000e+000  1.250341e+000  4.513782e+001
    endloop
  endfacet
  facet normal -1.000000e+000  -0.000000e+000  0.000000e+000
    outer loop
      vertex  0.000000e+000  1.421085e-014  4.650000e+001
      vertex  0.000000e+000  1.250341e+000  4.513782e+001
      vertex  0.000000e+000  5.226092e-001  4.360191e+001
    endloop
  endfacet
  facet normal -1.000000e+000  -0.000000e+000  0.000000e+000
    outer loop
      vertex  0.000000e+000  1.421085e-014  4.650000e+001
      vertex  0.000000e+000  5.226092e-001  4.360191e+001
      vertex  0.000000e+000  0.000000e+000 -5.000000e+001
    endloop
  endfacet
  facet normal -1.000000e+000  0.000000e+000  0.000000e+000
    outer loop
      vertex  0.000000e+000  2.850000e+001  4.650000e+001
      vertex  0.000000e+000  2.850000e+001 -5.000000e+001
      vertex  0.000000e+000  2.797739e+001  4.289809e+001
    endloop
  endfacet
  facet normal -1.000000e+000  0.000000e+000  0.000000e+000
    outer loop
      vertex  0.000000e+000  2.850000e+001  4.650000e+001
      vertex  0.000000e+000  2.797739e+001  4.289809e+001
      vertex  0.000000e+000  2.766335e+001  4.456842e+001
    endloop
  endfacet
  facet normal -1.000000e+000  0.000000e+000  0.000000e+000
    outer loop
      vertex  0.000000e+000  2.850000e+001  4.650000e+001
      vertex  0.000000e+000  2.766335e+001  4.456842e+001
      vertex  0.000000e+000  2.642749e+001  4.573516e+001
    endloop
  endfacet
  facet normal -1.000000e+000  0.000000e+000  0.000000e+000
    outer loop
      vertex  0.000000e+000  2.850000e+001  4.650000e+001
      vertex  0.000000e+000  2.642749e+001  4.573516e+001
      vertex  0.000000e+000  2.474187e+001  4.595265e+001
    endloop
  endfacet
  facet normal -1.000000e+000  0.000000e+000  0.000000e+000
    outer loop
      vertex  0.000000e+000  2.850000e+001  4.650000e+001
      vertex  0.000000e+000  2.474187e+001  4.595265e+001
      vertex  0.000000e+000  1.421085e-014  4.650000e+001
    endloop
  endfacet
  facet normal -1.000000e+000  0.000000e+000  0.000000e+000
    outer loop
      vertex  0.000000e+000  2.850000e+001 -5.000000e+001
      vertex  0.000000e+000  0.000000e+000 -5.000000e+001
      vertex  0.000000e+000  2.575813e+001  5.473515e-001
    endloop
  endfacet
  facet normal -1.000000e+000  0.000000e+000  0.000000e+000
    outer loop
      vertex  0.000000e+000  2.850000e+001 -5.000000e+001
      vertex  0.000000e+000  2.575813e+001  5.473515e-001
      vertex  0.000000e+000  2.724966e+001  1.362180e+000
    endloop
  endfacet
  facet normal -1.000000e+000  0.000000e+000  0.000000e+000
    outer loop
      vertex  0.000000e+000  2.850000e+001 -5.000000e+001
      vertex  0.000000e+000  2.724966e+001  1.362180e+000
      vertex  0.000000e+000  2.797739e+001  2.898092e+000
    endloop
  endfacet
  facet normal -9.999999e-001  0.000000e+000  0.000000e+000
    outer loop
      vertex  0.000000e+000  2.850000e+001 -5.000000e+001
      vertex  0.000000e+000  2.797739e+001  2.898092e+000
      vertex  0.000000e+000  2.797739e+001  4.289809e+001
    endloop
  endfacet
  facet normal -1.000000e+000  0.000000e+000  0.000000e+000
    outer loop
      vertex  0.000000e+000  2.474187e+001  5.952649e+000
      vertex  0.000000e+000  2.325034e+001  5.137820e+000
      vertex  0.000000e+000  1.760739e+001  2.530124e+001
    endloop
  endfacet
  facet normal -1.000000e+000  0.000000e+000  0.000000e+000
    outer loop
      vertex  0.000000e+000  2.474187e+001  5.952649e+000
      vertex  0.000000e+000  1.760739e+001  2.530124e+001
      vertex  0.000000e+000  2.080759e+001  2.704951e+001
    endloop
  endfacet
  facet normal -1.000000e+000  0.000000e+000  0.000000e+000
    outer loop
      vertex  0.000000e+000  2.474187e+001  5.952649e+000
      vertex  0.000000e+000  2.080759e+001  2.704951e+001
      vertex  0.000000e+000  2.321685e+001  2.978689e+001
    endloop
  endfacet
  facet normal -1.000000e+000  0.000000e+000  0.000000e+000
    outer loop
      vertex  0.000000e+000  2.474187e+001  5.952649e+000
      vertex  0.000000e+000  2.321685e+001  2.978689e+001
      vertex  0.000000e+000  2.454458e+001  3.318320e+001
    endloop
  endfacet
  facet normal -9.999999e-001  0.000000e+000  0.000000e+000
    outer loop
      vertex  0.000000e+000  2.474187e+001  5.952649e+000
      vertex  0.000000e+000  2.454458e+001  3.318320e+001
      vertex  0.000000e+000  2.463063e+001  3.682880e+001
    endloop
  endfacet
  facet normal -1.000000e+000  0.000000e+000  0.000000e+000
    outer loop
      vertex  0.000000e+000  2.474187e+001  5.952649e+000
      vertex  0.000000e+000  2.463063e+001  3.682880e+001
      vertex  0.000000e+000  2.575813e+001  4.054735e+001
    endloop
  endfacet
  facet normal -9.999999e-001  0.000000e+000  -0.000000e+000
    outer loop
      vertex  0.000000e+000  2.474187e+001  5.952649e+000
      vertex  0.000000e+000  2.575813e+001  4.054735e+001
      vertex  0.000000e+000  2.642749e+001  5.735157e+000
    endloop
  endfacet
  facet normal -1.000000e+000  0.000000e+000  0.000000e+000
    outer loop
      vertex  0.000000e+000  2.797739e+001  2.898092e+000
      vertex  0.000000e+000  2.766335e+001  4.568420e+000
      vertex  0.000000e+000  2.575813e+001  4.054735e+001
    endloop
  endfacet
  facet normal -9.999999e-001  0.000000e+000  0.000000e+000
    outer loop
      vertex  0.000000e+000  2.797739e+001  2.898092e+000
      vertex  0.000000e+000  2.575813e+001  4.054735e+001
      vertex  0.000000e+000  2.724966e+001  4.136218e+001
    endloop
  endfacet
  facet normal -1.000000e+000  0.000000e+000  0.000000e+000
    outer loop
      vertex  0.000000e+000  2.797739e+001  2.898092e+000
      vertex  0.000000e+000  2.724966e+001  4.136218e+001
      vertex  0.000000e+000  2.797739e+001  4.289809e+001
    endloop
  endfacet
  facet normal -1.000000e+000  0.000000e+000  0.000000e+000
    outer loop
      vertex  0.000000e+000  2.741875e+000  5.952649e+000
      vertex  0.000000e+000  1.250341e+000  5.137820e+000
      vertex  0.000000e+000  2.072505e+000  4.076484e+001
    endloop
  endfacet
  facet normal -9.999999e-001  0.000000e+000  0.000000e+000
    outer loop
      vertex  0.000000e+000  2.072505e+000  4.076484e+001
      vertex  0.000000e+000  1.250341e+000  5.137820e+000
      vertex  0.000000e+000  5.226092e-001  3.601908e+000
    endloop
  endfacet
  facet normal -1.000000e+000  6.482340e-017 -2.703487e-018
    outer loop
      vertex  0.000000e+000  2.072505e+000  4.076484e+001
      vertex  0.000000e+000  5.226092e-001  3.601908e+000
      vertex -8.326673e-017  8.366479e-001  4.193158e+001
    endloop
  endfacet
  facet normal -1.000000e+000  0.000000e+000  0.000000e+000
    outer loop
      vertex  0.000000e+000  2.252261e+001  4.360191e+001
      vertex  0.000000e+000  2.283665e+001  4.193158e+001
      vertex  0.000000e+000  2.118719e+001  4.313197e+001
    endloop
  endfacet
  facet normal -1.000000e+000  0.000000e+000  0.000000e+000
    outer loop
      vertex  0.000000e+000  2.118719e+001  4.313197e+001
      vertex  0.000000e+000  2.283665e+001  4.193158e+001
      vertex  0.000000e+000  2.407251e+001  4.076484e+001
    endloop
  endfacet
  facet normal -9.999999e-001  6.973577e-017  8.500185e-017
    outer loop
      vertex  0.000000e+000  2.118719e+001  4.313197e+001
      vertex  0.000000e+000  2.407251e+001  4.076484e+001
      vertex -8.326673e-017  2.346462e+001  4.028397e+001
    endloop
  endfacet
  facet normal -1.000000e+000  1.920892e-017  1.488747e-016
    outer loop
      vertex -8.326673e-017  2.346462e+001  4.028397e+001
      vertex  0.000000e+000  2.407251e+001  4.076484e+001
      vertex  0.000000e+000  2.575813e+001  4.054735e+001
    endloop
  endfacet
  facet normal -1.000000e+000  3.761515e-017 -1.140524e-017
    outer loop
      vertex -8.326673e-017  2.346462e+001  4.028397e+001
      vertex  0.000000e+000  2.575813e+001  4.054735e+001
      vertex  0.000000e+000  2.463063e+001  3.682880e+001
    endloop
  endfacet
  facet normal -1.000000e+000  3.133528e-017 -4.179388e-018
    outer loop
      vertex  0.000000e+000  7.312811e+000  2.736803e+001
      vertex  0.000000e+000  4.427495e+000  5.735157e+000
      vertex -8.326673e-017  5.035383e+000  3.021603e+001
    endloop
  endfacet
  facet normal -1.000000e+000 -4.374588e-019 -3.390434e-018
    outer loop
      vertex -8.326673e-017  5.035383e+000  3.021603e+001
      vertex  0.000000e+000  4.427495e+000  5.735157e+000
      vertex  0.000000e+000  2.741875e+000  5.952649e+000
    endloop
  endfacet
  facet normal -1.000000e+000 -6.373003e-017  2.592327e-018
    outer loop
      vertex -8.326673e-017  5.035383e+000  3.021603e+001
      vertex  0.000000e+000  2.741875e+000  5.952649e+000
      vertex  0.000000e+000  3.869374e+000  3.367120e+001
    endloop
  endfacet
  facet normal -9.999999e-001  -0.000000e+000  0.000000e+000
    outer loop
      vertex  0.000000e+000  3.869374e+000  3.367120e+001
      vertex  0.000000e+000  2.741875e+000  5.952649e+000
      vertex  0.000000e+000  3.758125e+000  4.054735e+001
    endloop
  endfacet
  facet normal -1.000000e+000  0.000000e+000  0.000000e+000
    outer loop
      vertex  0.000000e+000  3.869374e+000  3.367120e+001
      vertex  0.000000e+000  3.758125e+000  4.054735e+001
      vertex  0.000000e+000  3.955422e+000  3.731680e+001
    endloop
  endfacet
  facet normal -9.999999e-001  0.000000e+000  -0.000000e+000
    outer loop
      vertex  0.000000e+000  3.758125e+000  4.054735e+001
      vertex  0.000000e+000  5.249659e+000  4.136218e+001
      vertex  0.000000e+000  5.283147e+000  4.071311e+001
    endloop
  endfacet
  facet normal -1.000000e+000  0.000000e+000  0.000000e+000
    outer loop
      vertex  0.000000e+000  5.283147e+000  4.071311e+001
      vertex  0.000000e+000  5.249659e+000  4.136218e+001
      vertex  0.000000e+000  5.977391e+000  4.289809e+001
    endloop
  endfacet
  facet normal -1.000000e+000  0.000000e+000  -0.000000e+000
    outer loop
      vertex  0.000000e+000  5.283147e+000  4.071311e+001
      vertex  0.000000e+000  5.977391e+000  4.289809e+001
      vertex  0.000000e+000  7.692408e+000  4.345049e+001
    endloop
  endfacet
  facet normal -1.000000e+000  1.513967e-017 -4.700405e-017
    outer loop
      vertex  0.000000e+000  7.692408e+000  4.345049e+001
      vertex  0.000000e+000  5.977391e+000  4.289809e+001
      vertex -8.326673e-017  5.663352e+000  4.456842e+001
    endloop
  endfacet
  facet normal -9.999999e-001  2.043144e-017 -3.739948e-017
    outer loop
      vertex  0.000000e+000  7.692408e+000  4.345049e+001
      vertex -8.326673e-017  5.663352e+000  4.456842e+001
      vertex  0.000000e+000  1.089261e+001  4.519876e+001
    endloop
  endfacet
  facet normal -1.000000e+000  0.000000e+000  0.000000e+000
    outer loop
      vertex  0.000000e+000  2.474187e+001  4.595265e+001
      vertex  0.000000e+000  2.325034e+001  4.513782e+001
      vertex  0.000000e+000  1.449776e+001  4.574708e+001
    endloop
  endfacet
  facet normal -1.000000e+000  0.000000e+000  0.000000e+000
    outer loop
      vertex  0.000000e+000  1.449776e+001  4.574708e+001
      vertex  0.000000e+000  2.325034e+001  4.513782e+001
      vertex  0.000000e+000  1.807303e+001  4.502929e+001
    endloop
  endfacet
  facet normal -1.000000e+000  0.000000e+000  0.000000e+000
    outer loop
      vertex  0.000000e+000  2.325034e+001  4.513782e+001
      vertex  0.000000e+000  2.252261e+001  4.360191e+001
      vertex  0.000000e+000  1.807303e+001  4.502929e+001
    endloop
  endfacet
  facet normal -1.000000e+000  0.000000e+000  0.000000e+000
    outer loop
      vertex  0.000000e+000  1.807303e+001  4.502929e+001
      vertex  0.000000e+000  2.252261e+001  4.360191e+001
      vertex  0.000000e+000  2.118719e+001  4.313197e+001
    endloop
  endfacet
  facet normal  1.000000e+000  0.000000e+000  0.000000e+000
    outer loop
      vertex  7.800000e+000  2.850000e+001  0.000000e+000
      vertex  7.800000e+000  2.850000e+001  6.500000e+000
      vertex  7.800000e+000  2.656637e+001  3.969138e+000
    endloop
  endfacet
  facet normal  1.000000e+000  0.000000e+000  0.000000e+000
    outer loop
      vertex  7.800000e+000  2.850000e+001  0.000000e+000
      vertex  7.800000e+000  2.656637e+001  3.969138e+000
      vertex  7.800000e+000  2.668933e+001  2.827691e+000
    endloop
  endfacet
  facet normal  1.000000e+000  0.000000e+000  0.000000e+000
    outer loop
      vertex  7.800000e+000  2.850000e+001  0.000000e+000
      vertex  7.800000e+000  2.668933e+001  2.827691e+000
      vertex  7.800000e+000  2.596914e+001  1.933626e+000
    endloop
  endfacet
  facet normal  1.000000e+000  0.000000e+000  0.000000e+000
    outer loop
      vertex  7.800000e+000  2.850000e+001  0.000000e+000
      vertex  7.800000e+000  2.596914e+001  1.933626e+000
      vertex  7.800000e+000  2.482769e+001  1.810676e+000
    endloop
  endfacet
  facet normal  9.999999e-001  0.000000e+000  0.000000e+000
    outer loop
      vertex  7.800000e+000  2.850000e+001  0.000000e+000
      vertex  7.800000e+000  2.482769e+001  1.810676e+000
      vertex  7.800000e+000  2.200000e+001  0.000000e+000
    endloop
  endfacet
  facet normal  1.000000e+000  0.000000e+000  0.000000e+000
    outer loop
      vertex  7.800000e+000  2.656637e+001  3.969138e+000
      vertex  7.800000e+000  2.850000e+001  6.500000e+000
      vertex  7.800000e+000  2.567231e+001  4.689324e+000
    endloop
  endfacet
  facet normal  9.999999e-001  0.000000e+000  -0.000000e+000
    outer loop
      vertex  7.800000e+000  2.567231e+001  4.689324e+000
      vertex  7.800000e+000  2.850000e+001  6.500000e+000
      vertex  7.800000e+000  2.525000e+001  6.500000e+000
    endloop
  endfacet
  facet normal  1.000000e+000  0.000000e+000  0.000000e+000
    outer loop
      vertex  7.800000e+000  2.567231e+001  4.689324e+000
      vertex  7.800000e+000  2.525000e+001  6.500000e+000
      vertex  7.800000e+000  2.453086e+001  4.566374e+000
    endloop
  endfacet
  facet normal  1.000000e+000  0.000000e+000  -0.000000e+000
    outer loop
      vertex  7.800000e+000  2.453086e+001  4.566374e+000
      vertex  7.800000e+000  2.525000e+001  6.500000e+000
      vertex  7.800000e+000  2.362500e+001  6.064582e+000
    endloop
  endfacet
  facet normal  1.000000e+000  0.000000e+000  0.000000e+000
    outer loop
      vertex  7.800000e+000  2.453086e+001  4.566374e+000
      vertex  7.800000e+000  2.362500e+001  6.064582e+000
      vertex  7.800000e+000  2.243542e+001  4.875000e+000
    endloop
  endfacet
  facet normal  1.000000e+000  0.000000e+000  0.000000e+000
    outer loop
      vertex  7.800000e+000  2.453086e+001  4.566374e+000
      vertex  7.800000e+000  2.243542e+001  4.875000e+000
      vertex  7.800000e+000  2.381067e+001  3.672309e+000
    endloop
  endfacet
  facet normal  1.000000e+000  0.000000e+000  0.000000e+000
    outer loop
      vertex  7.800000e+000  2.381067e+001  3.672309e+000
      vertex  7.800000e+000  2.243542e+001  4.875000e+000
      vertex  7.800000e+000  2.200000e+001  3.250000e+000
    endloop
  endfacet
  facet normal  1.000000e+000  -0.000000e+000  0.000000e+000
    outer loop
      vertex  7.800000e+000  2.381067e+001  3.672309e+000
      vertex  7.800000e+000  2.200000e+001  3.250000e+000
      vertex  7.800000e+000  2.393363e+001  2.530862e+000
    endloop
  endfacet
  facet normal  1.000000e+000  0.000000e+000  0.000000e+000
    outer loop
      vertex  7.800000e+000  2.393363e+001  2.530862e+000
      vertex  7.800000e+000  2.200000e+001  3.250000e+000
      vertex  7.800000e+000  2.200000e+001  0.000000e+000
    endloop
  endfacet
  facet normal  9.999999e-001  0.000000e+000  0.000000e+000
    outer loop
      vertex  7.800000e+000  2.393363e+001  2.530862e+000
      vertex  7.800000e+000  2.200000e+001  0.000000e+000
      vertex  7.800000e+000  2.482769e+001  1.810676e+000
    endloop
  endfacet
  facet normal  1.000000e+000  0.000000e+000  0.000000e+000
    outer loop
      vertex  7.800000e+000  2.393363e+001  4.253086e+001
      vertex  7.800000e+000  2.243542e+001  4.162500e+001
      vertex  7.800000e+000  2.482769e+001  4.181068e+001
    endloop
  endfacet
  facet normal  1.000000e+000  0.000000e+000  -0.000000e+000
    outer loop
      vertex  7.800000e+000  2.200000e+001  4.325000e+001
      vertex  7.800000e+000  2.243542e+001  4.162500e+001
      vertex  7.800000e+000  2.393363e+001  4.253086e+001
    endloop
  endfacet
  facet normal  1.000000e+000  0.000000e+000  0.000000e+000
    outer loop
      vertex  7.800000e+000  2.200000e+001  4.325000e+001
      vertex  7.800000e+000  2.393363e+001  4.253086e+001
      vertex  7.800000e+000  2.381067e+001  4.367231e+001
    endloop
  endfacet
  facet normal  1.000000e+000  0.000000e+000  -0.000000e+000
    outer loop
      vertex  7.800000e+000  2.200000e+001  4.325000e+001
      vertex  7.800000e+000  2.381067e+001  4.367231e+001
      vertex  7.800000e+000  2.453086e+001  4.456638e+001
    endloop
  endfacet
  facet normal  1.000000e+000  0.000000e+000  0.000000e+000
    outer loop
      vertex  7.800000e+000  2.200000e+001  4.325000e+001
      vertex  7.800000e+000  2.453086e+001  4.456638e+001
      vertex  7.800000e+000  2.200000e+001  4.650000e+001
    endloop
  endfacet
  facet normal  1.000000e+000  0.000000e+000  -0.000000e+000
    outer loop
      vertex  7.800000e+000  2.200000e+001  4.650000e+001
      vertex  7.800000e+000  2.453086e+001  4.456638e+001
      vertex  7.800000e+000  2.850000e+001  4.650000e+001
    endloop
  endfacet
  facet normal  1.000000e+000  0.000000e+000  0.000000e+000
    outer loop
      vertex  7.800000e+000  2.850000e+001  4.650000e+001
      vertex  7.800000e+000  2.453086e+001  4.456638e+001
      vertex  7.800000e+000  2.567231e+001  4.468932e+001
    endloop
  endfacet
  facet normal  1.000000e+000  -0.000000e+000  0.000000e+000
    outer loop
      vertex  7.800000e+000  2.850000e+001  4.650000e+001
      vertex  7.800000e+000  2.567231e+001  4.468932e+001
      vertex  7.800000e+000  2.656637e+001  4.396914e+001
    endloop
  endfacet
  facet normal  1.000000e+000  0.000000e+000  -0.000000e+000
    outer loop
      vertex  7.800000e+000  2.243542e+001  4.162500e+001
      vertex  7.800000e+000  2.362500e+001  4.043542e+001
      vertex  7.800000e+000  2.482769e+001  4.181068e+001
    endloop
  endfacet
  facet normal  1.000000e+000  0.000000e+000  0.000000e+000
    outer loop
      vertex  7.800000e+000  2.482769e+001  4.181068e+001
      vertex  7.800000e+000  2.362500e+001  4.043542e+001
      vertex  7.800000e+000  2.525000e+001  4.000000e+001
    endloop
  endfacet
  facet normal  1.000000e+000  0.000000e+000  -0.000000e+000
    outer loop
      vertex  7.800000e+000  2.482769e+001  4.181068e+001
      vertex  7.800000e+000  2.525000e+001  4.000000e+001
      vertex  7.800000e+000  2.596914e+001  4.193362e+001
    endloop
  endfacet
  facet normal  1.000000e+000  0.000000e+000  0.000000e+000
    outer loop
      vertex  7.800000e+000  2.596914e+001  4.193362e+001
      vertex  7.800000e+000  2.525000e+001  4.000000e+001
      vertex  7.800000e+000  2.850000e+001  4.000000e+001
    endloop
  endfacet
  facet normal  1.000000e+000  0.000000e+000  0.000000e+000
    outer loop
      vertex  7.800000e+000  2.596914e+001  4.193362e+001
      vertex  7.800000e+000  2.850000e+001  4.000000e+001
      vertex  7.800000e+000  2.668933e+001  4.282769e+001
    endloop
  endfacet
  facet normal  1.000000e+000  0.000000e+000  0.000000e+000
    outer loop
      vertex  7.800000e+000  2.668933e+001  4.282769e+001
      vertex  7.800000e+000  2.850000e+001  4.000000e+001
      vertex  7.800000e+000  2.656637e+001  4.396914e+001
    endloop
  endfacet
  facet normal  1.000000e+000  -0.000000e+000  0.000000e+000
    outer loop
      vertex  7.800000e+000  2.656637e+001  4.396914e+001
      vertex  7.800000e+000  2.850000e+001  4.000000e+001
      vertex  7.800000e+000  2.850000e+001  4.650000e+001
    endloop
  endfacet
  facet normal  1.000000e+000  0.000000e+000  0.000000e+000
    outer loop
      vertex  7.800000e+000 -8.881784e-016  0.000000e+000
      vertex  7.800000e+000  6.500000e+000  0.000000e+000
      vertex  7.800000e+000  3.969138e+000  1.933626e+000
    endloop
  endfacet
  facet normal  1.000000e+000  0.000000e+000  0.000000e+000
    outer loop
      vertex  7.800000e+000 -8.881784e-016  0.000000e+000
      vertex  7.800000e+000  3.969138e+000  1.933626e+000
      vertex  7.800000e+000  2.827691e+000  1.810676e+000
    endloop
  endfacet
  facet normal  9.999999e-001  0.000000e+000  0.000000e+000
    outer loop
      vertex  7.800000e+000 -8.881784e-016  0.000000e+000
      vertex  7.800000e+000  2.827691e+000  1.810676e+000
      vertex  7.800000e+000  1.933626e+000  2.530862e+000
    endloop
  endfacet
  facet normal  1.000000e+000  0.000000e+000  0.000000e+000
    outer loop
      vertex  7.800000e+000 -8.881784e-016  0.000000e+000
      vertex  7.800000e+000  1.933626e+000  2.530862e+000
      vertex  7.800000e+000  1.810676e+000  3.672309e+000
    endloop
  endfacet
  facet normal  1.000000e+000  0.000000e+000  0.000000e+000
    outer loop
      vertex  7.800000e+000 -8.881784e-016  0.000000e+000
      vertex  7.800000e+000  1.810676e+000  3.672309e+000
      vertex  7.800000e+000  8.881784e-016  6.500000e+000
    endloop
  endfacet
  facet normal  9.999999e-001  -0.000000e+000  0.000000e+000
    outer loop
      vertex  7.800000e+000  3.250000e+000  6.500000e+000
      vertex  7.800000e+000  8.881784e-016  6.500000e+000
      vertex  7.800000e+000  1.810676e+000  3.672309e+000
    endloop
  endfacet
  facet normal  9.999999e-001  0.000000e+000  0.000000e+000
    outer loop
      vertex  7.800000e+000  3.250000e+000  6.500000e+000
      vertex  7.800000e+000  1.810676e+000  3.672309e+000
      vertex  7.800000e+000  2.530862e+000  4.566374e+000
    endloop
  endfacet
  facet normal  1.000000e+000  0.000000e+000  0.000000e+000
    outer loop
      vertex  7.800000e+000  3.250000e+000  6.500000e+000
      vertex  7.800000e+000  2.530862e+000  4.566374e+000
      vertex  7.800000e+000  3.672309e+000  4.689324e+000
    endloop
  endfacet
  facet normal  1.000000e+000  0.000000e+000  -0.000000e+000
    outer loop
      vertex  7.800000e+000  3.250000e+000  6.500000e+000
      vertex  7.800000e+000  3.672309e+000  4.689324e+000
      vertex  7.800000e+000  6.064582e+000  4.875000e+000
    endloop
  endfacet
  facet normal  1.000000e+000  0.000000e+000  0.000000e+000
    outer loop
      vertex  7.800000e+000  3.250000e+000  6.500000e+000
      vertex  7.800000e+000  6.064582e+000  4.875000e+000
      vertex  7.800000e+000  4.875000e+000  6.064582e+000
    endloop
  endfacet
  facet normal  1.000000e+000  -0.000000e+000  0.000000e+000
    outer loop
      vertex  7.800000e+000  6.064582e+000  4.875000e+000
      vertex  7.800000e+000  3.672309e+000  4.689324e+000
      vertex  7.800000e+000  6.500000e+000  3.250000e+000
    endloop
  endfacet
  facet normal  1.000000e+000  0.000000e+000  0.000000e+000
    outer loop
      vertex  7.800000e+000  6.500000e+000  3.250000e+000
      vertex  7.800000e+000  3.672309e+000  4.689324e+000
      vertex  7.800000e+000  4.566374e+000  3.969138e+000
    endloop
  endfacet
  facet normal  1.000000e+000  0.000000e+000  0.000000e+000
    outer loop
      vertex  7.800000e+000  6.500000e+000  3.250000e+000
      vertex  7.800000e+000  4.566374e+000  3.969138e+000
      vertex  7.800000e+000  4.689324e+000  2.827691e+000
    endloop
  endfacet
  facet normal  1.000000e+000  0.000000e+000  0.000000e+000
    outer loop
      vertex  7.800000e+000  4.689324e+000  2.827691e+000
      vertex  7.800000e+000  3.969138e+000  1.933626e+000
      vertex  7.800000e+000  6.500000e+000  3.250000e+000
    endloop
  endfacet
  facet normal  1.000000e+000  0.000000e+000  0.000000e+000
    outer loop
      vertex  7.800000e+000  6.500000e+000  3.250000e+000
      vertex  7.800000e+000  3.969138e+000  1.933626e+000
      vertex  7.800000e+000  6.500000e+000  0.000000e+000
    endloop
  endfacet
  facet normal  0.000000e+000  7.787677e-001 -6.273125e-001
    outer loop
      vertex  6.250000e+000  2.453086e+001  4.566374e+000
      vertex  7.800000e+000  2.381067e+001  3.672309e+000
      vertex  6.250000e+000  2.381067e+001  3.672309e+000
    endloop
  endfacet
  facet normal  -0.000000e+000  9.942487e-001  1.070959e-001
    outer loop
      vertex  6.250000e+000  2.381067e+001  3.672309e+000
      vertex  7.800000e+000  2.381067e+001  3.672309e+000
      vertex  7.800000e+000  2.393363e+001  2.530862e+000
    endloop
  endfacet
  facet normal  0.000000e+000  9.942487e-001  1.070959e-001
    outer loop
      vertex  6.250000e+000  2.381067e+001  3.672309e+000
      vertex  7.800000e+000  2.393363e+001  2.530862e+000
      vertex  6.250000e+000  2.393363e+001  2.530862e+000
    endloop
  endfacet
  facet normal  0.000000e+000  7.787677e-001 -6.273125e-001
    outer loop
      vertex  7.800000e+000  2.381067e+001  3.672309e+000
      vertex  6.250000e+000  2.453086e+001  4.566374e+000
      vertex  7.800000e+000  2.453086e+001  4.566374e+000
    endloop
  endfacet
  facet normal  0.000000e+000  1.070950e-001 -9.942487e-001
    outer loop
      vertex  7.800000e+000  2.453086e+001  4.566374e+000
      vertex  6.250000e+000  2.453086e+001  4.566374e+000
      vertex  6.250000e+000  2.567231e+001  4.689324e+000
    endloop
  endfacet
  facet normal  0.000000e+000  1.070950e-001 -9.942487e-001
    outer loop
      vertex  7.800000e+000  2.453086e+001  4.566374e+000
      vertex  6.250000e+000  2.567231e+001  4.689324e+000
      vertex  7.800000e+000  2.567231e+001  4.689324e+000
    endloop
  endfacet
  facet normal  -0.000000e+000 -6.273125e-001 -7.787676e-001
    outer loop
      vertex  7.800000e+000  2.567231e+001  4.689324e+000
      vertex  6.250000e+000  2.567231e+001  4.689324e+000
      vertex  6.250000e+000  2.656637e+001  3.969138e+000
    endloop
  endfacet
  facet normal  0.000000e+000 -6.273125e-001 -7.787676e-001
    outer loop
      vertex  7.800000e+000  2.567231e+001  4.689324e+000
      vertex  6.250000e+000  2.656637e+001  3.969138e+000
      vertex  7.800000e+000  2.656637e+001  3.969138e+000
    endloop
  endfacet
  facet normal  0.000000e+000 -7.787677e-001  6.273125e-001
    outer loop
      vertex  6.250000e+000  2.596914e+001  1.933626e+000
      vertex  7.800000e+000  2.668933e+001  2.827691e+000
      vertex  6.250000e+000  2.668933e+001  2.827691e+000
    endloop
  endfacet
  facet normal  0.000000e+000 -9.942487e-001 -1.070959e-001
    outer loop
      vertex  6.250000e+000  2.668933e+001  2.827691e+000
      vertex  7.800000e+000  2.668933e+001  2.827691e+000
      vertex  7.800000e+000  2.656637e+001  3.969138e+000
    endloop
  endfacet
  facet normal  -0.000000e+000 -9.942487e-001 -1.070959e-001
    outer loop
      vertex  6.250000e+000  2.668933e+001  2.827691e+000
      vertex  7.800000e+000  2.656637e+001  3.969138e+000
      vertex  6.250000e+000  2.656637e+001  3.969138e+000
    endloop
  endfacet
  facet normal  0.000000e+000 -7.787677e-001  6.273125e-001
    outer loop
      vertex  7.800000e+000  2.668933e+001  2.827691e+000
      vertex  6.250000e+000  2.596914e+001  1.933626e+000
      vertex  7.800000e+000  2.596914e+001  1.933626e+000
    endloop
  endfacet
  facet normal  0.000000e+000 -1.070951e-001  9.942487e-001
    outer loop
      vertex  7.800000e+000  2.596914e+001  1.933626e+000
      vertex  6.250000e+000  2.596914e+001  1.933626e+000
      vertex  6.250000e+000  2.482769e+001  1.810676e+000
    endloop
  endfacet
  facet normal  0.000000e+000 -1.070951e-001  9.942487e-001
    outer loop
      vertex  7.800000e+000  2.596914e+001  1.933626e+000
      vertex  6.250000e+000  2.482769e+001  1.810676e+000
      vertex  7.800000e+000  2.482769e+001  1.810676e+000
    endloop
  endfacet
  facet normal  0.000000e+000  6.273126e-001  7.787675e-001
    outer loop
      vertex  7.800000e+000  2.482769e+001  1.810676e+000
      vertex  6.250000e+000  2.482769e+001  1.810676e+000
      vertex  6.250000e+000  2.393363e+001  2.530862e+000
    endloop
  endfacet
  facet normal  -0.000000e+000  6.273126e-001  7.787675e-001
    outer loop
      vertex  7.800000e+000  2.482769e+001  1.810676e+000
      vertex  6.250000e+000  2.393363e+001  2.530862e+000
      vertex  7.800000e+000  2.393363e+001  2.530862e+000
    endloop
  endfacet
  facet normal  0.000000e+000 -9.036935e-001  4.281799e-001
    outer loop
      vertex  0.000000e+000  2.724966e+001  1.362180e+000
      vertex  5.000000e+000  2.797739e+001  2.898092e+000
      vertex  0.000000e+000  2.797739e+001  2.898092e+000
    endloop
  endfacet
  facet normal  0.000000e+000 -9.827814e-001 -1.847720e-001
    outer loop
      vertex  0.000000e+000  2.797739e+001  2.898092e+000
      vertex  5.000000e+000  2.797739e+001  2.898092e+000
      vertex  5.000000e+000  2.766335e+001  4.568420e+000
    endloop
  endfacet
  facet normal  -0.000000e+000 -9.827814e-001 -1.847720e-001
    outer loop
      vertex  0.000000e+000  2.797739e+001  2.898092e+000
      vertex  5.000000e+000  2.766335e+001  4.568420e+000
      vertex  0.000000e+000  2.766335e+001  4.568420e+000
    endloop
  endfacet
  facet normal  0.000000e+000 -9.036935e-001  4.281799e-001
    outer loop
      vertex  5.000000e+000  2.797739e+001  2.898092e+000
      vertex  0.000000e+000  2.724966e+001  1.362180e+000
      vertex  5.000000e+000  2.724966e+001  1.362180e+000
    endloop
  endfacet
  facet normal  0.000000e+000 -4.794257e-001  8.775826e-001
    outer loop
      vertex  5.000000e+000  2.724966e+001  1.362180e+000
      vertex  0.000000e+000  2.724966e+001  1.362180e+000
      vertex  0.000000e+000  2.575813e+001  5.473515e-001
    endloop
  endfacet
  facet normal  0.000000e+000 -4.794257e-001  8.775826e-001
    outer loop
      vertex  5.000000e+000  2.724966e+001  1.362180e+000
      vertex  0.000000e+000  2.575813e+001  5.473515e-001
      vertex  5.000000e+000  2.575813e+001  5.473515e-001
    endloop
  endfacet
  facet normal  0.000000e+000  1.279667e-001  9.917785e-001
    outer loop
      vertex  5.000000e+000  2.575813e+001  5.473515e-001
      vertex  0.000000e+000  2.575813e+001  5.473515e-001
      vertex  0.000000e+000  2.407251e+001  7.648429e-001
    endloop
  endfacet
  facet normal  -0.000000e+000  1.279667e-001  9.917785e-001
    outer loop
      vertex  5.000000e+000  2.575813e+001  5.473515e-001
      vertex  0.000000e+000  2.407251e+001  7.648429e-001
      vertex  5.000000e+000  2.407251e+001  7.648429e-001
    endloop
  endfacet
  facet normal  0.000000e+000  6.864794e-001  7.271491e-001
    outer loop
      vertex  5.000000e+000  2.407251e+001  7.648429e-001
      vertex  0.000000e+000  2.407251e+001  7.648429e-001
      vertex  0.000000e+000  2.283665e+001  1.931580e+000
    endloop
  endfacet
  facet normal  -0.000000e+000  6.864794e-001  7.271491e-001
    outer loop
      vertex  5.000000e+000  2.407251e+001  7.648429e-001
      vertex  0.000000e+000  2.283665e+001  1.931580e+000
      vertex  5.000000e+000  2.283665e+001  1.931580e+000
    endloop
  endfacet
  facet normal  0.000000e+000  9.036934e-001 -4.281799e-001
    outer loop
      vertex  0.000000e+000  2.325034e+001  5.137820e+000
      vertex  5.000000e+000  2.252261e+001  3.601908e+000
      vertex  0.000000e+000  2.252261e+001  3.601908e+000
    endloop
  endfacet
  facet normal  -0.000000e+000  9.827814e-001  1.847721e-001
    outer loop
      vertex  0.000000e+000  2.252261e+001  3.601908e+000
      vertex  5.000000e+000  2.252261e+001  3.601908e+000
      vertex  5.000000e+000  2.283665e+001  1.931580e+000
    endloop
  endfacet
  facet normal  0.000000e+000  9.827814e-001  1.847721e-001
    outer loop
      vertex  0.000000e+000  2.252261e+001  3.601908e+000
      vertex  5.000000e+000  2.283665e+001  1.931580e+000
      vertex  0.000000e+000  2.283665e+001  1.931580e+000
    endloop
  endfacet
  facet normal  0.000000e+000  9.036934e-001 -4.281799e-001
    outer loop
      vertex  5.000000e+000  2.252261e+001  3.601908e+000
      vertex  0.000000e+000  2.325034e+001  5.137820e+000
      vertex  5.000000e+000  2.325034e+001  5.137820e+000
    endloop
  endfacet
  facet normal  0.000000e+000  4.794258e-001 -8.775824e-001
    outer loop
      vertex  5.000000e+000  2.325034e+001  5.137820e+000
      vertex  0.000000e+000  2.325034e+001  5.137820e+000
      vertex  0.000000e+000  2.474187e+001  5.952649e+000
    endloop
  endfacet
  facet normal  0.000000e+000  4.794258e-001 -8.775824e-001
    outer loop
      vertex  5.000000e+000  2.325034e+001  5.137820e+000
      vertex  0.000000e+000  2.474187e+001  5.952649e+000
      vertex  5.000000e+000  2.474187e+001  5.952649e+000
    endloop
  endfacet
  facet normal  -0.000000e+000 -1.279669e-001 -9.917785e-001
    outer loop
      vertex  5.000000e+000  2.474187e+001  5.952649e+000
      vertex  0.000000e+000  2.474187e+001  5.952649e+000
      vertex  0.000000e+000  2.642749e+001  5.735157e+000
    endloop
  endfacet
  facet normal  0.000000e+000 -1.279669e-001 -9.917785e-001
    outer loop
      vertex  5.000000e+000  2.474187e+001  5.952649e+000
      vertex  0.000000e+000  2.642749e+001  5.735157e+000
      vertex  5.000000e+000  2.642749e+001  5.735157e+000
    endloop
  endfacet
  facet normal  -0.000000e+000 -6.864794e-001 -7.271492e-001
    outer loop
      vertex  5.000000e+000  2.642749e+001  5.735157e+000
      vertex  0.000000e+000  2.642749e+001  5.735157e+000
      vertex  0.000000e+000  2.766335e+001  4.568420e+000
    endloop
  endfacet
  facet normal  0.000000e+000 -6.864794e-001 -7.271492e-001
    outer loop
      vertex  5.000000e+000  2.642749e+001  5.735157e+000
      vertex  0.000000e+000  2.766335e+001  4.568420e+000
      vertex  5.000000e+000  2.766335e+001  4.568420e+000
    endloop
  endfacet
  facet normal  0.000000e+000  7.787677e-001 -6.273124e-001
    outer loop
      vertex  6.250000e+000  2.530862e+000  4.566374e+000
      vertex  7.800000e+000  1.810676e+000  3.672309e+000
      vertex  6.250000e+000  1.810676e+000  3.672309e+000
    endloop
  endfacet
  facet normal  -0.000000e+000  9.942487e-001  1.070952e-001
    outer loop
      vertex  6.250000e+000  1.810676e+000  3.672309e+000
      vertex  7.800000e+000  1.810676e+000  3.672309e+000
      vertex  7.800000e+000  1.933626e+000  2.530862e+000
    endloop
  endfacet
  facet normal  0.000000e+000  9.942487e-001  1.070952e-001
    outer loop
      vertex  6.250000e+000  1.810676e+000  3.672309e+000
      vertex  7.800000e+000  1.933626e+000  2.530862e+000
      vertex  6.250000e+000  1.933626e+000  2.530862e+000
    endloop
  endfacet
  facet normal  0.000000e+000  7.787677e-001 -6.273124e-001
    outer loop
      vertex  7.800000e+000  1.810676e+000  3.672309e+000
      vertex  6.250000e+000  2.530862e+000  4.566374e+000
      vertex  7.800000e+000  2.530862e+000  4.566374e+000
    endloop
  endfacet
  facet normal  0.000000e+000  1.070951e-001 -9.942487e-001
    outer loop
      vertex  7.800000e+000  2.530862e+000  4.566374e+000
      vertex  6.250000e+000  2.530862e+000  4.566374e+000
      vertex  6.250000e+000  3.672309e+000  4.689324e+000
    endloop
  endfacet
  facet normal  0.000000e+000  1.070951e-001 -9.942487e-001
    outer loop
      vertex  7.800000e+000  2.530862e+000  4.566374e+000
      vertex  6.250000e+000  3.672309e+000  4.689324e+000
      vertex  7.800000e+000  3.672309e+000  4.689324e+000
    endloop
  endfacet
  facet normal  -0.000000e+000 -6.273123e-001 -7.787677e-001
    outer loop
      vertex  7.800000e+000  3.672309e+000  4.689324e+000
      vertex  6.250000e+000  3.672309e+000  4.689324e+000
      vertex  6.250000e+000  4.566374e+000  3.969138e+000
    endloop
  endfacet
  facet normal  0.000000e+000 -6.273123e-001 -7.787677e-001
    outer loop
      vertex  7.800000e+000  3.672309e+000  4.689324e+000
      vertex  6.250000e+000  4.566374e+000  3.969138e+000
      vertex  7.800000e+000  4.566374e+000  3.969138e+000
    endloop
  endfacet
  facet normal  0.000000e+000 -7.787677e-001  6.273123e-001
    outer loop
      vertex  6.250000e+000  3.969138e+000  1.933626e+000
      vertex  7.800000e+000  4.689324e+000  2.827691e+000
      vertex  6.250000e+000  4.689324e+000  2.827691e+000
    endloop
  endfacet
  facet normal  0.000000e+000 -9.942487e-001 -1.070951e-001
    outer loop
      vertex  6.250000e+000  4.689324e+000  2.827691e+000
      vertex  7.800000e+000  4.689324e+000  2.827691e+000
      vertex  7.800000e+000  4.566374e+000  3.969138e+000
    endloop
  endfacet
  facet normal  -0.000000e+000 -9.942487e-001 -1.070951e-001
    outer loop
      vertex  6.250000e+000  4.689324e+000  2.827691e+000
      vertex  7.800000e+000  4.566374e+000  3.969138e+000
      vertex  6.250000e+000  4.566374e+000  3.969138e+000
    endloop
  endfacet
  facet normal  0.000000e+000 -7.787677e-001  6.273123e-001
    outer loop
      vertex  7.800000e+000  4.689324e+000  2.827691e+000
      vertex  6.250000e+000  3.969138e+000  1.933626e+000
      vertex  7.800000e+000  3.969138e+000  1.933626e+000
    endloop
  endfacet
  facet normal  0.000000e+000 -1.070952e-001  9.942487e-001
    outer loop
      vertex  7.800000e+000  3.969138e+000  1.933626e+000
      vertex  6.250000e+000  3.969138e+000  1.933626e+000
      vertex  6.250000e+000  2.827691e+000  1.810676e+000
    endloop
  endfacet
  facet normal  0.000000e+000 -1.070952e-001  9.942487e-001
    outer loop
      vertex  7.800000e+000  3.969138e+000  1.933626e+000
      vertex  6.250000e+000  2.827691e+000  1.810676e+000
      vertex  7.800000e+000  2.827691e+000  1.810676e+000
    endloop
  endfacet
  facet normal  0.000000e+000  6.273124e-001  7.787677e-001
    outer loop
      vertex  7.800000e+000  2.827691e+000  1.810676e+000
      vertex  6.250000e+000  2.827691e+000  1.810676e+000
      vertex  6.250000e+000  1.933626e+000  2.530862e+000
    endloop
  endfacet
  facet normal  -0.000000e+000  6.273124e-001  7.787677e-001
    outer loop
      vertex  7.800000e+000  2.827691e+000  1.810676e+000
      vertex  6.250000e+000  1.933626e+000  2.530862e+000
      vertex  7.800000e+000  1.933626e+000  2.530862e+000
    endloop
  endfacet
  facet normal  0.000000e+000 -9.036935e-001  4.281799e-001
    outer loop
      vertex  0.000000e+000  5.249659e+000  1.362180e+000
      vertex  5.000000e+000  5.977391e+000  2.898092e+000
      vertex  0.000000e+000  5.977391e+000  2.898092e+000
    endloop
  endfacet
  facet normal  0.000000e+000 -9.827812e-001 -1.847728e-001
    outer loop
      vertex  0.000000e+000  5.977391e+000  2.898092e+000
      vertex  5.000000e+000  5.977391e+000  2.898092e+000
      vertex  5.000000e+000  5.663352e+000  4.568420e+000
    endloop
  endfacet
  facet normal  -0.000000e+000 -9.827812e-001 -1.847728e-001
    outer loop
      vertex  0.000000e+000  5.977391e+000  2.898092e+000
      vertex  5.000000e+000  5.663352e+000  4.568420e+000
      vertex  0.000000e+000  5.663352e+000  4.568420e+000
    endloop
  endfacet
  facet normal  0.000000e+000 -9.036935e-001  4.281799e-001
    outer loop
      vertex  5.000000e+000  5.977391e+000  2.898092e+000
      vertex  0.000000e+000  5.249659e+000  1.362180e+000
      vertex  5.000000e+000  5.249659e+000  1.362180e+000
    endloop
  endfacet
  facet normal  0.000000e+000 -4.794255e-001  8.775825e-001
    outer loop
      vertex  5.000000e+000  5.249659e+000  1.362180e+000
      vertex  0.000000e+000  5.249659e+000  1.362180e+000
      vertex  0.000000e+000  3.758125e+000  5.473515e-001
    endloop
  endfacet
  facet normal  0.000000e+000 -4.794255e-001  8.775825e-001
    outer loop
      vertex  5.000000e+000  5.249659e+000  1.362180e+000
      vertex  0.000000e+000  3.758125e+000  5.473515e-001
      vertex  5.000000e+000  3.758125e+000  5.473515e-001
    endloop
  endfacet
  facet normal  0.000000e+000  1.279667e-001  9.917785e-001
    outer loop
      vertex  5.000000e+000  3.758125e+000  5.473515e-001
      vertex  0.000000e+000  3.758125e+000  5.473515e-001
      vertex  0.000000e+000  2.072505e+000  7.648429e-001
    endloop
  endfacet
  facet normal  -0.000000e+000  1.279667e-001  9.917785e-001
    outer loop
      vertex  5.000000e+000  3.758125e+000  5.473515e-001
      vertex  0.000000e+000  2.072505e+000  7.648429e-001
      vertex  5.000000e+000  2.072505e+000  7.648429e-001
    endloop
  endfacet
  facet normal  0.000000e+000  6.864800e-001  7.271487e-001
    outer loop
      vertex  5.000000e+000  2.072505e+000  7.648429e-001
      vertex  0.000000e+000  2.072505e+000  7.648429e-001
      vertex  0.000000e+000  8.366479e-001  1.931580e+000
    endloop
  endfacet
  facet normal  -0.000000e+000  6.864800e-001  7.271487e-001
    outer loop
      vertex  5.000000e+000  2.072505e+000  7.648429e-001
      vertex  0.000000e+000  8.366479e-001  1.931580e+000
      vertex  5.000000e+000  8.366479e-001  1.931580e+000
    endloop
  endfacet
  facet normal  0.000000e+000  9.036934e-001 -4.281799e-001
    outer loop
      vertex  0.000000e+000  1.250341e+000  5.137820e+000
      vertex  5.000000e+000  5.226092e-001  3.601908e+000
      vertex  0.000000e+000  5.226092e-001  3.601908e+000
    endloop
  endfacet
  facet normal  -0.000000e+000  9.827813e-001  1.847728e-001
    outer loop
      vertex  0.000000e+000  5.226092e-001  3.601908e+000
      vertex  5.000000e+000  5.226092e-001  3.601908e+000
      vertex  5.000000e+000  8.366479e-001  1.931580e+000
    endloop
  endfacet
  facet normal  0.000000e+000  9.827813e-001  1.847728e-001
    outer loop
      vertex  0.000000e+000  5.226092e-001  3.601908e+000
      vertex  5.000000e+000  8.366479e-001  1.931580e+000
      vertex  0.000000e+000  8.366479e-001  1.931580e+000
    endloop
  endfacet
  facet normal  0.000000e+000  9.036934e-001 -4.281799e-001
    outer loop
      vertex  5.000000e+000  5.226092e-001  3.601908e+000
      vertex  0.000000e+000  1.250341e+000  5.137820e+000
      vertex  5.000000e+000  1.250341e+000  5.137820e+000
    endloop
  endfacet
  facet normal  0.000000e+000  4.794257e-001 -8.775824e-001
    outer loop
      vertex  5.000000e+000  1.250341e+000  5.137820e+000
      vertex  0.000000e+000  1.250341e+000  5.137820e+000
      vertex  0.000000e+000  2.741875e+000  5.952649e+000
    endloop
  endfacet
  facet normal  0.000000e+000  4.794257e-001 -8.775824e-001
    outer loop
      vertex  5.000000e+000  1.250341e+000  5.137820e+000
      vertex  0.000000e+000  2.741875e+000  5.952649e+000
      vertex  5.000000e+000  2.741875e+000  5.952649e+000
    endloop
  endfacet
  facet normal  -0.000000e+000 -1.279669e-001 -9.917785e-001
    outer loop
      vertex  5.000000e+000  2.741875e+000  5.952649e+000
      vertex  0.000000e+000  2.741875e+000  5.952649e+000
      vertex  0.000000e+000  4.427495e+000  5.735157e+000
    endloop
  endfacet
  facet normal  0.000000e+000 -1.279669e-001 -9.917785e-001
    outer loop
      vertex  5.000000e+000  2.741875e+000  5.952649e+000
      vertex  0.000000e+000  4.427495e+000  5.735157e+000
      vertex  5.000000e+000  4.427495e+000  5.735157e+000
    endloop
  endfacet
  facet normal  -0.000000e+000 -6.864799e-001 -7.271488e-001
    outer loop
      vertex  5.000000e+000  4.427495e+000  5.735157e+000
      vertex  0.000000e+000  4.427495e+000  5.735157e+000
      vertex  0.000000e+000  5.663352e+000  4.568420e+000
    endloop
  endfacet
  facet normal  0.000000e+000 -6.864799e-001 -7.271488e-001
    outer loop
      vertex  5.000000e+000  4.427495e+000  5.735157e+000
      vertex  0.000000e+000  5.663352e+000  4.568420e+000
      vertex  5.000000e+000  5.663352e+000  4.568420e+000
    endloop
  endfacet
  facet normal  0.000000e+000  7.787681e-001 -6.273118e-001
    outer loop
      vertex  6.250000e+000  2.453086e+001  4.456638e+001
      vertex  7.800000e+000  2.381067e+001  4.367231e+001
      vertex  6.250000e+000  2.381067e+001  4.367231e+001
    endloop
  endfacet
  facet normal  -0.000000e+000  9.942487e-001  1.070958e-001
    outer loop
      vertex  6.250000e+000  2.381067e+001  4.367231e+001
      vertex  7.800000e+000  2.381067e+001  4.367231e+001
      vertex  7.800000e+000  2.393363e+001  4.253086e+001
    endloop
  endfacet
  facet normal  0.000000e+000  9.942487e-001  1.070958e-001
    outer loop
      vertex  6.250000e+000  2.381067e+001  4.367231e+001
      vertex  7.800000e+000  2.393363e+001  4.253086e+001
      vertex  6.250000e+000  2.393363e+001  4.253086e+001
    endloop
  endfacet
  facet normal  0.000000e+000  7.787681e-001 -6.273118e-001
    outer loop
      vertex  7.800000e+000  2.381067e+001  4.367231e+001
      vertex  6.250000e+000  2.453086e+001  4.456638e+001
      vertex  7.800000e+000  2.453086e+001  4.456638e+001
    endloop
  endfacet
  facet normal  0.000000e+000  1.070925e-001 -9.942490e-001
    outer loop
      vertex  7.800000e+000  2.453086e+001  4.456638e+001
      vertex  6.250000e+000  2.453086e+001  4.456638e+001
      vertex  6.250000e+000  2.567231e+001  4.468932e+001
    endloop
  endfacet
  facet normal  0.000000e+000  1.070925e-001 -9.942490e-001
    outer loop
      vertex  7.800000e+000  2.453086e+001  4.456638e+001
      vertex  6.250000e+000  2.567231e+001  4.468932e+001
      vertex  7.800000e+000  2.567231e+001  4.468932e+001
    endloop
  endfacet
  facet normal  -0.000000e+000 -6.273116e-001 -7.787683e-001
    outer loop
      vertex  7.800000e+000  2.567231e+001  4.468932e+001
      vertex  6.250000e+000  2.567231e+001  4.468932e+001
      vertex  6.250000e+000  2.656637e+001  4.396914e+001
    endloop
  endfacet
  facet normal  0.000000e+000 -6.273116e-001 -7.787683e-001
    outer loop
      vertex  7.800000e+000  2.567231e+001  4.468932e+001
      vertex  6.250000e+000  2.656637e+001  4.396914e+001
      vertex  7.800000e+000  2.656637e+001  4.396914e+001
    endloop
  endfacet
  facet normal  0.000000e+000 -7.787681e-001  6.273118e-001
    outer loop
      vertex  6.250000e+000  2.596914e+001  4.193362e+001
      vertex  7.800000e+000  2.668933e+001  4.282769e+001
      vertex  6.250000e+000  2.668933e+001  4.282769e+001
    endloop
  endfacet
  facet normal  0.000000e+000 -9.942487e-001 -1.070958e-001
    outer loop
      vertex  6.250000e+000  2.668933e+001  4.282769e+001
      vertex  7.800000e+000  2.668933e+001  4.282769e+001
      vertex  7.800000e+000  2.656637e+001  4.396914e+001
    endloop
  endfacet
  facet normal  -0.000000e+000 -9.942487e-001 -1.070958e-001
    outer loop
      vertex  6.250000e+000  2.668933e+001  4.282769e+001
      vertex  7.800000e+000  2.656637e+001  4.396914e+001
      vertex  6.250000e+000  2.656637e+001  4.396914e+001
    endloop
  endfacet
  facet normal  0.000000e+000 -7.787681e-001  6.273118e-001
    outer loop
      vertex  7.800000e+000  2.668933e+001  4.282769e+001
      vertex  6.250000e+000  2.596914e+001  4.193362e+001
      vertex  7.800000e+000  2.596914e+001  4.193362e+001
    endloop
  endfacet
  facet normal  0.000000e+000 -1.070925e-001  9.942490e-001
    outer loop
      vertex  7.800000e+000  2.596914e+001  4.193362e+001
      vertex  6.250000e+000  2.596914e+001  4.193362e+001
      vertex  6.250000e+000  2.482769e+001  4.181068e+001
    endloop
  endfacet
  facet normal  0.000000e+000 -1.070925e-001  9.942490e-001
    outer loop
      vertex  7.800000e+000  2.596914e+001  4.193362e+001
      vertex  6.250000e+000  2.482769e+001  4.181068e+001
      vertex  7.800000e+000  2.482769e+001  4.181068e+001
    endloop
  endfacet
  facet normal  0.000000e+000  6.273116e-001  7.787683e-001
    outer loop
      vertex  7.800000e+000  2.482769e+001  4.181068e+001
      vertex  6.250000e+000  2.482769e+001  4.181068e+001
      vertex  6.250000e+000  2.393363e+001  4.253086e+001
    endloop
  endfacet
  facet normal  -0.000000e+000  6.273116e-001  7.787683e-001
    outer loop
      vertex  7.800000e+000  2.482769e+001  4.181068e+001
      vertex  6.250000e+000  2.393363e+001  4.253086e+001
      vertex  7.800000e+000  2.393363e+001  4.253086e+001
    endloop
  endfacet
  facet normal  0.000000e+000 -9.036936e-001  4.281799e-001
    outer loop
      vertex  0.000000e+000  2.724966e+001  4.136218e+001
      vertex  5.000000e+000  2.797739e+001  4.289809e+001
      vertex  0.000000e+000  2.797739e+001  4.289809e+001
    endloop
  endfacet
  facet normal  0.000000e+000 -9.827814e-001 -1.847719e-001
    outer loop
      vertex  0.000000e+000  2.797739e+001  4.289809e+001
      vertex  5.000000e+000  2.797739e+001  4.289809e+001
      vertex  5.000000e+000  2.766335e+001  4.456842e+001
    endloop
  endfacet
  facet normal  -0.000000e+000 -9.827814e-001 -1.847719e-001
    outer loop
      vertex  0.000000e+000  2.797739e+001  4.289809e+001
      vertex  5.000000e+000  2.766335e+001  4.456842e+001
      vertex  0.000000e+000  2.766335e+001  4.456842e+001
    endloop
  endfacet
  facet normal  0.000000e+000 -9.036936e-001  4.281799e-001
    outer loop
      vertex  5.000000e+000  2.797739e+001  4.289809e+001
      vertex  0.000000e+000  2.724966e+001  4.136218e+001
      vertex  5.000000e+000  2.724966e+001  4.136218e+001
    endloop
  endfacet
  facet normal  0.000000e+000 -4.794249e-001  8.775830e-001
    outer loop
      vertex  5.000000e+000  2.724966e+001  4.136218e+001
      vertex  0.000000e+000  2.724966e+001  4.136218e+001
      vertex  0.000000e+000  2.575813e+001  4.054735e+001
    endloop
  endfacet
  facet normal  0.000000e+000 -4.794249e-001  8.775830e-001
    outer loop
      vertex  5.000000e+000  2.724966e+001  4.136218e+001
      vertex  0.000000e+000  2.575813e+001  4.054735e+001
      vertex  5.000000e+000  2.575813e+001  4.054735e+001
    endloop
  endfacet
  facet normal  0.000000e+000  1.279666e-001  9.917785e-001
    outer loop
      vertex  5.000000e+000  2.575813e+001  4.054735e+001
      vertex  0.000000e+000  2.575813e+001  4.054735e+001
      vertex  0.000000e+000  2.407251e+001  4.076484e+001
    endloop
  endfacet
  facet normal  -0.000000e+000  1.279666e-001  9.917785e-001
    outer loop
      vertex  5.000000e+000  2.575813e+001  4.054735e+001
      vertex  0.000000e+000  2.407251e+001  4.076484e+001
      vertex  5.000000e+000  2.407251e+001  4.076484e+001
    endloop
  endfacet
  facet normal  0.000000e+000  6.864794e-001  7.271492e-001
    outer loop
      vertex  5.000000e+000  2.407251e+001  4.076484e+001
      vertex  0.000000e+000  2.407251e+001  4.076484e+001
      vertex  0.000000e+000  2.283665e+001  4.193158e+001
    endloop
  endfacet
  facet normal  -0.000000e+000  6.864794e-001  7.271492e-001
    outer loop
      vertex  5.000000e+000  2.407251e+001  4.076484e+001
      vertex  0.000000e+000  2.283665e+001  4.193158e+001
      vertex  5.000000e+000  2.283665e+001  4.193158e+001
    endloop
  endfacet
  facet normal  0.000000e+000  9.036936e-001 -4.281799e-001
    outer loop
      vertex  0.000000e+000  2.325034e+001  4.513782e+001
      vertex  5.000000e+000  2.252261e+001  4.360191e+001
      vertex  0.000000e+000  2.252261e+001  4.360191e+001
    endloop
  endfacet
  facet normal  -0.000000e+000  9.827814e-001  1.847719e-001
    outer loop
      vertex  0.000000e+000  2.252261e+001  4.360191e+001
      vertex  5.000000e+000  2.252261e+001  4.360191e+001
      vertex  5.000000e+000  2.283665e+001  4.193158e+001
    endloop
  endfacet
  facet normal  0.000000e+000  9.827814e-001  1.847719e-001
    outer loop
      vertex  0.000000e+000  2.252261e+001  4.360191e+001
      vertex  5.000000e+000  2.283665e+001  4.193158e+001
      vertex  0.000000e+000  2.283665e+001  4.193158e+001
    endloop
  endfacet
  facet normal  0.000000e+000  9.036936e-001 -4.281799e-001
    outer loop
      vertex  5.000000e+000  2.252261e+001  4.360191e+001
      vertex  0.000000e+000  2.325034e+001  4.513782e+001
      vertex  5.000000e+000  2.325034e+001  4.513782e+001
    endloop
  endfacet
  facet normal  0.000000e+000  4.794249e-001 -8.775830e-001
    outer loop
      vertex  5.000000e+000  2.325034e+001  4.513782e+001
      vertex  0.000000e+000  2.325034e+001  4.513782e+001
      vertex  0.000000e+000  2.474187e+001  4.595265e+001
    endloop
  endfacet
  facet normal  0.000000e+000  4.794249e-001 -8.775830e-001
    outer loop
      vertex  5.000000e+000  2.325034e+001  4.513782e+001
      vertex  0.000000e+000  2.474187e+001  4.595265e+001
      vertex  5.000000e+000  2.474187e+001  4.595265e+001
    endloop
  endfacet
  facet normal  -0.000000e+000 -1.279666e-001 -9.917785e-001
    outer loop
      vertex  5.000000e+000  2.474187e+001  4.595265e+001
      vertex  0.000000e+000  2.474187e+001  4.595265e+001
      vertex  0.000000e+000  2.642749e+001  4.573516e+001
    endloop
  endfacet
  facet normal  0.000000e+000 -1.279666e-001 -9.917785e-001
    outer loop
      vertex  5.000000e+000  2.474187e+001  4.595265e+001
      vertex  0.000000e+000  2.642749e+001  4.573516e+001
      vertex  5.000000e+000  2.642749e+001  4.573516e+001
    endloop
  endfacet
  facet normal  -0.000000e+000 -6.864794e-001 -7.271492e-001
    outer loop
      vertex  5.000000e+000  2.642749e+001  4.573516e+001
      vertex  0.000000e+000  2.642749e+001  4.573516e+001
      vertex  0.000000e+000  2.766335e+001  4.456842e+001
    endloop
  endfacet
  facet normal  0.000000e+000 -6.864794e-001 -7.271492e-001
    outer loop
      vertex  5.000000e+000  2.642749e+001  4.573516e+001
      vertex  0.000000e+000  2.766335e+001  4.456842e+001
      vertex  5.000000e+000  2.766335e+001  4.456842e+001
    endloop
  endfacet
  facet normal -7.176667e-001  4.368522e-001  5.423234e-001
    outer loop
      vertex  6.250000e+000  2.482769e+001  1.810676e+000
      vertex  5.000000e+000  2.407251e+001  7.648429e-001
      vertex  6.250000e+000  2.393363e+001  2.530862e+000
    endloop
  endfacet
  facet normal -6.891519e-001  4.974347e-001  5.269046e-001
    outer loop
      vertex  5.000000e+000  2.407251e+001  7.648429e-001
      vertex  5.000000e+000  2.283665e+001  1.931580e+000
      vertex  6.250000e+000  2.393363e+001  2.530862e+000
    endloop
  endfacet
  facet normal -6.891519e-001 -7.121400e-001 -1.338889e-001
    outer loop
      vertex  5.000000e+000  2.766335e+001  4.568420e+000
      vertex  5.000000e+000  2.797739e+001  2.898092e+000
      vertex  6.250000e+000  2.656637e+001  3.969138e+000
    endloop
  endfacet
  facet normal -7.176666e-001 -6.923818e-001 -7.458019e-002
    outer loop
      vertex  5.000000e+000  2.797739e+001  2.898092e+000
      vertex  6.250000e+000  2.668933e+001  2.827691e+000
      vertex  6.250000e+000  2.656637e+001  3.969138e+000
    endloop
  endfacet
  facet normal -6.718640e-001 -6.693429e-001  3.171420e-001
    outer loop
      vertex  5.000000e+000  2.797739e+001  2.898092e+000
      vertex  5.000000e+000  2.724966e+001  1.362180e+000
      vertex  6.250000e+000  2.668933e+001  2.827691e+000
    endloop
  endfacet
  facet normal -6.657944e-001 -3.577164e-001  6.547953e-001
    outer loop
      vertex  5.000000e+000  2.724966e+001  1.362180e+000
      vertex  5.000000e+000  2.575813e+001  5.473515e-001
      vertex  6.250000e+000  2.596914e+001  1.933626e+000
    endloop
  endfacet
  facet normal -7.351865e-001 -5.278993e-001  4.252331e-001
    outer loop
      vertex  6.250000e+000  2.668933e+001  2.827691e+000
      vertex  5.000000e+000  2.724966e+001  1.362180e+000
      vertex  6.250000e+000  2.596914e+001  1.933626e+000
    endloop
  endfacet
  facet normal -6.718643e-001  9.478169e-002  7.345849e-001
    outer loop
      vertex  5.000000e+000  2.575813e+001  5.473515e-001
      vertex  5.000000e+000  2.407251e+001  7.648429e-001
      vertex  6.250000e+000  2.482769e+001  1.810676e+000
    endloop
  endfacet
  facet normal -7.351867e-001 -7.259589e-002  6.739661e-001
    outer loop
      vertex  6.250000e+000  2.596914e+001  1.933626e+000
      vertex  5.000000e+000  2.575813e+001  5.473515e-001
      vertex  6.250000e+000  2.482769e+001  1.810676e+000
    endloop
  endfacet
  facet normal -7.176666e-001 -4.368522e-001 -5.423234e-001
    outer loop
      vertex  6.250000e+000  2.567231e+001  4.689324e+000
      vertex  5.000000e+000  2.642749e+001  5.735157e+000
      vertex  6.250000e+000  2.656637e+001  3.969138e+000
    endloop
  endfacet
  facet normal -6.891519e-001 -4.974346e-001 -5.269047e-001
    outer loop
      vertex  5.000000e+000  2.642749e+001  5.735157e+000
      vertex  5.000000e+000  2.766335e+001  4.568420e+000
      vertex  6.250000e+000  2.656637e+001  3.969138e+000
    endloop
  endfacet
  facet normal -6.891519e-001  7.121400e-001  1.338889e-001
    outer loop
      vertex  5.000000e+000  2.283665e+001  1.931580e+000
      vertex  5.000000e+000  2.252261e+001  3.601908e+000
      vertex  6.250000e+000  2.393363e+001  2.530862e+000
    endloop
  endfacet
  facet normal -7.176666e-001  6.923818e-001  7.458019e-002
    outer loop
      vertex  5.000000e+000  2.252261e+001  3.601908e+000
      vertex  6.250000e+000  2.381067e+001  3.672309e+000
      vertex  6.250000e+000  2.393363e+001  2.530862e+000
    endloop
  endfacet
  facet normal -6.718640e-001  6.693428e-001 -3.171420e-001
    outer loop
      vertex  5.000000e+000  2.252261e+001  3.601908e+000
      vertex  5.000000e+000  2.325034e+001  5.137820e+000
      vertex  6.250000e+000  2.381067e+001  3.672309e+000
    endloop
  endfacet
  facet normal -6.657944e-001  3.577165e-001 -6.547952e-001
    outer loop
      vertex  5.000000e+000  2.325034e+001  5.137820e+000
      vertex  5.000000e+000  2.474187e+001  5.952649e+000
      vertex  6.250000e+000  2.453086e+001  4.566374e+000
    endloop
  endfacet
  facet normal -7.351865e-001  5.278993e-001 -4.252332e-001
    outer loop
      vertex  6.250000e+000  2.381067e+001  3.672309e+000
      vertex  5.000000e+000  2.325034e+001  5.137820e+000
      vertex  6.250000e+000  2.453086e+001  4.566374e+000
    endloop
  endfacet
  facet normal -6.718643e-001 -9.478180e-002 -7.345848e-001
    outer loop
      vertex  5.000000e+000  2.474187e+001  5.952649e+000
      vertex  5.000000e+000  2.642749e+001  5.735157e+000
      vertex  6.250000e+000  2.567231e+001  4.689324e+000
    endloop
  endfacet
  facet normal -7.351868e-001  7.259589e-002 -6.739661e-001
    outer loop
      vertex  6.250000e+000  2.453086e+001  4.566374e+000
      vertex  5.000000e+000  2.474187e+001  5.952649e+000
      vertex  6.250000e+000  2.567231e+001  4.689324e+000
    endloop
  endfacet
  facet normal -7.176669e-001  4.368519e-001  5.423234e-001
    outer loop
      vertex  6.250000e+000  2.827691e+000  1.810676e+000
      vertex  5.000000e+000  2.072505e+000  7.648429e-001
      vertex  6.250000e+000  1.933626e+000  2.530862e+000
    endloop
  endfacet
  facet normal -6.891518e-001  4.974351e-001  5.269043e-001
    outer loop
      vertex  5.000000e+000  2.072505e+000  7.648429e-001
      vertex  5.000000e+000  8.366479e-001  1.931580e+000
      vertex  6.250000e+000  1.933626e+000  2.530862e+000
    endloop
  endfacet
  facet normal -6.891517e-001 -7.121400e-001 -1.338895e-001
    outer loop
      vertex  5.000000e+000  5.663352e+000  4.568420e+000
      vertex  5.000000e+000  5.977391e+000  2.898092e+000
      vertex  6.250000e+000  4.566374e+000  3.969138e+000
    endloop
  endfacet
  facet normal -7.176669e-001 -6.923814e-001 -7.457957e-002
    outer loop
      vertex  5.000000e+000  5.977391e+000  2.898092e+000
      vertex  6.250000e+000  4.689324e+000  2.827691e+000
      vertex  6.250000e+000  4.566374e+000  3.969138e+000
    endloop
  endfacet
  facet normal -6.718643e-001 -6.693425e-001  3.171418e-001
    outer loop
      vertex  5.000000e+000  5.977391e+000  2.898092e+000
      vertex  5.000000e+000  5.249659e+000  1.362180e+000
      vertex  6.250000e+000  4.689324e+000  2.827691e+000
    endloop
  endfacet
  facet normal -6.657946e-001 -3.577163e-001  6.547952e-001
    outer loop
      vertex  5.000000e+000  5.249659e+000  1.362180e+000
      vertex  5.000000e+000  3.758125e+000  5.473515e-001
      vertex  6.250000e+000  3.969138e+000  1.933626e+000
    endloop
  endfacet
  facet normal -7.351867e-001 -5.278991e-001  4.252328e-001
    outer loop
      vertex  6.250000e+000  4.689324e+000  2.827691e+000
      vertex  5.000000e+000  5.249659e+000  1.362180e+000
      vertex  6.250000e+000  3.969138e+000  1.933626e+000
    endloop
  endfacet
  facet normal -6.718643e-001  9.478163e-002  7.345847e-001
    outer loop
      vertex  5.000000e+000  3.758125e+000  5.473515e-001
      vertex  5.000000e+000  2.072505e+000  7.648429e-001
      vertex  6.250000e+000  2.827691e+000  1.810676e+000
    endloop
  endfacet
  facet normal -7.351866e-001 -7.259596e-002  6.739661e-001
    outer loop
      vertex  6.250000e+000  3.969138e+000  1.933626e+000
      vertex  5.000000e+000  3.758125e+000  5.473515e-001
      vertex  6.250000e+000  2.827691e+000  1.810676e+000
    endloop
  endfacet
  facet normal -7.176669e-001 -4.368519e-001 -5.423234e-001
    outer loop
      vertex  6.250000e+000  3.672309e+000  4.689324e+000
      vertex  5.000000e+000  4.427495e+000  5.735157e+000
      vertex  6.250000e+000  4.566374e+000  3.969138e+000
    endloop
  endfacet
  facet normal -6.891518e-001 -4.974351e-001 -5.269044e-001
    outer loop
      vertex  5.000000e+000  4.427495e+000  5.735157e+000
      vertex  5.000000e+000  5.663352e+000  4.568420e+000
      vertex  6.250000e+000  4.566374e+000  3.969138e+000
    endloop
  endfacet
  facet normal -6.891518e-001  7.121400e-001  1.338895e-001
    outer loop
      vertex  5.000000e+000  8.366479e-001  1.931580e+000
      vertex  5.000000e+000  5.226092e-001  3.601908e+000
      vertex  6.250000e+000  1.933626e+000  2.530862e+000
    endloop
  endfacet
  facet normal -7.176669e-001  6.923814e-001  7.457964e-002
    outer loop
      vertex  5.000000e+000  5.226092e-001  3.601908e+000
      vertex  6.250000e+000  1.810676e+000  3.672309e+000
      vertex  6.250000e+000  1.933626e+000  2.530862e+000
    endloop
  endfacet
  facet normal -6.718643e-001  6.693425e-001 -3.171419e-001
    outer loop
      vertex  5.000000e+000  5.226092e-001  3.601908e+000
      vertex  5.000000e+000  1.250341e+000  5.137820e+000
      vertex  6.250000e+000  1.810676e+000  3.672309e+000
    endloop
  endfacet
  facet normal -6.657946e-001  3.577164e-001 -6.547951e-001
    outer loop
      vertex  5.000000e+000  1.250341e+000  5.137820e+000
      vertex  5.000000e+000  2.741875e+000  5.952649e+000
      vertex  6.250000e+000  2.530862e+000  4.566374e+000
    endloop
  endfacet
  facet normal -7.351866e-001  5.278991e-001 -4.252329e-001
    outer loop
      vertex  6.250000e+000  1.810676e+000  3.672309e+000
      vertex  5.000000e+000  1.250341e+000  5.137820e+000
      vertex  6.250000e+000  2.530862e+000  4.566374e+000
    endloop
  endfacet
  facet normal -6.718644e-001 -9.478174e-002 -7.345847e-001
    outer loop
      vertex  5.000000e+000  2.741875e+000  5.952649e+000
      vertex  5.000000e+000  4.427495e+000  5.735157e+000
      vertex  6.250000e+000  3.672309e+000  4.689324e+000
    endloop
  endfacet
  facet normal -7.351868e-001  7.259596e-002 -6.739661e-001
    outer loop
      vertex  6.250000e+000  2.530862e+000  4.566374e+000
      vertex  5.000000e+000  2.741875e+000  5.952649e+000
      vertex  6.250000e+000  3.672309e+000  4.689324e+000
    endloop
  endfacet
  facet normal -7.176670e-001  4.368514e-001  5.423238e-001
    outer loop
      vertex  6.250000e+000  2.482769e+001  4.181068e+001
      vertex  5.000000e+000  2.407251e+001  4.076484e+001
      vertex  6.250000e+000  2.393363e+001  4.253086e+001
    endloop
  endfacet
  facet normal -6.891518e-001  4.974346e-001  5.269048e-001
    outer loop
      vertex  5.000000e+000  2.407251e+001  4.076484e+001
      vertex  5.000000e+000  2.283665e+001  4.193158e+001
      vertex  6.250000e+000  2.393363e+001  4.253086e+001
    endloop
  endfacet
  facet normal -6.891519e-001 -7.121400e-001 -1.338888e-001
    outer loop
      vertex  5.000000e+000  2.766335e+001  4.456842e+001
      vertex  5.000000e+000  2.797739e+001  4.289809e+001
      vertex  6.250000e+000  2.656637e+001  4.396914e+001
    endloop
  endfacet
  facet normal -7.176665e-001 -6.923818e-001 -7.458010e-002
    outer loop
      vertex  5.000000e+000  2.797739e+001  4.289809e+001
      vertex  6.250000e+000  2.668933e+001  4.282769e+001
      vertex  6.250000e+000  2.656637e+001  4.396914e+001
    endloop
  endfacet
  facet normal -6.718641e-001 -6.693428e-001  3.171419e-001
    outer loop
      vertex  5.000000e+000  2.797739e+001  4.289809e+001
      vertex  5.000000e+000  2.724966e+001  4.136218e+001
      vertex  6.250000e+000  2.668933e+001  4.282769e+001
    endloop
  endfacet
  facet normal -6.657940e-001 -3.577160e-001  6.547959e-001
    outer loop
      vertex  5.000000e+000  2.724966e+001  4.136218e+001
      vertex  5.000000e+000  2.575813e+001  4.054735e+001
      vertex  6.250000e+000  2.596914e+001  4.193362e+001
    endloop
  endfacet
  facet normal -7.351865e-001 -5.278997e-001  4.252328e-001
    outer loop
      vertex  6.250000e+000  2.668933e+001  4.282769e+001
      vertex  5.000000e+000  2.724966e+001  4.136218e+001
      vertex  6.250000e+000  2.596914e+001  4.193362e+001
    endloop
  endfacet
  facet normal -6.718646e-001  9.478156e-002  7.345846e-001
    outer loop
      vertex  5.000000e+000  2.575813e+001  4.054735e+001
      vertex  5.000000e+000  2.407251e+001  4.076484e+001
      vertex  6.250000e+000  2.482769e+001  4.181068e+001
    endloop
  endfacet
  facet normal -7.351865e-001 -7.259426e-002  6.739667e-001
    outer loop
      vertex  6.250000e+000  2.596914e+001  4.193362e+001
      vertex  5.000000e+000  2.575813e+001  4.054735e+001
      vertex  6.250000e+000  2.482769e+001  4.181068e+001
    endloop
  endfacet
  facet normal -7.176670e-001 -4.368514e-001 -5.423238e-001
    outer loop
      vertex  6.250000e+000  2.567231e+001  4.468932e+001
      vertex  5.000000e+000  2.642749e+001  4.573516e+001
      vertex  6.250000e+000  2.656637e+001  4.396914e+001
    endloop
  endfacet
  facet normal -6.891518e-001 -4.974346e-001 -5.269048e-001
    outer loop
      vertex  5.000000e+000  2.642749e+001  4.573516e+001
      vertex  5.000000e+000  2.766335e+001  4.456842e+001
      vertex  6.250000e+000  2.656637e+001  4.396914e+001
    endloop
  endfacet
  facet normal -6.891519e-001  7.121400e-001  1.338888e-001
    outer loop
      vertex  5.000000e+000  2.283665e+001  4.193158e+001
      vertex  5.000000e+000  2.252261e+001  4.360191e+001
      vertex  6.250000e+000  2.393363e+001  4.253086e+001
    endloop
  endfacet
  facet normal -7.176665e-001  6.923818e-001  7.458010e-002
    outer loop
      vertex  5.000000e+000  2.252261e+001  4.360191e+001
      vertex  6.250000e+000  2.381067e+001  4.367231e+001
      vertex  6.250000e+000  2.393363e+001  4.253086e+001
    endloop
  endfacet
  facet normal -6.718641e-001  6.693428e-001 -3.171419e-001
    outer loop
      vertex  5.000000e+000  2.252261e+001  4.360191e+001
      vertex  5.000000e+000  2.325034e+001  4.513782e+001
      vertex  6.250000e+000  2.381067e+001  4.367231e+001
    endloop
  endfacet
  facet normal -6.657940e-001  3.577160e-001 -6.547959e-001
    outer loop
      vertex  5.000000e+000  2.325034e+001  4.513782e+001
      vertex  5.000000e+000  2.474187e+001  4.595265e+001
      vertex  6.250000e+000  2.453086e+001  4.456638e+001
    endloop
  endfacet
  facet normal -7.351865e-001  5.278997e-001 -4.252328e-001
    outer loop
      vertex  6.250000e+000  2.381067e+001  4.367231e+001
      vertex  5.000000e+000  2.325034e+001  4.513782e+001
      vertex  6.250000e+000  2.453086e+001  4.456638e+001
    endloop
  endfacet
  facet normal -6.718646e-001 -9.478156e-002 -7.345846e-001
    outer loop
      vertex  5.000000e+000  2.474187e+001  4.595265e+001
      vertex  5.000000e+000  2.642749e+001  4.573516e+001
      vertex  6.250000e+000  2.567231e+001  4.468932e+001
    endloop
  endfacet
  facet normal -7.351865e-001  7.259426e-002 -6.739667e-001
    outer loop
      vertex  6.250000e+000  2.453086e+001  4.456638e+001
      vertex  5.000000e+000  2.474187e+001  4.595265e+001
      vertex  6.250000e+000  2.567231e+001  4.468932e+001
    endloop
  endfacet
  facet normal  1.000000e+000  0.000000e+000  0.000000e+000
    outer loop
      vertex  7.800000e+000  3.250000e+000  4.000000e+001
      vertex  7.800000e+000  3.969138e+000  4.193362e+001
      vertex  7.800000e+000  2.827691e+000  4.181068e+001
    endloop
  endfacet
  facet normal  1.000000e+000  0.000000e+000  0.000000e+000
    outer loop
      vertex  7.800000e+000  0.000000e+000  4.000000e+001
      vertex  7.800000e+000  3.250000e+000  4.000000e+001
      vertex  7.800000e+000  2.827691e+000  4.181068e+001
    endloop
  endfacet
  facet normal  1.000000e+000  0.000000e+000  0.000000e+000
    outer loop
      vertex  7.800000e+000  0.000000e+000  4.000000e+001
      vertex  7.800000e+000  2.827691e+000  4.181068e+001
      vertex  7.800000e+000  1.933626e+000  4.253086e+001
    endloop
  endfacet
  facet normal  1.000000e+000  0.000000e+000  0.000000e+000
    outer loop
      vertex  7.800000e+000  0.000000e+000  4.000000e+001
      vertex  7.800000e+000  1.933626e+000  4.253086e+001
      vertex  7.800000e+000  1.810676e+000  4.367231e+001
    endloop
  endfacet
  facet normal  9.999999e-001  0.000000e+000  0.000000e+000
    outer loop
      vertex  7.800000e+000  0.000000e+000  4.000000e+001
      vertex  7.800000e+000  1.810676e+000  4.367231e+001
      vertex  7.800000e+000  0.000000e+000  4.650000e+001
    endloop
  endfacet
  facet normal  9.999999e-001  0.000000e+000  -0.000000e+000
    outer loop
      vertex  7.800000e+000  0.000000e+000  4.650000e+001
      vertex  7.800000e+000  1.810676e+000  4.367231e+001
      vertex  7.800000e+000  2.530862e+000  4.456638e+001
    endloop
  endfacet
  facet normal  1.000000e+000  0.000000e+000  -0.000000e+000
    outer loop
      vertex  7.800000e+000  0.000000e+000  4.650000e+001
      vertex  7.800000e+000  2.530862e+000  4.456638e+001
      vertex  7.800000e+000  3.672309e+000  4.468932e+001
    endloop
  endfacet
  facet normal  1.000000e+000  0.000000e+000  -0.000000e+000
    outer loop
      vertex  7.800000e+000  0.000000e+000  4.650000e+001
      vertex  7.800000e+000  3.672309e+000  4.468932e+001
      vertex  7.800000e+000  6.500000e+000  4.650000e+001
    endloop
  endfacet
  facet normal  1.000000e+000  0.000000e+000  0.000000e+000
    outer loop
      vertex  7.800000e+000  3.250000e+000  4.000000e+001
      vertex  7.800000e+000  4.875000e+000  4.043542e+001
      vertex  7.800000e+000  3.969138e+000  4.193362e+001
    endloop
  endfacet
  facet normal  9.999999e-001  0.000000e+000  0.000000e+000
    outer loop
      vertex  7.800000e+000  3.969138e+000  4.193362e+001
      vertex  7.800000e+000  4.875000e+000  4.043542e+001
      vertex  7.800000e+000  6.064582e+000  4.162500e+001
    endloop
  endfacet
  facet normal  1.000000e+000  0.000000e+000  0.000000e+000
    outer loop
      vertex  7.800000e+000  3.969138e+000  4.193362e+001
      vertex  7.800000e+000  6.064582e+000  4.162500e+001
      vertex  7.800000e+000  4.689324e+000  4.282769e+001
    endloop
  endfacet
  facet normal  1.000000e+000  -0.000000e+000  0.000000e+000
    outer loop
      vertex  7.800000e+000  4.689324e+000  4.282769e+001
      vertex  7.800000e+000  6.064582e+000  4.162500e+001
      vertex  7.800000e+000  6.500000e+000  4.325000e+001
    endloop
  endfacet
  facet normal  1.000000e+000  0.000000e+000  0.000000e+000
    outer loop
      vertex  7.800000e+000  4.689324e+000  4.282769e+001
      vertex  7.800000e+000  6.500000e+000  4.325000e+001
      vertex  7.800000e+000  4.566374e+000  4.396914e+001
    endloop
  endfacet
  facet normal  1.000000e+000  0.000000e+000  0.000000e+000
    outer loop
      vertex  7.800000e+000  4.566374e+000  4.396914e+001
      vertex  7.800000e+000  6.500000e+000  4.325000e+001
      vertex  7.800000e+000  3.672309e+000  4.468932e+001
    endloop
  endfacet
  facet normal  9.999999e-001  -0.000000e+000  0.000000e+000
    outer loop
      vertex  7.800000e+000  3.672309e+000  4.468932e+001
      vertex  7.800000e+000  6.500000e+000  4.325000e+001
      vertex  7.800000e+000  6.500000e+000  4.650000e+001
    endloop
  endfacet
  facet normal  0.000000e+000  7.787682e-001 -6.273118e-001
    outer loop
      vertex  6.250000e+000  2.530862e+000  4.456638e+001
      vertex  7.800000e+000  1.810676e+000  4.367231e+001
      vertex  6.250000e+000  1.810676e+000  4.367231e+001
    endloop
  endfacet
  facet normal  -0.000000e+000  9.942487e-001  1.070951e-001
    outer loop
      vertex  6.250000e+000  1.810676e+000  4.367231e+001
      vertex  7.800000e+000  1.810676e+000  4.367231e+001
      vertex  7.800000e+000  1.933626e+000  4.253086e+001
    endloop
  endfacet
  facet normal  0.000000e+000  9.942487e-001  1.070951e-001
    outer loop
      vertex  6.250000e+000  1.810676e+000  4.367231e+001
      vertex  7.800000e+000  1.933626e+000  4.253086e+001
      vertex  6.250000e+000  1.933626e+000  4.253086e+001
    endloop
  endfacet
  facet normal  0.000000e+000  7.787682e-001 -6.273118e-001
    outer loop
      vertex  7.800000e+000  1.810676e+000  4.367231e+001
      vertex  6.250000e+000  2.530862e+000  4.456638e+001
      vertex  7.800000e+000  2.530862e+000  4.456638e+001
    endloop
  endfacet
  facet normal  0.000000e+000  1.070926e-001 -9.942490e-001
    outer loop
      vertex  7.800000e+000  2.530862e+000  4.456638e+001
      vertex  6.250000e+000  2.530862e+000  4.456638e+001
      vertex  6.250000e+000  3.672309e+000  4.468932e+001
    endloop
  endfacet
  facet normal  0.000000e+000  1.070926e-001 -9.942490e-001
    outer loop
      vertex  7.800000e+000  2.530862e+000  4.456638e+001
      vertex  6.250000e+000  3.672309e+000  4.468932e+001
      vertex  7.800000e+000  3.672309e+000  4.468932e+001
    endloop
  endfacet
  facet normal  -0.000000e+000 -6.273115e-001 -7.787685e-001
    outer loop
      vertex  7.800000e+000  3.672309e+000  4.468932e+001
      vertex  6.250000e+000  3.672309e+000  4.468932e+001
      vertex  6.250000e+000  4.566374e+000  4.396914e+001
    endloop
  endfacet
  facet normal  0.000000e+000 -6.273115e-001 -7.787685e-001
    outer loop
      vertex  7.800000e+000  3.672309e+000  4.468932e+001
      vertex  6.250000e+000  4.566374e+000  4.396914e+001
      vertex  7.800000e+000  4.566374e+000  4.396914e+001
    endloop
  endfacet
  facet normal  0.000000e+000 -7.787683e-001  6.273118e-001
    outer loop
      vertex  6.250000e+000  3.969138e+000  4.193362e+001
      vertex  7.800000e+000  4.689324e+000  4.282769e+001
      vertex  6.250000e+000  4.689324e+000  4.282769e+001
    endloop
  endfacet
  facet normal  0.000000e+000 -9.942487e-001 -1.070950e-001
    outer loop
      vertex  6.250000e+000  4.689324e+000  4.282769e+001
      vertex  7.800000e+000  4.689324e+000  4.282769e+001
      vertex  7.800000e+000  4.566374e+000  4.396914e+001
    endloop
  endfacet
  facet normal  -0.000000e+000 -9.942487e-001 -1.070950e-001
    outer loop
      vertex  6.250000e+000  4.689324e+000  4.282769e+001
      vertex  7.800000e+000  4.566374e+000  4.396914e+001
      vertex  6.250000e+000  4.566374e+000  4.396914e+001
    endloop
  endfacet
  facet normal  0.000000e+000 -7.787683e-001  6.273118e-001
    outer loop
      vertex  7.800000e+000  4.689324e+000  4.282769e+001
      vertex  6.250000e+000  3.969138e+000  4.193362e+001
      vertex  7.800000e+000  3.969138e+000  4.193362e+001
    endloop
  endfacet
  facet normal  0.000000e+000 -1.070926e-001  9.942490e-001
    outer loop
      vertex  7.800000e+000  3.969138e+000  4.193362e+001
      vertex  6.250000e+000  3.969138e+000  4.193362e+001
      vertex  6.250000e+000  2.827691e+000  4.181068e+001
    endloop
  endfacet
  facet normal  0.000000e+000 -1.070926e-001  9.942490e-001
    outer loop
      vertex  7.800000e+000  3.969138e+000  4.193362e+001
      vertex  6.250000e+000  2.827691e+000  4.181068e+001
      vertex  7.800000e+000  2.827691e+000  4.181068e+001
    endloop
  endfacet
  facet normal  0.000000e+000  6.273115e-001  7.787685e-001
    outer loop
      vertex  7.800000e+000  2.827691e+000  4.181068e+001
      vertex  6.250000e+000  2.827691e+000  4.181068e+001
      vertex  6.250000e+000  1.933626e+000  4.253086e+001
    endloop
  endfacet
  facet normal  -0.000000e+000  6.273115e-001  7.787685e-001
    outer loop
      vertex  7.800000e+000  2.827691e+000  4.181068e+001
      vertex  6.250000e+000  1.933626e+000  4.253086e+001
      vertex  7.800000e+000  1.933626e+000  4.253086e+001
    endloop
  endfacet
  facet normal  0.000000e+000  9.036936e-001 -4.281799e-001
    outer loop
      vertex  0.000000e+000  1.250341e+000  4.513782e+001
      vertex  5.000000e+000  5.226092e-001  4.360191e+001
      vertex  0.000000e+000  5.226092e-001  4.360191e+001
    endloop
  endfacet
  facet normal  -0.000000e+000  9.827813e-001  1.847727e-001
    outer loop
      vertex  0.000000e+000  5.226092e-001  4.360191e+001
      vertex  5.000000e+000  5.226092e-001  4.360191e+001
      vertex  5.000000e+000  8.366479e-001  4.193158e+001
    endloop
  endfacet
  facet normal  0.000000e+000  9.827813e-001  1.847727e-001
    outer loop
      vertex  0.000000e+000  5.226092e-001  4.360191e+001
      vertex  5.000000e+000  8.366479e-001  4.193158e+001
      vertex -8.326673e-017  8.366479e-001  4.193158e+001
    endloop
  endfacet
  facet normal  0.000000e+000  9.036936e-001 -4.281799e-001
    outer loop
      vertex  5.000000e+000  5.226092e-001  4.360191e+001
      vertex  0.000000e+000  1.250341e+000  4.513782e+001
      vertex  5.000000e+000  1.250341e+000  4.513782e+001
    endloop
  endfacet
  facet normal  0.000000e+000  4.794248e-001 -8.775830e-001
    outer loop
      vertex  5.000000e+000  1.250341e+000  4.513782e+001
      vertex  0.000000e+000  1.250341e+000  4.513782e+001
      vertex  0.000000e+000  2.741875e+000  4.595265e+001
    endloop
  endfacet
  facet normal  0.000000e+000  4.794248e-001 -8.775830e-001
    outer loop
      vertex  5.000000e+000  1.250341e+000  4.513782e+001
      vertex  0.000000e+000  2.741875e+000  4.595265e+001
      vertex  5.000000e+000  2.741875e+000  4.595265e+001
    endloop
  endfacet
  facet normal  -0.000000e+000 -1.279666e-001 -9.917785e-001
    outer loop
      vertex  5.000000e+000  2.741875e+000  4.595265e+001
      vertex  0.000000e+000  2.741875e+000  4.595265e+001
      vertex  0.000000e+000  4.427495e+000  4.573516e+001
    endloop
  endfacet
  facet normal  0.000000e+000 -1.279666e-001 -9.917785e-001
    outer loop
      vertex  5.000000e+000  2.741875e+000  4.595265e+001
      vertex  0.000000e+000  4.427495e+000  4.573516e+001
      vertex  5.000000e+000  4.427495e+000  4.573516e+001
    endloop
  endfacet
  facet normal  -0.000000e+000 -6.864799e-001 -7.271488e-001
    outer loop
      vertex  5.000000e+000  4.427495e+000  4.573516e+001
      vertex  0.000000e+000  4.427495e+000  4.573516e+001
      vertex -8.326673e-017  5.663352e+000  4.456842e+001
    endloop
  endfacet
  facet normal  0.000000e+000 -6.864799e-001 -7.271488e-001
    outer loop
      vertex  5.000000e+000  4.427495e+000  4.573516e+001
      vertex -8.326673e-017  5.663352e+000  4.456842e+001
      vertex  5.000000e+000  5.663352e+000  4.456842e+001
    endloop
  endfacet
  facet normal  0.000000e+000 -9.036936e-001  4.281799e-001
    outer loop
      vertex  0.000000e+000  5.249659e+000  4.136218e+001
      vertex  5.000000e+000  5.977391e+000  4.289809e+001
      vertex  0.000000e+000  5.977391e+000  4.289809e+001
    endloop
  endfacet
  facet normal  0.000000e+000 -9.827813e-001 -1.847727e-001
    outer loop
      vertex  0.000000e+000  5.977391e+000  4.289809e+001
      vertex  5.000000e+000  5.977391e+000  4.289809e+001
      vertex  5.000000e+000  5.663352e+000  4.456842e+001
    endloop
  endfacet
  facet normal  -0.000000e+000 -9.827813e-001 -1.847727e-001
    outer loop
      vertex  0.000000e+000  5.977391e+000  4.289809e+001
      vertex  5.000000e+000  5.663352e+000  4.456842e+001
      vertex -8.326673e-017  5.663352e+000  4.456842e+001
    endloop
  endfacet
  facet normal  0.000000e+000 -9.036936e-001  4.281799e-001
    outer loop
      vertex  5.000000e+000  5.977391e+000  4.289809e+001
      vertex  0.000000e+000  5.249659e+000  4.136218e+001
      vertex  5.000000e+000  5.249659e+000  4.136218e+001
    endloop
  endfacet
  facet normal  0.000000e+000 -4.794247e-001  8.775829e-001
    outer loop
      vertex  5.000000e+000  5.249659e+000  4.136218e+001
      vertex  0.000000e+000  5.249659e+000  4.136218e+001
      vertex  0.000000e+000  3.758125e+000  4.054735e+001
    endloop
  endfacet
  facet normal  0.000000e+000 -4.794247e-001  8.775829e-001
    outer loop
      vertex  5.000000e+000  5.249659e+000  4.136218e+001
      vertex  0.000000e+000  3.758125e+000  4.054735e+001
      vertex  5.000000e+000  3.758125e+000  4.054735e+001
    endloop
  endfacet
  facet normal  0.000000e+000  1.279666e-001  9.917785e-001
    outer loop
      vertex  5.000000e+000  3.758125e+000  4.054735e+001
      vertex  0.000000e+000  3.758125e+000  4.054735e+001
      vertex  0.000000e+000  2.072505e+000  4.076484e+001
    endloop
  endfacet
  facet normal  -0.000000e+000  1.279666e-001  9.917785e-001
    outer loop
      vertex  5.000000e+000  3.758125e+000  4.054735e+001
      vertex  0.000000e+000  2.072505e+000  4.076484e+001
      vertex  5.000000e+000  2.072505e+000  4.076484e+001
    endloop
  endfacet
  facet normal  0.000000e+000  6.864799e-001  7.271488e-001
    outer loop
      vertex  5.000000e+000  2.072505e+000  4.076484e+001
      vertex  0.000000e+000  2.072505e+000  4.076484e+001
      vertex -8.326673e-017  8.366479e-001  4.193158e+001
    endloop
  endfacet
  facet normal  -0.000000e+000  6.864799e-001  7.271488e-001
    outer loop
      vertex  5.000000e+000  2.072505e+000  4.076484e+001
      vertex -8.326673e-017  8.366479e-001  4.193158e+001
      vertex  5.000000e+000  8.366479e-001  4.193158e+001
    endloop
  endfacet
  facet normal -7.176671e-001  4.368511e-001  5.423237e-001
    outer loop
      vertex  6.250000e+000  2.827691e+000  4.181068e+001
      vertex  5.000000e+000  2.072505e+000  4.076484e+001
      vertex  6.250000e+000  1.933626e+000  4.253086e+001
    endloop
  endfacet
  facet normal -6.891516e-001  4.974351e-001  5.269045e-001
    outer loop
      vertex  5.000000e+000  2.072505e+000  4.076484e+001
      vertex  5.000000e+000  8.366479e-001  4.193158e+001
      vertex  6.250000e+000  1.933626e+000  4.253086e+001
    endloop
  endfacet
  facet normal -6.891517e-001 -7.121401e-001 -1.338895e-001
    outer loop
      vertex  5.000000e+000  5.663352e+000  4.456842e+001
      vertex  5.000000e+000  5.977391e+000  4.289809e+001
      vertex  6.250000e+000  4.566374e+000  4.396914e+001
    endloop
  endfacet
  facet normal -7.176670e-001 -6.923814e-001 -7.457949e-002
    outer loop
      vertex  5.000000e+000  5.977391e+000  4.289809e+001
      vertex  6.250000e+000  4.689324e+000  4.282769e+001
      vertex  6.250000e+000  4.566374e+000  4.396914e+001
    endloop
  endfacet
  facet normal -6.718644e-001 -6.693424e-001  3.171418e-001
    outer loop
      vertex  5.000000e+000  5.977391e+000  4.289809e+001
      vertex  5.000000e+000  5.249659e+000  4.136218e+001
      vertex  6.250000e+000  4.689324e+000  4.282769e+001
    endloop
  endfacet
  facet normal -6.657941e-001 -3.577159e-001  6.547958e-001
    outer loop
      vertex  5.000000e+000  5.249659e+000  4.136218e+001
      vertex  5.000000e+000  3.758125e+000  4.054735e+001
      vertex  6.250000e+000  3.969138e+000  4.193362e+001
    endloop
  endfacet
  facet normal -7.351868e-001 -5.278995e-001  4.252324e-001
    outer loop
      vertex  6.250000e+000  4.689324e+000  4.282769e+001
      vertex  5.000000e+000  5.249659e+000  4.136218e+001
      vertex  6.250000e+000  3.969138e+000  4.193362e+001
    endloop
  endfacet
  facet normal -6.718646e-001  9.478153e-002  7.345846e-001
    outer loop
      vertex  5.000000e+000  3.758125e+000  4.054735e+001
      vertex  5.000000e+000  2.072505e+000  4.076484e+001
      vertex  6.250000e+000  2.827691e+000  4.181068e+001
    endloop
  endfacet
  facet normal -7.351864e-001 -7.259434e-002  6.739666e-001
    outer loop
      vertex  6.250000e+000  3.969138e+000  4.193362e+001
      vertex  5.000000e+000  3.758125e+000  4.054735e+001
      vertex  6.250000e+000  2.827691e+000  4.181068e+001
    endloop
  endfacet
  facet normal -7.176671e-001 -4.368511e-001 -5.423236e-001
    outer loop
      vertex  6.250000e+000  3.672309e+000  4.468932e+001
      vertex  5.000000e+000  4.427495e+000  4.573516e+001
      vertex  6.250000e+000  4.566374e+000  4.396914e+001
    endloop
  endfacet
  facet normal -6.891516e-001 -4.974352e-001 -5.269045e-001
    outer loop
      vertex  5.000000e+000  4.427495e+000  4.573516e+001
      vertex  5.000000e+000  5.663352e+000  4.456842e+001
      vertex  6.250000e+000  4.566374e+000  4.396914e+001
    endloop
  endfacet
  facet normal -6.891518e-001  7.121401e-001  1.338895e-001
    outer loop
      vertex  5.000000e+000  8.366479e-001  4.193158e+001
      vertex  5.000000e+000  5.226092e-001  4.360191e+001
      vertex  6.250000e+000  1.933626e+000  4.253086e+001
    endloop
  endfacet
  facet normal -7.176669e-001  6.923814e-001  7.457956e-002
    outer loop
      vertex  5.000000e+000  5.226092e-001  4.360191e+001
      vertex  6.250000e+000  1.810676e+000  4.367231e+001
      vertex  6.250000e+000  1.933626e+000  4.253086e+001
    endloop
  endfacet
  facet normal -6.718644e-001  6.693424e-001 -3.171418e-001
    outer loop
      vertex  5.000000e+000  5.226092e-001  4.360191e+001
      vertex  5.000000e+000  1.250341e+000  4.513782e+001
      vertex  6.250000e+000  1.810676e+000  4.367231e+001
    endloop
  endfacet
  facet normal -6.657941e-001  3.577159e-001 -6.547958e-001
    outer loop
      vertex  5.000000e+000  1.250341e+000  4.513782e+001
      vertex  5.000000e+000  2.741875e+000  4.595265e+001
      vertex  6.250000e+000  2.530862e+000  4.456638e+001
    endloop
  endfacet
  facet normal -7.351866e-001  5.278994e-001 -4.252325e-001
    outer loop
      vertex  6.250000e+000  1.810676e+000  4.367231e+001
      vertex  5.000000e+000  1.250341e+000  4.513782e+001
      vertex  6.250000e+000  2.530862e+000  4.456638e+001
    endloop
  endfacet
  facet normal -6.718646e-001 -9.478151e-002 -7.345845e-001
    outer loop
      vertex  5.000000e+000  2.741875e+000  4.595265e+001
      vertex  5.000000e+000  4.427495e+000  4.573516e+001
      vertex  6.250000e+000  3.672309e+000  4.468932e+001
    endloop
  endfacet
  facet normal -7.351864e-001  7.259434e-002 -6.739666e-001
    outer loop
      vertex  6.250000e+000  2.530862e+000  4.456638e+001
      vertex  5.000000e+000  2.741875e+000  4.595265e+001
      vertex  6.250000e+000  3.672309e+000  4.468932e+001
    endloop
  endfacet
  facet normal -7.787678e-001  6.273124e-001  0.000000e+000
    outer loop
      vertex  1.532871e+001  1.227544e+001 -3.200000e+001
      vertex  1.640899e+001  1.361654e+001 -2.400000e+001
      vertex  1.640899e+001  1.361654e+001 -3.200000e+001
    endloop
  endfacet
  facet normal -9.942488e-001 -1.070948e-001  0.000000e+000
    outer loop
      vertex  1.640899e+001  1.361654e+001 -3.200000e+001
      vertex  1.640899e+001  1.361654e+001 -2.400000e+001
      vertex  1.622456e+001  1.532871e+001 -2.400000e+001
    endloop
  endfacet
  facet normal -9.942488e-001 -1.070948e-001  -0.000000e+000
    outer loop
      vertex  1.640899e+001  1.361654e+001 -3.200000e+001
      vertex  1.622456e+001  1.532871e+001 -2.400000e+001
      vertex  1.622456e+001  1.532871e+001 -3.200000e+001
    endloop
  endfacet
  facet normal -7.787678e-001  6.273124e-001  0.000000e+000
    outer loop
      vertex  1.640899e+001  1.361654e+001 -2.400000e+001
      vertex  1.532871e+001  1.227544e+001 -3.200000e+001
      vertex  1.532871e+001  1.227544e+001 -2.400000e+001
    endloop
  endfacet
  facet normal -1.070954e-001  9.942488e-001  0.000000e+000
    outer loop
      vertex  1.532871e+001  1.227544e+001 -2.400000e+001
      vertex  1.532871e+001  1.227544e+001 -3.200000e+001
      vertex  1.361654e+001  1.209101e+001 -3.200000e+001
    endloop
  endfacet
  facet normal -1.070954e-001  9.942488e-001  0.000000e+000
    outer loop
      vertex  1.532871e+001  1.227544e+001 -2.400000e+001
      vertex  1.361654e+001  1.209101e+001 -3.200000e+001
      vertex  1.361654e+001  1.209101e+001 -2.400000e+001
    endloop
  endfacet
  facet normal  6.273124e-001  7.787678e-001  0.000000e+000
    outer loop
      vertex  1.361654e+001  1.209101e+001 -2.400000e+001
      vertex  1.361654e+001  1.209101e+001 -3.200000e+001
      vertex  1.227544e+001  1.317129e+001 -3.200000e+001
    endloop
  endfacet
  facet normal  6.273124e-001  7.787678e-001  -0.000000e+000
    outer loop
      vertex  1.361654e+001  1.209101e+001 -2.400000e+001
      vertex  1.227544e+001  1.317129e+001 -3.200000e+001
      vertex  1.227544e+001  1.317129e+001 -2.400000e+001
    endloop
  endfacet
  facet normal  7.787679e-001 -6.273121e-001  0.000000e+000
    outer loop
      vertex  1.317129e+001  1.622456e+001 -3.200000e+001
      vertex  1.209101e+001  1.488346e+001 -2.400000e+001
      vertex  1.209101e+001  1.488346e+001 -3.200000e+001
    endloop
  endfacet
  facet normal  9.942488e-001  1.070954e-001  -0.000000e+000
    outer loop
      vertex  1.209101e+001  1.488346e+001 -3.200000e+001
      vertex  1.209101e+001  1.488346e+001 -2.400000e+001
      vertex  1.227544e+001  1.317129e+001 -2.400000e+001
    endloop
  endfacet
  facet normal  9.942488e-001  1.070954e-001  0.000000e+000
    outer loop
      vertex  1.209101e+001  1.488346e+001 -3.200000e+001
      vertex  1.227544e+001  1.317129e+001 -2.400000e+001
      vertex  1.227544e+001  1.317129e+001 -3.200000e+001
    endloop
  endfacet
  facet normal  7.787679e-001 -6.273121e-001  0.000000e+000
    outer loop
      vertex  1.209101e+001  1.488346e+001 -2.400000e+001
      vertex  1.317129e+001  1.622456e+001 -3.200000e+001
      vertex  1.317129e+001  1.622456e+001 -2.400000e+001
    endloop
  endfacet
  facet normal  1.070948e-001 -9.942488e-001  0.000000e+000
    outer loop
      vertex  1.317129e+001  1.622456e+001 -2.400000e+001
      vertex  1.317129e+001  1.622456e+001 -3.200000e+001
      vertex  1.488346e+001  1.640899e+001 -3.200000e+001
    endloop
  endfacet
  facet normal  1.070948e-001 -9.942488e-001  0.000000e+000
    outer loop
      vertex  1.317129e+001  1.622456e+001 -2.400000e+001
      vertex  1.488346e+001  1.640899e+001 -3.200000e+001
      vertex  1.488346e+001  1.640899e+001 -2.400000e+001
    endloop
  endfacet
  facet normal -6.273121e-001 -7.787679e-001  -0.000000e+000
    outer loop
      vertex  1.488346e+001  1.640899e+001 -2.400000e+001
      vertex  1.488346e+001  1.640899e+001 -3.200000e+001
      vertex  1.622456e+001  1.532871e+001 -3.200000e+001
    endloop
  endfacet
  facet normal -6.273121e-001 -7.787679e-001  0.000000e+000
    outer loop
      vertex  1.488346e+001  1.640899e+001 -2.400000e+001
      vertex  1.622456e+001  1.532871e+001 -3.200000e+001
      vertex  1.622456e+001  1.532871e+001 -2.400000e+001
    endloop
  endfacet
  facet normal  -0.000000e+000  0.000000e+000  1.000000e+000
    outer loop
      vertex  2.850000e+001  2.850000e+001 -2.000000e+001
      vertex  1.494290e+001  1.793543e+001 -2.000000e+001
      vertex  1.697681e+001  1.682430e+001 -2.000000e+001
    endloop
  endfacet
  facet normal  0.000000e+000  0.000000e+000  1.000000e+000
    outer loop
      vertex  5.000000e+000  2.850000e+001 -2.000000e+001
      vertex  5.000000e+000 -8.881784e-016 -2.000000e+001
      vertex  1.095907e+001  1.604785e+001 -2.000000e+001
    endloop
  endfacet
  facet normal  0.000000e+000  -0.000000e+000  1.000000e+000
    outer loop
      vertex  5.000000e+000  2.850000e+001 -2.000000e+001
      vertex  1.095907e+001  1.604785e+001 -2.000000e+001
      vertex  1.264433e+001  1.763885e+001 -2.000000e+001
    endloop
  endfacet
  facet normal  0.000000e+000  -0.000000e+000  9.999999e-001
    outer loop
      vertex  5.000000e+000  2.850000e+001 -2.000000e+001
      vertex  1.264433e+001  1.763885e+001 -2.000000e+001
      vertex  1.494290e+001  1.793543e+001 -2.000000e+001
    endloop
  endfacet
  facet normal  0.000000e+000  -0.000000e+000  9.999999e-001
    outer loop
      vertex  5.000000e+000  2.850000e+001 -2.000000e+001
      vertex  1.494290e+001  1.793543e+001 -2.000000e+001
      vertex  2.850000e+001  2.850000e+001 -2.000000e+001
    endloop
  endfacet
  facet normal  0.000000e+000  0.000000e+000  1.000000e+000
    outer loop
      vertex  5.000000e+000 -8.881784e-016 -2.000000e+001
      vertex  2.850000e+001  0.000000e+000 -2.000000e+001
      vertex  1.585567e+001  1.086115e+001 -2.000000e+001
    endloop
  endfacet
  facet normal  0.000000e+000  0.000000e+000  1.000000e+000
    outer loop
      vertex  5.000000e+000 -8.881784e-016 -2.000000e+001
      vertex  1.585567e+001  1.086115e+001 -2.000000e+001
      vertex  1.355710e+001  1.056457e+001 -2.000000e+001
    endloop
  endfacet
  facet normal  0.000000e+000  0.000000e+000  1.000000e+000
    outer loop
      vertex  5.000000e+000 -8.881784e-016 -2.000000e+001
      vertex  1.355710e+001  1.056457e+001 -2.000000e+001
      vertex  1.152319e+001  1.167570e+001 -2.000000e+001
    endloop
  endfacet
  facet normal  0.000000e+000  0.000000e+000  9.999999e-001
    outer loop
      vertex  5.000000e+000 -8.881784e-016 -2.000000e+001
      vertex  1.152319e+001  1.167570e+001 -2.000000e+001
      vertex  1.053083e+001  1.377013e+001 -2.000000e+001
    endloop
  endfacet
  facet normal  0.000000e+000  -0.000000e+000  1.000000e+000
    outer loop
      vertex  5.000000e+000 -8.881784e-016 -2.000000e+001
      vertex  1.053083e+001  1.377013e+001 -2.000000e+001
      vertex  1.095907e+001  1.604785e+001 -2.000000e+001
    endloop
  endfacet
  facet normal  0.000000e+000  0.000000e+000  1.000000e+000
    outer loop
      vertex  2.850000e+001  0.000000e+000 -2.000000e+001
      vertex  2.850000e+001  2.850000e+001 -2.000000e+001
      vertex  1.697681e+001  1.682430e+001 -2.000000e+001
    endloop
  endfacet
  facet normal  0.000000e+000  0.000000e+000  1.000000e+000
    outer loop
      vertex  2.850000e+001  0.000000e+000 -2.000000e+001
      vertex  1.697681e+001  1.682430e+001 -2.000000e+001
      vertex  1.796917e+001  1.472987e+001 -2.000000e+001
    endloop
  endfacet
  facet normal  0.000000e+000  0.000000e+000  1.000000e+000
    outer loop
      vertex  2.850000e+001  0.000000e+000 -2.000000e+001
      vertex  1.796917e+001  1.472987e+001 -2.000000e+001
      vertex  1.754094e+001  1.245215e+001 -2.000000e+001
    endloop
  endfacet
  facet normal  0.000000e+000  0.000000e+000  1.000000e+000
    outer loop
      vertex  2.850000e+001  0.000000e+000 -2.000000e+001
      vertex  1.754094e+001  1.245215e+001 -2.000000e+001
      vertex  1.585567e+001  1.086115e+001 -2.000000e+001
    endloop
  endfacet
  facet normal  9.036934e-001  4.281800e-001  -0.000000e+000
    outer loop
      vertex  1.152319e+001  1.167570e+001 -2.000000e+001
      vertex  1.053083e+001  1.377013e+001 -2.400000e+001
      vertex  1.053083e+001  1.377013e+001 -2.000000e+001
    endloop
  endfacet
  facet normal  9.827812e-001 -1.847731e-001  0.000000e+000
    outer loop
      vertex  1.053083e+001  1.377013e+001 -2.000000e+001
      vertex  1.053083e+001  1.377013e+001 -2.400000e+001
      vertex  1.095907e+001  1.604785e+001 -2.400000e+001
    endloop
  endfacet
  facet normal  9.827812e-001 -1.847731e-001  0.000000e+000
    outer loop
      vertex  1.053083e+001  1.377013e+001 -2.000000e+001
      vertex  1.095907e+001  1.604785e+001 -2.400000e+001
      vertex  1.095907e+001  1.604785e+001 -2.000000e+001
    endloop
  endfacet
  facet normal  9.036934e-001  4.281800e-001  0.000000e+000
    outer loop
      vertex  1.053083e+001  1.377013e+001 -2.400000e+001
      vertex  1.152319e+001  1.167570e+001 -2.000000e+001
      vertex  1.152319e+001  1.167570e+001 -2.400000e+001
    endloop
  endfacet
  facet normal  4.794255e-001  8.775827e-001  -0.000000e+000
    outer loop
      vertex  1.152319e+001  1.167570e+001 -2.400000e+001
      vertex  1.152319e+001  1.167570e+001 -2.000000e+001
      vertex  1.355710e+001  1.056457e+001 -2.000000e+001
    endloop
  endfacet
  facet normal  4.794255e-001  8.775827e-001  0.000000e+000
    outer loop
      vertex  1.152319e+001  1.167570e+001 -2.400000e+001
      vertex  1.355710e+001  1.056457e+001 -2.000000e+001
      vertex  1.355710e+001  1.056457e+001 -2.400000e+001
    endloop
  endfacet
  facet normal -1.279668e-001  9.917785e-001  0.000000e+000
    outer loop
      vertex  1.355710e+001  1.056457e+001 -2.400000e+001
      vertex  1.355710e+001  1.056457e+001 -2.000000e+001
      vertex  1.585567e+001  1.086115e+001 -2.000000e+001
    endloop
  endfacet
  facet normal -1.279668e-001  9.917785e-001  0.000000e+000
    outer loop
      vertex  1.355710e+001  1.056457e+001 -2.400000e+001
      vertex  1.585567e+001  1.086115e+001 -2.000000e+001
      vertex  1.585567e+001  1.086115e+001 -2.400000e+001
    endloop
  endfacet
  facet normal -6.864796e-001  7.271490e-001  0.000000e+000
    outer loop
      vertex  1.585567e+001  1.086115e+001 -2.400000e+001
      vertex  1.585567e+001  1.086115e+001 -2.000000e+001
      vertex  1.754094e+001  1.245215e+001 -2.000000e+001
    endloop
  endfacet
  facet normal -6.864796e-001  7.271490e-001  0.000000e+000
    outer loop
      vertex  1.585567e+001  1.086115e+001 -2.400000e+001
      vertex  1.754094e+001  1.245215e+001 -2.000000e+001
      vertex  1.754094e+001  1.245215e+001 -2.400000e+001
    endloop
  endfacet
  facet normal -9.036937e-001 -4.281795e-001  0.000000e+000
    outer loop
      vertex  1.697681e+001  1.682430e+001 -2.000000e+001
      vertex  1.796917e+001  1.472987e+001 -2.400000e+001
      vertex  1.796917e+001  1.472987e+001 -2.000000e+001
    endloop
  endfacet
  facet normal -9.827813e-001  1.847727e-001  0.000000e+000
    outer loop
      vertex  1.796917e+001  1.472987e+001 -2.000000e+001
      vertex  1.796917e+001  1.472987e+001 -2.400000e+001
      vertex  1.754094e+001  1.245215e+001 -2.400000e+001
    endloop
  endfacet
  facet normal -9.827813e-001  1.847727e-001  0.000000e+000
    outer loop
      vertex  1.796917e+001  1.472987e+001 -2.000000e+001
      vertex  1.754094e+001  1.245215e+001 -2.400000e+001
      vertex  1.754094e+001  1.245215e+001 -2.000000e+001
    endloop
  endfacet
  facet normal -9.036937e-001 -4.281795e-001  -0.000000e+000
    outer loop
      vertex  1.796917e+001  1.472987e+001 -2.400000e+001
      vertex  1.697681e+001  1.682430e+001 -2.000000e+001
      vertex  1.697681e+001  1.682430e+001 -2.400000e+001
    endloop
  endfacet
  facet normal -4.794253e-001 -8.775827e-001  0.000000e+000
    outer loop
      vertex  1.697681e+001  1.682430e+001 -2.400000e+001
      vertex  1.697681e+001  1.682430e+001 -2.000000e+001
      vertex  1.494290e+001  1.793543e+001 -2.000000e+001
    endloop
  endfacet
  facet normal -4.794253e-001 -8.775827e-001  -0.000000e+000
    outer loop
      vertex  1.697681e+001  1.682430e+001 -2.400000e+001
      vertex  1.494290e+001  1.793543e+001 -2.000000e+001
      vertex  1.494290e+001  1.793543e+001 -2.400000e+001
    endloop
  endfacet
  facet normal  1.279668e-001 -9.917785e-001  0.000000e+000
    outer loop
      vertex  1.494290e+001  1.793543e+001 -2.400000e+001
      vertex  1.494290e+001  1.793543e+001 -2.000000e+001
      vertex  1.264433e+001  1.763885e+001 -2.000000e+001
    endloop
  endfacet
  facet normal  1.279668e-001 -9.917785e-001  0.000000e+000
    outer loop
      vertex  1.494290e+001  1.793543e+001 -2.400000e+001
      vertex  1.264433e+001  1.763885e+001 -2.000000e+001
      vertex  1.264433e+001  1.763885e+001 -2.400000e+001
    endloop
  endfacet
  facet normal  6.864800e-001 -7.271485e-001  0.000000e+000
    outer loop
      vertex  1.264433e+001  1.763885e+001 -2.400000e+001
      vertex  1.264433e+001  1.763885e+001 -2.000000e+001
      vertex  1.095907e+001  1.604785e+001 -2.000000e+001
    endloop
  endfacet
  facet normal  6.864800e-001 -7.271485e-001  0.000000e+000
    outer loop
      vertex  1.264433e+001  1.763885e+001 -2.400000e+001
      vertex  1.095907e+001  1.604785e+001 -2.000000e+001
      vertex  1.095907e+001  1.604785e+001 -2.400000e+001
    endloop
  endfacet
  facet normal  0.000000e+000  0.000000e+000  1.000000e+000
    outer loop
      vertex  1.317129e+001  1.622456e+001 -2.400000e+001
      vertex  1.488346e+001  1.640899e+001 -2.400000e+001
      vertex  1.264433e+001  1.763885e+001 -2.400000e+001
    endloop
  endfacet
  facet normal  -0.000000e+000  0.000000e+000  1.000000e+000
    outer loop
      vertex  1.095907e+001  1.604785e+001 -2.400000e+001
      vertex  1.053083e+001  1.377013e+001 -2.400000e+001
      vertex  1.227544e+001  1.317129e+001 -2.400000e+001
    endloop
  endfacet
  facet normal  0.000000e+000  0.000000e+000  1.000000e+000
    outer loop
      vertex  1.095907e+001  1.604785e+001 -2.400000e+001
      vertex  1.227544e+001  1.317129e+001 -2.400000e+001
      vertex  1.209101e+001  1.488346e+001 -2.400000e+001
    endloop
  endfacet
  facet normal  0.000000e+000  -0.000000e+000  1.000000e+000
    outer loop
      vertex  1.095907e+001  1.604785e+001 -2.400000e+001
      vertex  1.209101e+001  1.488346e+001 -2.400000e+001
      vertex  1.317129e+001  1.622456e+001 -2.400000e+001
    endloop
  endfacet
  facet normal  0.000000e+000  0.000000e+000  1.000000e+000
    outer loop
      vertex  1.095907e+001  1.604785e+001 -2.400000e+001
      vertex  1.317129e+001  1.622456e+001 -2.400000e+001
      vertex  1.264433e+001  1.763885e+001 -2.400000e+001
    endloop
  endfacet
  facet normal  0.000000e+000  0.000000e+000  1.000000e+000
    outer loop
      vertex  1.640899e+001  1.361654e+001 -2.400000e+001
      vertex  1.796917e+001  1.472987e+001 -2.400000e+001
      vertex  1.622456e+001  1.532871e+001 -2.400000e+001
    endloop
  endfacet
  facet normal  -0.000000e+000  0.000000e+000  1.000000e+000
    outer loop
      vertex  1.622456e+001  1.532871e+001 -2.400000e+001
      vertex  1.796917e+001  1.472987e+001 -2.400000e+001
      vertex  1.697681e+001  1.682430e+001 -2.400000e+001
    endloop
  endfacet
  facet normal  0.000000e+000  0.000000e+000  1.000000e+000
    outer loop
      vertex  1.622456e+001  1.532871e+001 -2.400000e+001
      vertex  1.697681e+001  1.682430e+001 -2.400000e+001
      vertex  1.488346e+001  1.640899e+001 -2.400000e+001
    endloop
  endfacet
  facet normal  0.000000e+000  0.000000e+000  9.999999e-001
    outer loop
      vertex  1.488346e+001  1.640899e+001 -2.400000e+001
      vertex  1.697681e+001  1.682430e+001 -2.400000e+001
      vertex  1.494290e+001  1.793543e+001 -2.400000e+001
    endloop
  endfacet
  facet normal  0.000000e+000  0.000000e+000  1.000000e+000
    outer loop
      vertex  1.488346e+001  1.640899e+001 -2.400000e+001
      vertex  1.494290e+001  1.793543e+001 -2.400000e+001
      vertex  1.264433e+001  1.763885e+001 -2.400000e+001
    endloop
  endfacet
  facet normal  0.000000e+000  0.000000e+000  1.000000e+000
    outer loop
      vertex  1.585567e+001  1.086115e+001 -2.400000e+001
      vertex  1.754094e+001  1.245215e+001 -2.400000e+001
      vertex  1.355710e+001  1.056457e+001 -2.400000e+001
    endloop
  endfacet
  facet normal  0.000000e+000  0.000000e+000  1.000000e+000
    outer loop
      vertex  1.355710e+001  1.056457e+001 -2.400000e+001
      vertex  1.754094e+001  1.245215e+001 -2.400000e+001
      vertex  1.532871e+001  1.227544e+001 -2.400000e+001
    endloop
  endfacet
  facet normal  0.000000e+000  0.000000e+000  1.000000e+000
    outer loop
      vertex  1.754094e+001  1.245215e+001 -2.400000e+001
      vertex  1.796917e+001  1.472987e+001 -2.400000e+001
      vertex  1.532871e+001  1.227544e+001 -2.400000e+001
    endloop
  endfacet
  facet normal  0.000000e+000  0.000000e+000  1.000000e+000
    outer loop
      vertex  1.532871e+001  1.227544e+001 -2.400000e+001
      vertex  1.796917e+001  1.472987e+001 -2.400000e+001
      vertex  1.640899e+001  1.361654e+001 -2.400000e+001
    endloop
  endfacet
  facet normal  0.000000e+000  -0.000000e+000  1.000000e+000
    outer loop
      vertex  1.053083e+001  1.377013e+001 -2.400000e+001
      vertex  1.152319e+001  1.167570e+001 -2.400000e+001
      vertex  1.227544e+001  1.317129e+001 -2.400000e+001
    endloop
  endfacet
  facet normal  0.000000e+000  0.000000e+000  1.000000e+000
    outer loop
      vertex  1.227544e+001  1.317129e+001 -2.400000e+001
      vertex  1.152319e+001  1.167570e+001 -2.400000e+001
      vertex  1.361654e+001  1.209101e+001 -2.400000e+001
    endloop
  endfacet
  facet normal  0.000000e+000  -0.000000e+000  1.000000e+000
    outer loop
      vertex  1.152319e+001  1.167570e+001 -2.400000e+001
      vertex  1.355710e+001  1.056457e+001 -2.400000e+001
      vertex  1.361654e+001  1.209101e+001 -2.400000e+001
    endloop
  endfacet
  facet normal  -0.000000e+000  0.000000e+000  1.000000e+000
    outer loop
      vertex  1.361654e+001  1.209101e+001 -2.400000e+001
      vertex  1.355710e+001  1.056457e+001 -2.400000e+001
      vertex  1.532871e+001  1.227544e+001 -2.400000e+001
    endloop
  endfacet
  facet normal  0.000000e+000  0.000000e+000 -9.999999e-001
    outer loop
      vertex  1.024075e+001  1.878083e+001 -3.200000e+001
      vertex  1.260364e+001  2.007168e+001 -3.200000e+001
      vertex  8.671938e+000  1.659259e+001 -3.200000e+001
    endloop
  endfacet
  facet normal  0.000000e+000  -0.000000e+000 -1.000000e+000
    outer loop
      vertex  1.488346e+001  1.640899e+001 -3.200000e+001
      vertex  1.777509e+001  1.916693e+001 -3.200000e+001
      vertex  1.955937e+001  1.715052e+001 -3.200000e+001
    endloop
  endfacet
  facet normal  0.000000e+000  0.000000e+000 -1.000000e+000
    outer loop
      vertex  1.589636e+001  8.428315e+000 -3.200000e+001
      vertex  1.982806e+001  1.190741e+001 -3.200000e+001
      vertex  1.825925e+001  9.719170e+000 -3.200000e+001
    endloop
  endfacet
  facet normal  0.000000e+000  0.000000e+000 -1.000000e+000
    outer loop
      vertex  1.982806e+001  1.190741e+001 -3.200000e+001
      vertex  1.589636e+001  8.428315e+000 -3.200000e+001
      vertex  1.532871e+001  1.227544e+001 -3.200000e+001
    endloop
  endfacet
  facet normal  0.000000e+000  -0.000000e+000 -1.000000e+000
    outer loop
      vertex  1.532871e+001  1.227544e+001 -3.200000e+001
      vertex  1.589636e+001  8.428315e+000 -3.200000e+001
      vertex  1.320738e+001  8.290517e+000 -3.200000e+001
    endloop
  endfacet
  facet normal  0.000000e+000  0.000000e+000 -1.000000e+000
    outer loop
      vertex  1.532871e+001  1.227544e+001 -3.200000e+001
      vertex  1.320738e+001  8.290517e+000 -3.200000e+001
      vertex  1.361654e+001  1.209101e+001 -3.200000e+001
    endloop
  endfacet
  facet normal  0.000000e+000  0.000000e+000 -1.000000e+000
    outer loop
      vertex  1.361654e+001  1.209101e+001 -3.200000e+001
      vertex  1.320738e+001  8.290517e+000 -3.200000e+001
      vertex  1.072491e+001  9.333066e+000 -3.200000e+001
    endloop
  endfacet
  facet normal  0.000000e+000  0.000000e+000 -9.999999e-001
    outer loop
      vertex  1.361654e+001  1.209101e+001 -3.200000e+001
      vertex  1.072491e+001  9.333066e+000 -3.200000e+001
      vertex  8.940625e+000  1.134948e+001 -3.200000e+001
    endloop
  endfacet
  facet normal  0.000000e+000  0.000000e+000 -1.000000e+000
    outer loop
      vertex  1.227544e+001  1.317129e+001 -3.200000e+001
      vertex  8.207929e+000  1.394037e+001 -3.200000e+001
      vertex  1.209101e+001  1.488346e+001 -3.200000e+001
    endloop
  endfacet
  facet normal  -0.000000e+000  0.000000e+000 -1.000000e+000
    outer loop
      vertex  1.209101e+001  1.488346e+001 -3.200000e+001
      vertex  8.207929e+000  1.394037e+001 -3.200000e+001
      vertex  8.671938e+000  1.659259e+001 -3.200000e+001
    endloop
  endfacet
  facet normal  0.000000e+000  0.000000e+000 -1.000000e+000
    outer loop
      vertex  1.209101e+001  1.488346e+001 -3.200000e+001
      vertex  8.671938e+000  1.659259e+001 -3.200000e+001
      vertex  1.317129e+001  1.622456e+001 -3.200000e+001
    endloop
  endfacet
  facet normal  0.000000e+000  0.000000e+000 -1.000000e+000
    outer loop
      vertex  1.317129e+001  1.622456e+001 -3.200000e+001
      vertex  8.671938e+000  1.659259e+001 -3.200000e+001
      vertex  1.260364e+001  2.007168e+001 -3.200000e+001
    endloop
  endfacet
  facet normal  0.000000e+000  0.000000e+000 -1.000000e+000
    outer loop
      vertex  1.317129e+001  1.622456e+001 -3.200000e+001
      vertex  1.260364e+001  2.007168e+001 -3.200000e+001
      vertex  1.488346e+001  1.640899e+001 -3.200000e+001
    endloop
  endfacet
  facet normal  0.000000e+000  0.000000e+000 -1.000000e+000
    outer loop
      vertex  1.488346e+001  1.640899e+001 -3.200000e+001
      vertex  1.260364e+001  2.007168e+001 -3.200000e+001
      vertex  1.529262e+001  2.020948e+001 -3.200000e+001
    endloop
  endfacet
  facet normal  0.000000e+000  -0.000000e+000 -1.000000e+000
    outer loop
      vertex  1.488346e+001  1.640899e+001 -3.200000e+001
      vertex  1.529262e+001  2.020948e+001 -3.200000e+001
      vertex  1.777509e+001  1.916693e+001 -3.200000e+001
    endloop
  endfacet
  facet normal  0.000000e+000  0.000000e+000 -1.000000e+000
    outer loop
      vertex  8.940625e+000  1.134948e+001 -3.200000e+001
      vertex  8.207929e+000  1.394037e+001 -3.200000e+001
      vertex  1.361654e+001  1.209101e+001 -3.200000e+001
    endloop
  endfacet
  facet normal  0.000000e+000  0.000000e+000 -1.000000e+000
    outer loop
      vertex  1.361654e+001  1.209101e+001 -3.200000e+001
      vertex  8.207929e+000  1.394037e+001 -3.200000e+001
      vertex  1.227544e+001  1.317129e+001 -3.200000e+001
    endloop
  endfacet
  facet normal  0.000000e+000  -0.000000e+000 -1.000000e+000
    outer loop
      vertex  1.532871e+001  1.227544e+001 -3.200000e+001
      vertex  1.640899e+001  1.361654e+001 -3.200000e+001
      vertex  1.982806e+001  1.190741e+001 -3.200000e+001
    endloop
  endfacet
  facet normal  0.000000e+000  0.000000e+000 -1.000000e+000
    outer loop
      vertex  1.982806e+001  1.190741e+001 -3.200000e+001
      vertex  1.640899e+001  1.361654e+001 -3.200000e+001
      vertex  1.622456e+001  1.532871e+001 -3.200000e+001
    endloop
  endfacet
  facet normal  0.000000e+000  0.000000e+000 -1.000000e+000
    outer loop
      vertex  1.982806e+001  1.190741e+001 -3.200000e+001
      vertex  1.622456e+001  1.532871e+001 -3.200000e+001
      vertex  2.029207e+001  1.455963e+001 -3.200000e+001
    endloop
  endfacet
  facet normal  0.000000e+000  0.000000e+000 -1.000000e+000
    outer loop
      vertex  2.029207e+001  1.455963e+001 -3.200000e+001
      vertex  1.622456e+001  1.532871e+001 -3.200000e+001
      vertex  1.488346e+001  1.640899e+001 -3.200000e+001
    endloop
  endfacet
  facet normal  0.000000e+000  0.000000e+000 -1.000000e+000
    outer loop
      vertex  2.029207e+001  1.455963e+001 -3.200000e+001
      vertex  1.488346e+001  1.640899e+001 -3.200000e+001
      vertex  1.955937e+001  1.715052e+001 -3.200000e+001
    endloop
  endfacet
  facet normal  0.000000e+000  0.000000e+000 -9.999999e-001
    outer loop
      vertex  0.000000e+000  0.000000e+000 -5.000000e+001
      vertex  0.000000e+000  2.850000e+001 -5.000000e+001
      vertex  8.940625e+000  1.134948e+001 -5.000000e+001
    endloop
  endfacet
  facet normal  0.000000e+000  -0.000000e+000 -1.000000e+000
    outer loop
      vertex  0.000000e+000  0.000000e+000 -5.000000e+001
      vertex  8.940625e+000  1.134948e+001 -5.000000e+001
      vertex  1.072491e+001  9.333066e+000 -5.000000e+001
    endloop
  endfacet
  facet normal  0.000000e+000  -0.000000e+000 -1.000000e+000
    outer loop
      vertex  0.000000e+000  0.000000e+000 -5.000000e+001
      vertex  1.072491e+001  9.333066e+000 -5.000000e+001
      vertex  1.320738e+001  8.290517e+000 -5.000000e+001
    endloop
  endfacet
  facet normal  0.000000e+000  -0.000000e+000 -1.000000e+000
    outer loop
      vertex  0.000000e+000  0.000000e+000 -5.000000e+001
      vertex  1.320738e+001  8.290517e+000 -5.000000e+001
      vertex  1.589636e+001  8.428315e+000 -5.000000e+001
    endloop
  endfacet
  facet normal  0.000000e+000  -0.000000e+000 -1.000000e+000
    outer loop
      vertex  0.000000e+000  0.000000e+000 -5.000000e+001
      vertex  1.589636e+001  8.428315e+000 -5.000000e+001
      vertex  2.850000e+001  4.510583e-016 -5.000000e+001
    endloop
  endfacet
  facet normal  -0.000000e+000  0.000000e+000 -1.000000e+000
    outer loop
      vertex  0.000000e+000  2.850000e+001 -5.000000e+001
      vertex  2.850000e+001  2.850000e+001 -5.000000e+001
      vertex  1.529262e+001  2.020948e+001 -5.000000e+001
    endloop
  endfacet
  facet normal  -0.000000e+000  0.000000e+000 -1.000000e+000
    outer loop
      vertex  0.000000e+000  2.850000e+001 -5.000000e+001
      vertex  1.529262e+001  2.020948e+001 -5.000000e+001
      vertex  1.260364e+001  2.007168e+001 -5.000000e+001
    endloop
  endfacet
  facet normal  -0.000000e+000  0.000000e+000 -1.000000e+000
    outer loop
      vertex  0.000000e+000  2.850000e+001 -5.000000e+001
      vertex  1.260364e+001  2.007168e+001 -5.000000e+001
      vertex  1.024075e+001  1.878083e+001 -5.000000e+001
    endloop
  endfacet
  facet normal  -0.000000e+000  0.000000e+000 -1.000000e+000
    outer loop
      vertex  0.000000e+000  2.850000e+001 -5.000000e+001
      vertex  1.024075e+001  1.878083e+001 -5.000000e+001
      vertex  8.671938e+000  1.659259e+001 -5.000000e+001
    endloop
  endfacet
  facet normal  -0.000000e+000  0.000000e+000 -1.000000e+000
    outer loop
      vertex  0.000000e+000  2.850000e+001 -5.000000e+001
      vertex  8.671938e+000  1.659259e+001 -5.000000e+001
      vertex  8.207929e+000  1.394037e+001 -5.000000e+001
    endloop
  endfacet
  facet normal  -0.000000e+000  -0.000000e+000 -1.000000e+000
    outer loop
      vertex  0.000000e+000  2.850000e+001 -5.000000e+001
      vertex  8.207929e+000  1.394037e+001 -5.000000e+001
      vertex  8.940625e+000  1.134948e+001 -5.000000e+001
    endloop
  endfacet
  facet normal  0.000000e+000  0.000000e+000 -1.000000e+000
    outer loop
      vertex  2.850000e+001  2.850000e+001 -5.000000e+001
      vertex  1.982806e+001  1.190741e+001 -5.000000e+001
      vertex  2.029207e+001  1.455963e+001 -5.000000e+001
    endloop
  endfacet
  facet normal  0.000000e+000  0.000000e+000 -1.000000e+000
    outer loop
      vertex  2.850000e+001  2.850000e+001 -5.000000e+001
      vertex  2.029207e+001  1.455963e+001 -5.000000e+001
      vertex  1.955937e+001  1.715052e+001 -5.000000e+001
    endloop
  endfacet
  facet normal  0.000000e+000  0.000000e+000 -1.000000e+000
    outer loop
      vertex  2.850000e+001  2.850000e+001 -5.000000e+001
      vertex  1.955937e+001  1.715052e+001 -5.000000e+001
      vertex  1.777509e+001  1.916693e+001 -5.000000e+001
    endloop
  endfacet
  facet normal  0.000000e+000  0.000000e+000 -1.000000e+000
    outer loop
      vertex  2.850000e+001  2.850000e+001 -5.000000e+001
      vertex  1.777509e+001  1.916693e+001 -5.000000e+001
      vertex  1.529262e+001  2.020948e+001 -5.000000e+001
    endloop
  endfacet
  facet normal  0.000000e+000  0.000000e+000 -1.000000e+000
    outer loop
      vertex  2.850000e+001  4.510583e-016 -5.000000e+001
      vertex  1.589636e+001  8.428315e+000 -5.000000e+001
      vertex  1.825925e+001  9.719170e+000 -5.000000e+001
    endloop
  endfacet
  facet normal  0.000000e+000  0.000000e+000 -9.999999e-001
    outer loop
      vertex  2.850000e+001  4.510583e-016 -5.000000e+001
      vertex  1.825925e+001  9.719170e+000 -5.000000e+001
      vertex  1.982806e+001  1.190741e+001 -5.000000e+001
    endloop
  endfacet
  facet normal  0.000000e+000  0.000000e+000 -1.000000e+000
    outer loop
      vertex  2.850000e+001  4.510583e-016 -5.000000e+001
      vertex  1.982806e+001  1.190741e+001 -5.000000e+001
      vertex  2.850000e+001  2.850000e+001 -5.000000e+001
    endloop
  endfacet
  facet normal  8.127165e-001 -5.826594e-001  0.000000e+000
    outer loop
      vertex  1.024075e+001  1.878083e+001 -5.000000e+001
      vertex  8.671938e+000  1.659259e+001 -3.200000e+001
      vertex  8.671938e+000  1.659259e+001 -5.000000e+001
    endloop
  endfacet
  facet normal  9.850386e-001 -1.723338e-001  0.000000e+000
    outer loop
      vertex  8.671938e+000  1.659259e+001 -5.000000e+001
      vertex  8.671938e+000  1.659259e+001 -3.200000e+001
      vertex  8.207929e+000  1.394037e+001 -3.200000e+001
    endloop
  endfacet
  facet normal  9.850386e-001 -1.723338e-001  0.000000e+000
    outer loop
      vertex  8.671938e+000  1.659259e+001 -5.000000e+001
      vertex  8.207929e+000  1.394037e+001 -3.200000e+001
      vertex  8.207929e+000  1.394037e+001 -5.000000e+001
    endloop
  endfacet
  facet normal  9.622620e-001  2.721247e-001  -0.000000e+000
    outer loop
      vertex  8.207929e+000  1.394037e+001 -5.000000e+001
      vertex  8.207929e+000  1.394037e+001 -3.200000e+001
      vertex  8.940625e+000  1.134948e+001 -3.200000e+001
    endloop
  endfacet
  facet normal  9.622620e-001  2.721247e-001  0.000000e+000
    outer loop
      vertex  8.207929e+000  1.394037e+001 -5.000000e+001
      vertex  8.940625e+000  1.134948e+001 -3.200000e+001
      vertex  8.940625e+000  1.134948e+001 -5.000000e+001
    endloop
  endfacet
  facet normal  8.127165e-001 -5.826594e-001  0.000000e+000
    outer loop
      vertex  8.671938e+000  1.659259e+001 -3.200000e+001
      vertex  1.024075e+001  1.878083e+001 -5.000000e+001
      vertex  1.024075e+001  1.878083e+001 -3.200000e+001
    endloop
  endfacet
  facet normal  4.794252e-001 -8.775828e-001  0.000000e+000
    outer loop
      vertex  1.024075e+001  1.878083e+001 -3.200000e+001
      vertex  1.024075e+001  1.878083e+001 -5.000000e+001
      vertex  1.260364e+001  2.007168e+001 -5.000000e+001
    endloop
  endfacet
  facet normal  4.794252e-001 -8.775828e-001  0.000000e+000
    outer loop
      vertex  1.024075e+001  1.878083e+001 -3.200000e+001
      vertex  1.260364e+001  2.007168e+001 -5.000000e+001
      vertex  1.260364e+001  2.007168e+001 -3.200000e+001
    endloop
  endfacet
  facet normal  5.117921e-002 -9.986896e-001  0.000000e+000
    outer loop
      vertex  1.260364e+001  2.007168e+001 -3.200000e+001
      vertex  1.260364e+001  2.007168e+001 -5.000000e+001
      vertex  1.529262e+001  2.020948e+001 -5.000000e+001
    endloop
  endfacet
  facet normal  5.117921e-002 -9.986896e-001  0.000000e+000
    outer loop
      vertex  1.260364e+001  2.007168e+001 -3.200000e+001
      vertex  1.529262e+001  2.020948e+001 -5.000000e+001
      vertex  1.529262e+001  2.020948e+001 -3.200000e+001
    endloop
  endfacet
  facet normal -3.872050e-001 -9.219937e-001  -0.000000e+000
    outer loop
      vertex  1.529262e+001  2.020948e+001 -3.200000e+001
      vertex  1.529262e+001  2.020948e+001 -5.000000e+001
      vertex  1.777509e+001  1.916693e+001 -5.000000e+001
    endloop
  endfacet
  facet normal -3.872050e-001 -9.219937e-001  0.000000e+000
    outer loop
      vertex  1.529262e+001  2.020948e+001 -3.200000e+001
      vertex  1.777509e+001  1.916693e+001 -5.000000e+001
      vertex  1.777509e+001  1.916693e+001 -3.200000e+001
    endloop
  endfacet
  facet normal -7.488977e-001 -6.626857e-001  -0.000000e+000
    outer loop
      vertex  1.777509e+001  1.916693e+001 -3.200000e+001
      vertex  1.777509e+001  1.916693e+001 -5.000000e+001
      vertex  1.955937e+001  1.715052e+001 -5.000000e+001
    endloop
  endfacet
  facet normal -7.488977e-001 -6.626857e-001  0.000000e+000
    outer loop
      vertex  1.777509e+001  1.916693e+001 -3.200000e+001
      vertex  1.955937e+001  1.715052e+001 -5.000000e+001
      vertex  1.955937e+001  1.715052e+001 -3.200000e+001
    endloop
  endfacet
  facet normal -8.127163e-001  5.826596e-001  0.000000e+000
    outer loop
      vertex  1.825925e+001  9.719170e+000 -5.000000e+001
      vertex  1.982806e+001  1.190741e+001 -3.200000e+001
      vertex  1.982806e+001  1.190741e+001 -5.000000e+001
    endloop
  endfacet
  facet normal -9.850386e-001  1.723341e-001  0.000000e+000
    outer loop
      vertex  1.982806e+001  1.190741e+001 -5.000000e+001
      vertex  1.982806e+001  1.190741e+001 -3.200000e+001
      vertex  2.029207e+001  1.455963e+001 -3.200000e+001
    endloop
  endfacet
  facet normal -9.850386e-001  1.723341e-001  0.000000e+000
    outer loop
      vertex  1.982806e+001  1.190741e+001 -5.000000e+001
      vertex  2.029207e+001  1.455963e+001 -3.200000e+001
      vertex  2.029207e+001  1.455963e+001 -5.000000e+001
    endloop
  endfacet
  facet normal -9.622618e-001 -2.721254e-001  0.000000e+000
    outer loop
      vertex  2.029207e+001  1.455963e+001 -5.000000e+001
      vertex  2.029207e+001  1.455963e+001 -3.200000e+001
      vertex  1.955937e+001  1.715052e+001 -3.200000e+001
    endloop
  endfacet
  facet normal -9.622618e-001 -2.721254e-001  -0.000000e+000
    outer loop
      vertex  2.029207e+001  1.455963e+001 -5.000000e+001
      vertex  1.955937e+001  1.715052e+001 -3.200000e+001
      vertex  1.955937e+001  1.715052e+001 -5.000000e+001
    endloop
  endfacet
  facet normal -8.127163e-001  5.826596e-001  0.000000e+000
    outer loop
      vertex  1.982806e+001  1.190741e+001 -3.200000e+001
      vertex  1.825925e+001  9.719170e+000 -5.000000e+001
      vertex  1.825925e+001  9.719170e+000 -3.200000e+001
    endloop
  endfacet
  facet normal -4.794256e-001  8.775826e-001  0.000000e+000
    outer loop
      vertex  1.825925e+001  9.719170e+000 -3.200000e+001
      vertex  1.825925e+001  9.719170e+000 -5.000000e+001
      vertex  1.589636e+001  8.428315e+000 -5.000000e+001
    endloop
  endfacet
  facet normal -4.794256e-001  8.775826e-001  0.000000e+000
    outer loop
      vertex  1.825925e+001  9.719170e+000 -3.200000e+001
      vertex  1.589636e+001  8.428315e+000 -5.000000e+001
      vertex  1.589636e+001  8.428315e+000 -3.200000e+001
    endloop
  endfacet
  facet normal -5.117850e-002  9.986896e-001  0.000000e+000
    outer loop
      vertex  1.589636e+001  8.428315e+000 -3.200000e+001
      vertex  1.589636e+001  8.428315e+000 -5.000000e+001
      vertex  1.320738e+001  8.290517e+000 -5.000000e+001
    endloop
  endfacet
  facet normal -5.117850e-002  9.986896e-001  0.000000e+000
    outer loop
      vertex  1.589636e+001  8.428315e+000 -3.200000e+001
      vertex  1.320738e+001  8.290517e+000 -5.000000e+001
      vertex  1.320738e+001  8.290517e+000 -3.200000e+001
    endloop
  endfacet
  facet normal  3.872044e-001  9.219939e-001  0.000000e+000
    outer loop
      vertex  1.320738e+001  8.290517e+000 -3.200000e+001
      vertex  1.320738e+001  8.290517e+000 -5.000000e+001
      vertex  1.072491e+001  9.333066e+000 -5.000000e+001
    endloop
  endfacet
  facet normal  3.872044e-001  9.219939e-001  -0.000000e+000
    outer loop
      vertex  1.320738e+001  8.290517e+000 -3.200000e+001
      vertex  1.072491e+001  9.333066e+000 -5.000000e+001
      vertex  1.072491e+001  9.333066e+000 -3.200000e+001
    endloop
  endfacet
  facet normal  7.488977e-001  6.626856e-001  0.000000e+000
    outer loop
      vertex  1.072491e+001  9.333066e+000 -3.200000e+001
      vertex  1.072491e+001  9.333066e+000 -5.000000e+001
      vertex  8.940625e+000  1.134948e+001 -5.000000e+001
    endloop
  endfacet
  facet normal  7.488977e-001  6.626856e-001  -0.000000e+000
    outer loop
      vertex  1.072491e+001  9.333066e+000 -3.200000e+001
      vertex  8.940625e+000  1.134948e+001 -5.000000e+001
      vertex  8.940625e+000  1.134948e+001 -3.200000e+001
    endloop
  endfacet
  facet normal  1.000000e+000  0.000000e+000  -0.000000e+000
    outer loop
      vertex  5.000000e+000  3.250000e+000  4.000000e+001
      vertex  5.000000e+000  3.955837e+000  3.731887e+001
      vertex  5.000000e+000  5.284795e+000  4.071581e+001
    endloop
  endfacet
  facet normal  1.000000e+000  0.000000e+000  0.000000e+000
    outer loop
      vertex  5.000000e+000  2.525000e+001  4.000000e+001
      vertex  5.000000e+000  2.321520e+001  4.071581e+001
      vertex  5.000000e+000  2.346462e+001  4.028397e+001
    endloop
  endfacet
  facet normal  1.000000e+000  0.000000e+000  0.000000e+000
    outer loop
      vertex  5.000000e+000  2.525000e+001  4.000000e+001
      vertex  5.000000e+000  2.346462e+001  4.028397e+001
      vertex  5.000000e+000  2.463063e+001  3.682880e+001
    endloop
  endfacet
  facet normal  1.000000e+000  -0.000000e+000  0.000000e+000
    outer loop
      vertex  5.000000e+000  2.525000e+001  4.000000e+001
      vertex  5.000000e+000  2.463063e+001  3.682880e+001
      vertex  5.000000e+000  2.850000e+001  6.500000e+000
    endloop
  endfacet
  facet normal  1.000000e+000  0.000000e+000  -0.000000e+000
    outer loop
      vertex  5.000000e+000  2.525000e+001  4.000000e+001
      vertex  5.000000e+000  2.850000e+001  6.500000e+000
      vertex  5.000000e+000  2.850000e+001  4.000000e+001
    endloop
  endfacet
  facet normal  1.000000e+000  0.000000e+000  -0.000000e+000
    outer loop
      vertex  5.000000e+000  3.250000e+000  6.500000e+000
      vertex  5.000000e+000  4.875000e+000  6.064582e+000
      vertex  5.000000e+000  2.362500e+001  6.064582e+000
    endloop
  endfacet
  facet normal  1.000000e+000  0.000000e+000  -0.000000e+000
    outer loop
      vertex  5.000000e+000  3.250000e+000  6.500000e+000
      vertex  5.000000e+000  2.362500e+001  6.064582e+000
      vertex  5.000000e+000  2.525000e+001  6.500000e+000
    endloop
  endfacet
  facet normal  1.000000e+000  0.000000e+000  0.000000e+000
    outer loop
      vertex  5.000000e+000  3.250000e+000  6.500000e+000
      vertex  5.000000e+000  2.525000e+001  6.500000e+000
      vertex  5.000000e+000  1.400224e+001  2.475292e+001
    endloop
  endfacet
  facet normal  1.000000e+000  0.000000e+000  0.000000e+000
    outer loop
      vertex  5.000000e+000  3.250000e+000  6.500000e+000
      vertex  5.000000e+000  1.400224e+001  2.475292e+001
      vertex  5.000000e+000  0.000000e+000  6.500000e+000
    endloop
  endfacet
  facet normal  1.000000e+000  0.000000e+000  0.000000e+000
    outer loop
      vertex  5.000000e+000  2.850000e+001  6.500000e+000
      vertex  5.000000e+000  2.463063e+001  3.682880e+001
      vertex  5.000000e+000  2.454458e+001  3.318320e+001
    endloop
  endfacet
  facet normal  1.000000e+000  0.000000e+000  0.000000e+000
    outer loop
      vertex  5.000000e+000  2.850000e+001  6.500000e+000
      vertex  5.000000e+000  2.454458e+001  3.318320e+001
      vertex  5.000000e+000  2.321685e+001  2.978689e+001
    endloop
  endfacet
  facet normal  1.000000e+000  0.000000e+000  0.000000e+000
    outer loop
      vertex  5.000000e+000  2.850000e+001  6.500000e+000
      vertex  5.000000e+000  2.321685e+001  2.978689e+001
      vertex  5.000000e+000  2.080759e+001  2.704951e+001
    endloop
  endfacet
  facet normal  1.000000e+000  0.000000e+000  0.000000e+000
    outer loop
      vertex  5.000000e+000  2.850000e+001  6.500000e+000
      vertex  5.000000e+000  2.080759e+001  2.704951e+001
      vertex  5.000000e+000  1.760739e+001  2.530124e+001
    endloop
  endfacet
  facet normal  1.000000e+000  0.000000e+000  0.000000e+000
    outer loop
      vertex  5.000000e+000  2.850000e+001  6.500000e+000
      vertex  5.000000e+000  1.760739e+001  2.530124e+001
      vertex  5.000000e+000  1.400224e+001  2.475292e+001
    endloop
  endfacet
  facet normal  1.000000e+000  0.000000e+000  0.000000e+000
    outer loop
      vertex  5.000000e+000  2.850000e+001  6.500000e+000
      vertex  5.000000e+000  1.400224e+001  2.475292e+001
      vertex  5.000000e+000  2.525000e+001  6.500000e+000
    endloop
  endfacet
  facet normal  1.000000e+000  0.000000e+000  -0.000000e+000
    outer loop
      vertex  5.000000e+000 -8.881784e-016 -2.000000e+001
      vertex  5.000000e+000  2.850000e+001 -2.000000e+001
      vertex  5.000000e+000  2.850000e+001  0.000000e+000
    endloop
  endfacet
  facet normal  1.000000e+000  0.000000e+000  0.000000e+000
    outer loop
      vertex  5.000000e+000 -8.881784e-016 -2.000000e+001
      vertex  5.000000e+000  2.850000e+001  0.000000e+000
      vertex  5.000000e+000  2.200000e+001  0.000000e+000
    endloop
  endfacet
  facet normal  1.000000e+000  0.000000e+000  0.000000e+000
    outer loop
      vertex  5.000000e+000 -8.881784e-016 -2.000000e+001
      vertex  5.000000e+000  2.200000e+001  0.000000e+000
      vertex  5.000000e+000  6.500000e+000  0.000000e+000
    endloop
  endfacet
  facet normal  1.000000e+000  0.000000e+000  0.000000e+000
    outer loop
      vertex  5.000000e+000 -8.881784e-016 -2.000000e+001
      vertex  5.000000e+000  6.500000e+000  0.000000e+000
      vertex  5.000000e+000  0.000000e+000  0.000000e+000
    endloop
  endfacet
  facet normal  1.000000e+000  0.000000e+000  0.000000e+000
    outer loop
      vertex  5.000000e+000  0.000000e+000  6.500000e+000
      vertex  5.000000e+000  1.400224e+001  2.475292e+001
      vertex  5.000000e+000  1.042697e+001  2.547071e+001
    endloop
  endfacet
  facet normal  1.000000e+000  0.000000e+000  0.000000e+000
    outer loop
      vertex  5.000000e+000  0.000000e+000  6.500000e+000
      vertex  5.000000e+000  1.042697e+001  2.547071e+001
      vertex  5.000000e+000  7.312811e+000  2.736803e+001
    endloop
  endfacet
  facet normal  1.000000e+000  0.000000e+000  0.000000e+000
    outer loop
      vertex  5.000000e+000  0.000000e+000  6.500000e+000
      vertex  5.000000e+000  7.312811e+000  2.736803e+001
      vertex  5.000000e+000  5.035383e+000  3.021603e+001
    endloop
  endfacet
  facet normal  1.000000e+000  0.000000e+000  0.000000e+000
    outer loop
      vertex  5.000000e+000  0.000000e+000  6.500000e+000
      vertex  5.000000e+000  5.035383e+000  3.021603e+001
      vertex  5.000000e+000  3.869215e+000  3.367225e+001
    endloop
  endfacet
  facet normal  1.000000e+000  0.000000e+000  -0.000000e+000
    outer loop
      vertex  5.000000e+000  0.000000e+000  6.500000e+000
      vertex  5.000000e+000  3.869215e+000  3.367225e+001
      vertex  5.000000e+000  3.955837e+000  3.731887e+001
    endloop
  endfacet
  facet normal  1.000000e+000  0.000000e+000  0.000000e+000
    outer loop
      vertex  5.000000e+000  0.000000e+000  6.500000e+000
      vertex  5.000000e+000  3.955837e+000  3.731887e+001
      vertex  5.000000e+000  3.250000e+000  4.000000e+001
    endloop
  endfacet
  facet normal  1.000000e+000  0.000000e+000  0.000000e+000
    outer loop
      vertex  5.000000e+000  0.000000e+000  6.500000e+000
      vertex  5.000000e+000  3.250000e+000  4.000000e+001
      vertex  5.000000e+000  0.000000e+000  4.000000e+001
    endloop
  endfacet
  facet normal  1.000000e+000  -0.000000e+000  0.000000e+000
    outer loop
      vertex  5.000000e+000  2.362500e+001  6.064582e+000
      vertex  5.000000e+000  4.875000e+000  6.064582e+000
      vertex  5.000000e+000  2.243542e+001  4.875000e+000
    endloop
  endfacet
  facet normal  1.000000e+000  0.000000e+000  0.000000e+000
    outer loop
      vertex  5.000000e+000  2.243542e+001  4.875000e+000
      vertex  5.000000e+000  4.875000e+000  6.064582e+000
      vertex  5.000000e+000  6.064582e+000  4.875000e+000
    endloop
  endfacet
  facet normal  1.000000e+000  -0.000000e+000  0.000000e+000
    outer loop
      vertex  5.000000e+000  2.243542e+001  4.875000e+000
      vertex  5.000000e+000  6.064582e+000  4.875000e+000
      vertex  5.000000e+000  2.200000e+001  3.250000e+000
    endloop
  endfacet
  facet normal  1.000000e+000  0.000000e+000  0.000000e+000
    outer loop
      vertex  5.000000e+000  2.200000e+001  3.250000e+000
      vertex  5.000000e+000  6.064582e+000  4.875000e+000
      vertex  5.000000e+000  6.500000e+000  3.250000e+000
    endloop
  endfacet
  facet normal  1.000000e+000  -0.000000e+000  0.000000e+000
    outer loop
      vertex  5.000000e+000  2.200000e+001  3.250000e+000
      vertex  5.000000e+000  6.500000e+000  3.250000e+000
      vertex  5.000000e+000  2.200000e+001  0.000000e+000
    endloop
  endfacet
  facet normal  1.000000e+000  0.000000e+000  0.000000e+000
    outer loop
      vertex  5.000000e+000  2.200000e+001  0.000000e+000
      vertex  5.000000e+000  6.500000e+000  3.250000e+000
      vertex  5.000000e+000  6.500000e+000  0.000000e+000
    endloop
  endfacet
  facet normal  0.000000e+000  0.000000e+000 -1.000000e+000
    outer loop
      vertex  7.800000e+000  2.200000e+001  0.000000e+000
      vertex  5.000000e+000  2.200000e+001  0.000000e+000
      vertex  7.800000e+000  2.850000e+001  0.000000e+000
    endloop
  endfacet
  facet normal  -0.000000e+000  0.000000e+000 -1.000000e+000
    outer loop
      vertex  7.800000e+000  2.850000e+001  0.000000e+000
      vertex  5.000000e+000  2.200000e+001  0.000000e+000
      vertex  5.000000e+000  2.850000e+001  0.000000e+000
    endloop
  endfacet
  facet normal  0.000000e+000  0.000000e+000 -1.000000e+000
    outer loop
      vertex  7.800000e+000 -8.881784e-016  0.000000e+000
      vertex  5.000000e+000  0.000000e+000  0.000000e+000
      vertex  7.800000e+000  6.500000e+000  0.000000e+000
    endloop
  endfacet
  facet normal  -0.000000e+000  0.000000e+000 -1.000000e+000
    outer loop
      vertex  7.800000e+000  6.500000e+000  0.000000e+000
      vertex  5.000000e+000  0.000000e+000  0.000000e+000
      vertex  5.000000e+000  6.500000e+000  0.000000e+000
    endloop
  endfacet
  facet normal  1.000000e+000  -0.000000e+000  0.000000e+000
    outer loop
      vertex  2.850000e+001  2.850000e+001 -2.000000e+001
      vertex  2.850000e+001  0.000000e+000 -2.000000e+001
      vertex  2.850000e+001  2.850000e+001 -5.000000e+001
    endloop
  endfacet
  facet normal  1.000000e+000  0.000000e+000  0.000000e+000
    outer loop
      vertex  2.850000e+001  2.850000e+001 -5.000000e+001
      vertex  2.850000e+001  0.000000e+000 -2.000000e+001
      vertex  2.850000e+001  4.510583e-016 -5.000000e+001
    endloop
  endfacet
  facet normal  0.000000e+000  1.000000e+000  0.000000e+000
    outer loop
      vertex  0.000000e+000  2.850000e+001  4.650000e+001
      vertex  7.800000e+000  2.850000e+001  4.650000e+001
      vertex  7.800000e+000  2.850000e+001  4.000000e+001
    endloop
  endfacet
  facet normal  0.000000e+000  1.000000e+000  0.000000e+000
    outer loop
      vertex  0.000000e+000  2.850000e+001  4.650000e+001
      vertex  7.800000e+000  2.850000e+001  4.000000e+001
      vertex  5.000000e+000  2.850000e+001  4.000000e+001
    endloop
  endfacet
  facet normal  0.000000e+000  1.000000e+000  0.000000e+000
    outer loop
      vertex  0.000000e+000  2.850000e+001  4.650000e+001
      vertex  5.000000e+000  2.850000e+001  4.000000e+001
      vertex  5.000000e+000  2.850000e+001  6.500000e+000
    endloop
  endfacet
  facet normal  0.000000e+000  1.000000e+000  0.000000e+000
    outer loop
      vertex  0.000000e+000  2.850000e+001  4.650000e+001
      vertex  5.000000e+000  2.850000e+001  6.500000e+000
      vertex  5.000000e+000  2.850000e+001  0.000000e+000
    endloop
  endfacet
  facet normal  0.000000e+000  1.000000e+000  0.000000e+000
    outer loop
      vertex  0.000000e+000  2.850000e+001  4.650000e+001
      vertex  5.000000e+000  2.850000e+001  0.000000e+000
      vertex  5.000000e+000  2.850000e+001 -2.000000e+001
    endloop
  endfacet
  facet normal  0.000000e+000  1.000000e+000  0.000000e+000
    outer loop
      vertex  0.000000e+000  2.850000e+001  4.650000e+001
      vertex  5.000000e+000  2.850000e+001 -2.000000e+001
      vertex  0.000000e+000  2.850000e+001 -5.000000e+001
    endloop
  endfacet
  facet normal  0.000000e+000  1.000000e+000  -0.000000e+000
    outer loop
      vertex  7.800000e+000  2.850000e+001  6.500000e+000
      vertex  7.800000e+000  2.850000e+001  0.000000e+000
      vertex  5.000000e+000  2.850000e+001  6.500000e+000
    endloop
  endfacet
  facet normal  0.000000e+000  1.000000e+000  0.000000e+000
    outer loop
      vertex  5.000000e+000  2.850000e+001  6.500000e+000
      vertex  7.800000e+000  2.850000e+001  0.000000e+000
      vertex  5.000000e+000  2.850000e+001  0.000000e+000
    endloop
  endfacet
  facet normal  0.000000e+000  1.000000e+000  0.000000e+000
    outer loop
      vertex  2.850000e+001  2.850000e+001 -5.000000e+001
      vertex  0.000000e+000  2.850000e+001 -5.000000e+001
      vertex  2.850000e+001  2.850000e+001 -2.000000e+001
    endloop
  endfacet
  facet normal  0.000000e+000  9.999999e-001  0.000000e+000
    outer loop
      vertex  2.850000e+001  2.850000e+001 -2.000000e+001
      vertex  0.000000e+000  2.850000e+001 -5.000000e+001
      vertex  5.000000e+000  2.850000e+001 -2.000000e+001
    endloop
  endfacet
  facet normal  1.582661e-017 -1.000000e+000 -1.503527e-017
    outer loop
      vertex  0.000000e+000  0.000000e+000 -5.000000e+001
      vertex  2.850000e+001  4.510583e-016 -5.000000e+001
      vertex  2.850000e+001  0.000000e+000 -2.000000e+001
    endloop
  endfacet
  facet normal  3.779483e-017 -9.999999e-001 -3.590508e-017
    outer loop
      vertex  0.000000e+000  0.000000e+000 -5.000000e+001
      vertex  2.850000e+001  0.000000e+000 -2.000000e+001
      vertex  5.000000e+000 -8.881784e-016 -2.000000e+001
    endloop
  endfacet
  facet normal -4.440892e-016 -1.000000e+000  4.440892e-017
    outer loop
      vertex  0.000000e+000  0.000000e+000 -5.000000e+001
      vertex  5.000000e+000 -8.881784e-016 -2.000000e+001
      vertex  5.000000e+000  0.000000e+000  0.000000e+000
    endloop
  endfacet
  facet normal  -0.000000e+000 -1.000000e+000  0.000000e+000
    outer loop
      vertex  0.000000e+000  0.000000e+000 -5.000000e+001
      vertex  5.000000e+000  0.000000e+000  0.000000e+000
      vertex  5.000000e+000  0.000000e+000  6.500000e+000
    endloop
  endfacet
  facet normal  -0.000000e+000 -1.000000e+000  0.000000e+000
    outer loop
      vertex  0.000000e+000  0.000000e+000 -5.000000e+001
      vertex  5.000000e+000  0.000000e+000  6.500000e+000
      vertex  5.000000e+000  0.000000e+000  4.000000e+001
    endloop
  endfacet
  facet normal -2.650729e-015 -1.000000e+000  1.472628e-016
    outer loop
      vertex  0.000000e+000  0.000000e+000 -5.000000e+001
      vertex  5.000000e+000  0.000000e+000  4.000000e+001
      vertex  0.000000e+000  1.421085e-014  4.650000e+001
    endloop
  endfacet
  facet normal -3.172066e-016 -1.000000e+000  2.732857e-016
    outer loop
      vertex  7.800000e+000 -8.881784e-016  0.000000e+000
      vertex  7.800000e+000  8.881784e-016  6.500000e+000
      vertex  5.000000e+000  0.000000e+000  0.000000e+000
    endloop
  endfacet
  facet normal  3.172066e-016 -1.000000e+000  0.000000e+000
    outer loop
      vertex  5.000000e+000  0.000000e+000  0.000000e+000
      vertex  7.800000e+000  8.881784e-016  6.500000e+000
      vertex  5.000000e+000  0.000000e+000  6.500000e+000
    endloop
  endfacet
  facet normal -1.821905e-015 -1.000000e+000  0.000000e+000
    outer loop
      vertex  7.800000e+000  0.000000e+000  4.650000e+001
      vertex  0.000000e+000  1.421085e-014  4.650000e+001
      vertex  7.800000e+000  0.000000e+000  4.000000e+001
    endloop
  endfacet
  facet normal  0.000000e+000 -1.000000e+000  2.186285e-015
    outer loop
      vertex  7.800000e+000  0.000000e+000  4.000000e+001
      vertex  0.000000e+000  1.421085e-014  4.650000e+001
      vertex  5.000000e+000  0.000000e+000  4.000000e+001
    endloop
  endfacet
  facet normal  0.000000e+000 -1.000000e+000  -0.000000e+000
    outer loop
      vertex  7.800000e+000  2.200000e+001  0.000000e+000
      vertex  7.800000e+000  2.200000e+001  3.250000e+000
      vertex  5.000000e+000  2.200000e+001  0.000000e+000
    endloop
  endfacet
  facet normal  0.000000e+000 -1.000000e+000  0.000000e+000
    outer loop
      vertex  5.000000e+000  2.200000e+001  0.000000e+000
      vertex  7.800000e+000  2.200000e+001  3.250000e+000
      vertex  5.000000e+000  2.200000e+001  3.250000e+000
    endloop
  endfacet
  facet normal  0.000000e+000  1.000000e+000  0.000000e+000
    outer loop
      vertex  7.800000e+000  6.500000e+000  0.000000e+000
      vertex  5.000000e+000  6.500000e+000  0.000000e+000
      vertex  7.800000e+000  6.500000e+000  3.250000e+000
    endloop
  endfacet
  facet normal  0.000000e+000  1.000000e+000  0.000000e+000
    outer loop
      vertex  7.800000e+000  6.500000e+000  3.250000e+000
      vertex  5.000000e+000  6.500000e+000  0.000000e+000
      vertex  5.000000e+000  6.500000e+000  3.250000e+000
    endloop
  endfacet
  facet normal  0.000000e+000  0.000000e+000  1.000000e+000
    outer loop
      vertex  7.800000e+000  0.000000e+000  4.650000e+001
      vertex  7.800000e+000  6.500000e+000  4.650000e+001
      vertex  0.000000e+000  1.421085e-014  4.650000e+001
    endloop
  endfacet
  facet normal  0.000000e+000  0.000000e+000  1.000000e+000
    outer loop
      vertex  0.000000e+000  1.421085e-014  4.650000e+001
      vertex  7.800000e+000  6.500000e+000  4.650000e+001
      vertex  5.000000e+000  6.500000e+000  4.650000e+001
    endloop
  endfacet
  facet normal  0.000000e+000  0.000000e+000  1.000000e+000
    outer loop
      vertex  0.000000e+000  1.421085e-014  4.650000e+001
      vertex  5.000000e+000  6.500000e+000  4.650000e+001
      vertex  0.000000e+000  2.850000e+001  4.650000e+001
    endloop
  endfacet
  facet normal  0.000000e+000  0.000000e+000  1.000000e+000
    outer loop
      vertex  0.000000e+000  2.850000e+001  4.650000e+001
      vertex  5.000000e+000  6.500000e+000  4.650000e+001
      vertex  5.000000e+000  2.200000e+001  4.650000e+001
    endloop
  endfacet
  facet normal  0.000000e+000  -0.000000e+000  1.000000e+000
    outer loop
      vertex  0.000000e+000  2.850000e+001  4.650000e+001
      vertex  5.000000e+000  2.200000e+001  4.650000e+001
      vertex  7.800000e+000  2.850000e+001  4.650000e+001
    endloop
  endfacet
  facet normal  0.000000e+000  0.000000e+000  1.000000e+000
    outer loop
      vertex  7.800000e+000  2.850000e+001  4.650000e+001
      vertex  5.000000e+000  2.200000e+001  4.650000e+001
      vertex  7.800000e+000  2.200000e+001  4.650000e+001
    endloop
  endfacet
  facet normal  0.000000e+000  1.000000e+000  0.000000e+000
    outer loop
      vertex  7.800000e+000  6.500000e+000  4.325000e+001
      vertex  5.000000e+000  6.500000e+000  4.325000e+001
      vertex  7.800000e+000  6.500000e+000  4.650000e+001
    endloop
  endfacet
  facet normal  0.000000e+000  1.000000e+000  0.000000e+000
    outer loop
      vertex  7.800000e+000  6.500000e+000  4.650000e+001
      vertex  5.000000e+000  6.500000e+000  4.325000e+001
      vertex  5.000000e+000  6.500000e+000  4.650000e+001
    endloop
  endfacet
  facet normal  0.000000e+000  0.000000e+000 -1.000000e+000
    outer loop
      vertex  7.800000e+000  0.000000e+000  4.000000e+001
      vertex  5.000000e+000  0.000000e+000  4.000000e+001
      vertex  7.800000e+000  3.250000e+000  4.000000e+001
    endloop
  endfacet
  facet normal  -0.000000e+000  0.000000e+000 -1.000000e+000
    outer loop
      vertex  7.800000e+000  3.250000e+000  4.000000e+001
      vertex  5.000000e+000  0.000000e+000  4.000000e+001
      vertex  5.000000e+000  3.250000e+000  4.000000e+001
    endloop
  endfacet
  facet normal  1.000000e+000  0.000000e+000  0.000000e+000
    outer loop
      vertex  5.000000e+000  6.287840e+000  4.209500e+001
      vertex  5.000000e+000  9.065397e+000  4.438071e+001
      vertex  5.000000e+000  6.500000e+000  4.325000e+001
    endloop
  endfacet
  facet normal  1.000000e+000  0.000000e+000  0.000000e+000
    outer loop
      vertex  5.000000e+000  2.200000e+001  4.325000e+001
      vertex  5.000000e+000  1.943460e+001  4.438071e+001
      vertex  5.000000e+000  2.221216e+001  4.209500e+001
    endloop
  endfacet
  facet normal  1.000000e+000  0.000000e+000  0.000000e+000
    outer loop
      vertex  5.000000e+000  6.500000e+000  4.650000e+001
      vertex  5.000000e+000  6.500000e+000  4.325000e+001
      vertex  5.000000e+000  9.065397e+000  4.438071e+001
    endloop
  endfacet
  facet normal  1.000000e+000  0.000000e+000  -0.000000e+000
    outer loop
      vertex  5.000000e+000  6.500000e+000  4.650000e+001
      vertex  5.000000e+000  9.065397e+000  4.438071e+001
      vertex  5.000000e+000  1.245144e+001  4.559481e+001
    endloop
  endfacet
  facet normal  1.000000e+000  0.000000e+000  -0.000000e+000
    outer loop
      vertex  5.000000e+000  6.500000e+000  4.650000e+001
      vertex  5.000000e+000  1.245144e+001  4.559481e+001
      vertex  5.000000e+000  2.200000e+001  4.650000e+001
    endloop
  endfacet
  facet normal  1.000000e+000  0.000000e+000  0.000000e+000
    outer loop
      vertex  5.000000e+000  2.200000e+001  4.650000e+001
      vertex  5.000000e+000  1.245144e+001  4.559481e+001
      vertex  5.000000e+000  1.604856e+001  4.559481e+001
    endloop
  endfacet
  facet normal  1.000000e+000  -0.000000e+000  0.000000e+000
    outer loop
      vertex  5.000000e+000  2.200000e+001  4.650000e+001
      vertex  5.000000e+000  1.604856e+001  4.559481e+001
      vertex  5.000000e+000  1.943460e+001  4.438071e+001
    endloop
  endfacet
  facet normal  1.000000e+000  -0.000000e+000  0.000000e+000
    outer loop
      vertex  5.000000e+000  2.200000e+001  4.650000e+001
      vertex  5.000000e+000  1.943460e+001  4.438071e+001
      vertex  5.000000e+000  2.200000e+001  4.325000e+001
    endloop
  endfacet
  facet normal -1.000000e+000  0.000000e+000  0.000000e+000
    outer loop
      vertex  5.000000e+000  5.758271e+000  4.142580e+001
      vertex  5.000000e+000  6.287840e+000  4.209500e+001
      vertex  5.000000e+000  5.284795e+000  4.071581e+001
    endloop
  endfacet
  facet normal -1.000000e+000  0.000000e+000  0.000000e+000
    outer loop
      vertex  5.000000e+000  5.284795e+000  4.071581e+001
      vertex  5.000000e+000  6.287840e+000  4.209500e+001
      vertex  5.000000e+000  5.878392e+000  4.133844e+001
    endloop
  endfacet
  facet normal  0.000000e+000  9.835446e-001 -1.806653e-001
    outer loop
      vertex  5.000000e+000  6.500000e+000  4.325000e+001
      vertex  7.800000e+000  6.500000e+000  4.325000e+001
      vertex  5.000000e+000  6.287840e+000  4.209500e+001
    endloop
  endfacet
  facet normal  3.355462e-002  9.653819e-001 -2.586734e-001
    outer loop
      vertex  5.000000e+000  6.287840e+000  4.209500e+001
      vertex  7.800000e+000  6.500000e+000  4.325000e+001
      vertex  7.800000e+000  6.064582e+000  4.162500e+001
    endloop
  endfacet
  facet normal -9.769610e-003  8.794214e-001 -4.759439e-001
    outer loop
      vertex  5.000000e+000  6.287840e+000  4.209500e+001
      vertex  7.800000e+000  6.064582e+000  4.162500e+001
      vertex  5.000000e+000  5.878392e+000  4.133844e+001
    endloop
  endfacet
  facet normal  2.248415e-002  7.235978e-001 -6.898555e-001
    outer loop
      vertex  5.000000e+000  5.878392e+000  4.133844e+001
      vertex  7.800000e+000  6.064582e+000  4.162500e+001
      vertex  5.000000e+000  5.284795e+000  4.071581e+001
    endloop
  endfacet
  facet normal  3.266098e-002  7.067297e-001 -7.067294e-001
    outer loop
      vertex  5.000000e+000  5.284795e+000  4.071581e+001
      vertex  7.800000e+000  6.064582e+000  4.162500e+001
      vertex  7.800000e+000  4.875000e+000  4.043542e+001
    endloop
  endfacet
  facet normal -4.584995e-002  3.315021e-001 -9.423397e-001
    outer loop
      vertex  5.000000e+000  5.284795e+000  4.071581e+001
      vertex  7.800000e+000  4.875000e+000  4.043542e+001
      vertex  5.000000e+000  3.250000e+000  4.000000e+001
    endloop
  endfacet
  facet normal  0.000000e+000  2.588189e-001 -9.659258e-001
    outer loop
      vertex  5.000000e+000  3.250000e+000  4.000000e+001
      vertex  7.800000e+000  4.875000e+000  4.043542e+001
      vertex  7.800000e+000  3.250000e+000  4.000000e+001
    endloop
  endfacet
  facet normal  3.160479e-002  4.791862e-001 -8.771440e-001
    outer loop
      vertex  5.000000e+000  9.065397e+000  4.438071e+001
      vertex  0.000000e+000  7.692408e+000  4.345049e+001
      vertex  0.000000e+000  1.089261e+001  4.519876e+001
    endloop
  endfacet
  facet normal -3.065105e-002  3.373619e-001 -9.408758e-001
    outer loop
      vertex  0.000000e+000  1.089261e+001  4.519876e+001
      vertex  5.000000e+000  1.245144e+001  4.559481e+001
      vertex  5.000000e+000  9.065397e+000  4.438071e+001
    endloop
  endfacet
  facet normal  3.141609e-002  1.502881e-001 -9.881429e-001
    outer loop
      vertex  5.000000e+000  1.245144e+001  4.559481e+001
      vertex  0.000000e+000  1.089261e+001  4.519876e+001
      vertex  0.000000e+000  1.449776e+001  4.574708e+001
    endloop
  endfacet
  facet normal -3.043862e-002  -0.000000e+000 -9.995367e-001
    outer loop
      vertex  0.000000e+000  1.449776e+001  4.574708e+001
      vertex  5.000000e+000  1.604856e+001  4.559481e+001
      vertex  5.000000e+000  1.245144e+001  4.559481e+001
    endloop
  endfacet
  facet normal  3.117915e-002 -1.967425e-001 -9.799592e-001
    outer loop
      vertex  5.000000e+000  1.604856e+001  4.559481e+001
      vertex  0.000000e+000  1.449776e+001  4.574708e+001
      vertex  0.000000e+000  1.807303e+001  4.502929e+001
    endloop
  endfacet
  facet normal -3.017785e-002 -3.373668e-001 -9.408894e-001
    outer loop
      vertex  0.000000e+000  1.807303e+001  4.502929e+001
      vertex  5.000000e+000  1.943460e+001  4.438071e+001
      vertex  5.000000e+000  1.604856e+001  4.559481e+001
    endloop
  endfacet
  facet normal  3.089439e-002 -5.200481e-001 -8.535780e-001
    outer loop
      vertex  5.000000e+000  1.943460e+001  4.438071e+001
      vertex  0.000000e+000  1.807303e+001  4.502929e+001
      vertex  0.000000e+000  2.118719e+001  4.313197e+001
    endloop
  endfacet
  facet normal -2.986881e-002 -6.351442e-001 -7.718158e-001
    outer loop
      vertex  5.000000e+000  1.943460e+001  4.438071e+001
      vertex  0.000000e+000  2.118719e+001  4.313197e+001
      vertex  5.000000e+000  2.221216e+001  4.209500e+001
    endloop
  endfacet
  facet normal -3.081588e-002  6.351260e-001 -7.717937e-001
    outer loop
      vertex  5.000000e+000  9.065397e+000  4.438071e+001
      vertex  5.000000e+000  6.287840e+000  4.209500e+001
      vertex  0.000000e+000  7.692408e+000  4.345049e+001
    endloop
  endfacet
  facet normal  6.757794e-002  8.068870e-001 -5.868275e-001
    outer loop
      vertex  0.000000e+000  7.692408e+000  4.345049e+001
      vertex  5.000000e+000  6.287840e+000  4.209500e+001
      vertex  5.000000e+000  5.284795e+000  4.071581e+001
    endloop
  endfacet
  facet normal  1.099693e-004  7.506634e-001 -6.606848e-001
    outer loop
      vertex  0.000000e+000  7.692408e+000  4.345049e+001
      vertex  5.000000e+000  5.284795e+000  4.071581e+001
      vertex  0.000000e+000  5.283147e+000  4.071311e+001
    endloop
  endfacet
  facet normal -1.098606e-004  9.312690e-001 -3.643324e-001
    outer loop
      vertex  0.000000e+000  5.283147e+000  4.071311e+001
      vertex  5.000000e+000  5.284795e+000  4.071581e+001
      vertex  5.000000e+000  3.955837e+000  3.731887e+001
    endloop
  endfacet
  facet normal  7.315165e-005  9.313604e-001 -3.640985e-001
    outer loop
      vertex  0.000000e+000  5.283147e+000  4.071311e+001
      vertex  5.000000e+000  3.955837e+000  3.731887e+001
      vertex  0.000000e+000  3.955422e+000  3.731680e+001
    endloop
  endfacet
  facet normal -7.326944e-005  9.997180e-001 -2.374734e-002
    outer loop
      vertex  0.000000e+000  3.955422e+000  3.731680e+001
      vertex  5.000000e+000  3.955837e+000  3.731887e+001
      vertex  5.000000e+000  3.869215e+000  3.367225e+001
    endloop
  endfacet
  facet normal  3.666327e-005  9.997215e-001 -2.359661e-002
    outer loop
      vertex  0.000000e+000  3.955422e+000  3.731680e+001
      vertex  5.000000e+000  3.869215e+000  3.367225e+001
      vertex  0.000000e+000  3.869374e+000  3.367120e+001
    endloop
  endfacet
  facet normal -3.649806e-005  9.475176e-001  3.197038e-001
    outer loop
      vertex  0.000000e+000  3.869374e+000  3.367120e+001
      vertex  5.000000e+000  3.869215e+000  3.367225e+001
      vertex  5.000000e+000  5.035383e+000  3.021603e+001
    endloop
  endfacet
  facet normal  0.000000e+000  9.475015e-001  3.197512e-001
    outer loop
      vertex  0.000000e+000  3.869374e+000  3.367120e+001
      vertex  5.000000e+000  5.035383e+000  3.021603e+001
      vertex -8.326673e-017  5.035383e+000  3.021603e+001
    endloop
  endfacet
  facet normal  0.000000e+000 -8.659490e-001 -5.001323e-001
    outer loop
      vertex  5.000000e+000  2.346462e+001  4.028397e+001
      vertex  5.000000e+000  2.321520e+001  4.071581e+001
      vertex -8.326673e-017  2.346462e+001  4.028397e+001
    endloop
  endfacet
  facet normal  1.045722e-002 -8.086917e-001 -5.881398e-001
    outer loop
      vertex -8.326673e-017  2.346462e+001  4.028397e+001
      vertex  5.000000e+000  2.321520e+001  4.071581e+001
      vertex  5.000000e+000  2.221216e+001  4.209500e+001
    endloop
  endfacet
  facet normal  3.056168e-002 -7.806336e-001 -6.242413e-001
    outer loop
      vertex -8.326673e-017  2.346462e+001  4.028397e+001
      vertex  5.000000e+000  2.221216e+001  4.209500e+001
      vertex  0.000000e+000  2.118719e+001  4.313197e+001
    endloop
  endfacet
  facet normal  -0.000000e+000  0.000000e+000  1.000000e+000
    outer loop
      vertex  7.800000e+000  3.250000e+000  6.500000e+000
      vertex  5.000000e+000  3.250000e+000  6.500000e+000
      vertex  7.800000e+000  8.881784e-016  6.500000e+000
    endloop
  endfacet
  facet normal  0.000000e+000  0.000000e+000  1.000000e+000
    outer loop
      vertex  7.800000e+000  8.881784e-016  6.500000e+000
      vertex  5.000000e+000  3.250000e+000  6.500000e+000
      vertex  5.000000e+000  0.000000e+000  6.500000e+000
    endloop
  endfacet
  facet normal  0.000000e+000  2.588192e-001  9.659258e-001
    outer loop
      vertex  5.000000e+000  3.250000e+000  6.500000e+000
      vertex  7.800000e+000  3.250000e+000  6.500000e+000
      vertex  5.000000e+000  4.875000e+000  6.064582e+000
    endloop
  endfacet
  facet normal  -0.000000e+000  2.588192e-001  9.659258e-001
    outer loop
      vertex  5.000000e+000  4.875000e+000  6.064582e+000
      vertex  7.800000e+000  3.250000e+000  6.500000e+000
      vertex  7.800000e+000  4.875000e+000  6.064582e+000
    endloop
  endfacet
  facet normal  0.000000e+000  7.071068e-001  7.071068e-001
    outer loop
      vertex  5.000000e+000  4.875000e+000  6.064582e+000
      vertex  7.800000e+000  4.875000e+000  6.064582e+000
      vertex  5.000000e+000  6.064582e+000  4.875000e+000
    endloop
  endfacet
  facet normal  -0.000000e+000  7.071068e-001  7.071068e-001
    outer loop
      vertex  5.000000e+000  6.064582e+000  4.875000e+000
      vertex  7.800000e+000  4.875000e+000  6.064582e+000
      vertex  7.800000e+000  6.064582e+000  4.875000e+000
    endloop
  endfacet
  facet normal  0.000000e+000  9.659258e-001  2.588192e-001
    outer loop
      vertex  5.000000e+000  6.064582e+000  4.875000e+000
      vertex  7.800000e+000  6.064582e+000  4.875000e+000
      vertex  5.000000e+000  6.500000e+000  3.250000e+000
    endloop
  endfacet
  facet normal  -0.000000e+000  9.659258e-001  2.588192e-001
    outer loop
      vertex  5.000000e+000  6.500000e+000  3.250000e+000
      vertex  7.800000e+000  6.064582e+000  4.875000e+000
      vertex  7.800000e+000  6.500000e+000  3.250000e+000
    endloop
  endfacet
  facet normal  -0.000000e+000  0.000000e+000  1.000000e+000
    outer loop
      vertex  7.800000e+000  2.850000e+001  6.500000e+000
      vertex  5.000000e+000  2.850000e+001  6.500000e+000
      vertex  7.800000e+000  2.525000e+001  6.500000e+000
    endloop
  endfacet
  facet normal  0.000000e+000  0.000000e+000  1.000000e+000
    outer loop
      vertex  7.800000e+000  2.525000e+001  6.500000e+000
      vertex  5.000000e+000  2.850000e+001  6.500000e+000
      vertex  5.000000e+000  2.525000e+001  6.500000e+000
    endloop
  endfacet
  facet normal  0.000000e+000 -9.659258e-001  2.588189e-001
    outer loop
      vertex  5.000000e+000  2.200000e+001  3.250000e+000
      vertex  7.800000e+000  2.200000e+001  3.250000e+000
      vertex  5.000000e+000  2.243542e+001  4.875000e+000
    endloop
  endfacet
  facet normal  0.000000e+000 -9.659258e-001  2.588189e-001
    outer loop
      vertex  5.000000e+000  2.243542e+001  4.875000e+000
      vertex  7.800000e+000  2.200000e+001  3.250000e+000
      vertex  7.800000e+000  2.243542e+001  4.875000e+000
    endloop
  endfacet
  facet normal  0.000000e+000 -7.071066e-001  7.071069e-001
    outer loop
      vertex  5.000000e+000  2.243542e+001  4.875000e+000
      vertex  7.800000e+000  2.243542e+001  4.875000e+000
      vertex  5.000000e+000  2.362500e+001  6.064582e+000
    endloop
  endfacet
  facet normal  0.000000e+000 -7.071066e-001  7.071069e-001
    outer loop
      vertex  5.000000e+000  2.362500e+001  6.064582e+000
      vertex  7.800000e+000  2.243542e+001  4.875000e+000
      vertex  7.800000e+000  2.362500e+001  6.064582e+000
    endloop
  endfacet
  facet normal  0.000000e+000 -2.588192e-001  9.659258e-001
    outer loop
      vertex  5.000000e+000  2.362500e+001  6.064582e+000
      vertex  7.800000e+000  2.362500e+001  6.064582e+000
      vertex  5.000000e+000  2.525000e+001  6.500000e+000
    endloop
  endfacet
  facet normal  0.000000e+000 -2.588192e-001  9.659258e-001
    outer loop
      vertex  5.000000e+000  2.525000e+001  6.500000e+000
      vertex  7.800000e+000  2.362500e+001  6.064582e+000
      vertex  7.800000e+000  2.525000e+001  6.500000e+000
    endloop
  endfacet
  facet normal  0.000000e+000  0.000000e+000 -1.000000e+000
    outer loop
      vertex  7.800000e+000  2.525000e+001  4.000000e+001
      vertex  5.000000e+000  2.525000e+001  4.000000e+001
      vertex  7.800000e+000  2.850000e+001  4.000000e+001
    endloop
  endfacet
  facet normal  -0.000000e+000  0.000000e+000 -1.000000e+000
    outer loop
      vertex  7.800000e+000  2.850000e+001  4.000000e+001
      vertex  5.000000e+000  2.525000e+001  4.000000e+001
      vertex  5.000000e+000  2.850000e+001  4.000000e+001
    endloop
  endfacet
  facet normal  0.000000e+000 -1.000000e+000  -0.000000e+000
    outer loop
      vertex  7.800000e+000  2.200000e+001  4.325000e+001
      vertex  7.800000e+000  2.200000e+001  4.650000e+001
      vertex  5.000000e+000  2.200000e+001  4.325000e+001
    endloop
  endfacet
  facet normal  0.000000e+000 -1.000000e+000  0.000000e+000
    outer loop
      vertex  5.000000e+000  2.200000e+001  4.325000e+001
      vertex  7.800000e+000  2.200000e+001  4.650000e+001
      vertex  5.000000e+000  2.200000e+001  4.650000e+001
    endloop
  endfacet
  facet normal -1.000000e+000  0.000000e+000  0.000000e+000
    outer loop
      vertex  5.000000e+000  2.262161e+001  4.133844e+001
      vertex  5.000000e+000  2.221216e+001  4.209500e+001
      vertex  5.000000e+000  2.321520e+001  4.071581e+001
    endloop
  endfacet
  facet normal -1.000000e+000  0.000000e+000  0.000000e+000
    outer loop
      vertex  5.000000e+000  2.321520e+001  4.071581e+001
      vertex  5.000000e+000  2.221216e+001  4.209500e+001
      vertex  5.000000e+000  2.274173e+001  4.142580e+001
    endloop
  endfacet
  facet normal  -0.000000e+000 -3.318509e-001 -9.433318e-001
    outer loop
      vertex  5.000000e+000  2.525000e+001  4.000000e+001
      vertex  7.800000e+000  2.525000e+001  4.000000e+001
      vertex  5.000000e+000  2.321520e+001  4.071581e+001
    endloop
  endfacet
  facet normal -5.874776e-002 -2.583718e-001 -9.642575e-001
    outer loop
      vertex  5.000000e+000  2.321520e+001  4.071581e+001
      vertex  7.800000e+000  2.525000e+001  4.000000e+001
      vertex  7.800000e+000  2.362500e+001  4.043542e+001
    endloop
  endfacet
  facet normal  3.680390e-002 -7.232901e-001 -6.895627e-001
    outer loop
      vertex  5.000000e+000  2.321520e+001  4.071581e+001
      vertex  7.800000e+000  2.362500e+001  4.043542e+001
      vertex  5.000000e+000  2.262161e+001  4.133844e+001
    endloop
  endfacet
  facet normal  2.533825e-002 -7.068797e-001 -7.068798e-001
    outer loop
      vertex  5.000000e+000  2.262161e+001  4.133844e+001
      vertex  7.800000e+000  2.362500e+001  4.043542e+001
      vertex  7.800000e+000  2.243542e+001  4.162500e+001
    endloop
  endfacet
  facet normal -9.769578e-003 -8.794219e-001 -4.759429e-001
    outer loop
      vertex  5.000000e+000  2.262161e+001  4.133844e+001
      vertex  7.800000e+000  2.243542e+001  4.162500e+001
      vertex  5.000000e+000  2.221216e+001  4.209500e+001
    endloop
  endfacet
  facet normal  3.355451e-002 -9.653820e-001 -2.586732e-001
    outer loop
      vertex  5.000000e+000  2.221216e+001  4.209500e+001
      vertex  7.800000e+000  2.243542e+001  4.162500e+001
      vertex  7.800000e+000  2.200000e+001  4.325000e+001
    endloop
  endfacet
  facet normal  -0.000000e+000 -9.835446e-001 -1.806653e-001
    outer loop
      vertex  5.000000e+000  2.221216e+001  4.209500e+001
      vertex  7.800000e+000  2.200000e+001  4.325000e+001
      vertex  5.000000e+000  2.200000e+001  4.325000e+001
    endloop
  endfacet
  facet normal  0.000000e+000 -7.506638e-001  6.606845e-001
    outer loop
      vertex  0.000000e+000  2.080759e+001  2.704951e+001
      vertex  5.000000e+000  2.321685e+001  2.978689e+001
      vertex  0.000000e+000  2.321685e+001  2.978689e+001
    endloop
  endfacet
  facet normal  0.000000e+000 -9.313604e-001  3.640987e-001
    outer loop
      vertex  0.000000e+000  2.321685e+001  2.978689e+001
      vertex  5.000000e+000  2.321685e+001  2.978689e+001
      vertex  5.000000e+000  2.454458e+001  3.318320e+001
    endloop
  endfacet
  facet normal  0.000000e+000 -9.313604e-001  3.640987e-001
    outer loop
      vertex  0.000000e+000  2.321685e+001  2.978689e+001
      vertex  5.000000e+000  2.454458e+001  3.318320e+001
      vertex  0.000000e+000  2.454458e+001  3.318320e+001
    endloop
  endfacet
  facet normal  0.000000e+000 -9.997215e-001  2.359674e-002
    outer loop
      vertex  0.000000e+000  2.454458e+001  3.318320e+001
      vertex  5.000000e+000  2.454458e+001  3.318320e+001
      vertex  5.000000e+000  2.463063e+001  3.682880e+001
    endloop
  endfacet
  facet normal  0.000000e+000 -9.997215e-001  2.359674e-002
    outer loop
      vertex  0.000000e+000  2.454458e+001  3.318320e+001
      vertex  5.000000e+000  2.463063e+001  3.682880e+001
      vertex  0.000000e+000  2.463063e+001  3.682880e+001
    endloop
  endfacet
  facet normal  0.000000e+000 -9.475015e-001 -3.197513e-001
    outer loop
      vertex  0.000000e+000  2.463063e+001  3.682880e+001
      vertex  5.000000e+000  2.463063e+001  3.682880e+001
      vertex  5.000000e+000  2.346462e+001  4.028397e+001
    endloop
  endfacet
  facet normal  -0.000000e+000 -9.475015e-001 -3.197513e-001
    outer loop
      vertex  0.000000e+000  2.463063e+001  3.682880e+001
      vertex  5.000000e+000  2.346462e+001  4.028397e+001
      vertex -8.326673e-017  2.346462e+001  4.028397e+001
    endloop
  endfacet
  facet normal  0.000000e+000 -7.506638e-001  6.606845e-001
    outer loop
      vertex  5.000000e+000  2.321685e+001  2.978689e+001
      vertex  0.000000e+000  2.080759e+001  2.704951e+001
      vertex  5.000000e+000  2.080759e+001  2.704951e+001
    endloop
  endfacet
  facet normal  0.000000e+000 -4.794253e-001  8.775827e-001
    outer loop
      vertex  5.000000e+000  2.080759e+001  2.704951e+001
      vertex  0.000000e+000  2.080759e+001  2.704951e+001
      vertex  0.000000e+000  1.760739e+001  2.530124e+001
    endloop
  endfacet
  facet normal  0.000000e+000 -4.794253e-001  8.775827e-001
    outer loop
      vertex  5.000000e+000  2.080759e+001  2.704951e+001
      vertex  0.000000e+000  1.760739e+001  2.530124e+001
      vertex  5.000000e+000  1.760739e+001  2.530124e+001
    endloop
  endfacet
  facet normal  0.000000e+000 -1.503618e-001  9.886310e-001
    outer loop
      vertex  5.000000e+000  1.760739e+001  2.530124e+001
      vertex  0.000000e+000  1.760739e+001  2.530124e+001
      vertex  0.000000e+000  1.400224e+001  2.475292e+001
    endloop
  endfacet
  facet normal  0.000000e+000 -1.503618e-001  9.886310e-001
    outer loop
      vertex  5.000000e+000  1.760739e+001  2.530124e+001
      vertex  0.000000e+000  1.400224e+001  2.475292e+001
      vertex  5.000000e+000  1.400224e+001  2.475292e+001
    endloop
  endfacet
  facet normal  0.000000e+000  1.968377e-001  9.804360e-001
    outer loop
      vertex  5.000000e+000  1.400224e+001  2.475292e+001
      vertex  0.000000e+000  1.400224e+001  2.475292e+001
      vertex  0.000000e+000  1.042697e+001  2.547071e+001
    endloop
  endfacet
  facet normal  -0.000000e+000  1.968377e-001  9.804360e-001
    outer loop
      vertex  5.000000e+000  1.400224e+001  2.475292e+001
      vertex  0.000000e+000  1.042697e+001  2.547071e+001
      vertex  5.000000e+000  1.042697e+001  2.547071e+001
    endloop
  endfacet
  facet normal  0.000000e+000  5.202960e-001  8.539860e-001
    outer loop
      vertex  5.000000e+000  1.042697e+001  2.547071e+001
      vertex  0.000000e+000  1.042697e+001  2.547071e+001
      vertex  0.000000e+000  7.312811e+000  2.736803e+001
    endloop
  endfacet
  facet normal  -0.000000e+000  5.202960e-001  8.539860e-001
    outer loop
      vertex  5.000000e+000  1.042697e+001  2.547071e+001
      vertex  0.000000e+000  7.312811e+000  2.736803e+001
      vertex  5.000000e+000  7.312811e+000  2.736803e+001
    endloop
  endfacet
  facet normal  0.000000e+000  7.809989e-001  6.245325e-001
    outer loop
      vertex  5.000000e+000  7.312811e+000  2.736803e+001
      vertex  0.000000e+000  7.312811e+000  2.736803e+001
      vertex -8.326673e-017  5.035383e+000  3.021603e+001
    endloop
  endfacet
  facet normal  -0.000000e+000  7.809989e-001  6.245325e-001
    outer loop
      vertex  5.000000e+000  7.312811e+000  2.736803e+001
      vertex -8.326673e-017  5.035383e+000  3.021603e+001
      vertex  5.000000e+000  5.035383e+000  3.021603e+001
    endloop
  endfacet
endsolid CATIA STL
